:020000040000FA
:10000000684F0020895D0000F36D0000755D000001
:10001000755D0000755D0000755D0000755D000098
:10002000000000000000000000000000E95D00008A
:10003000755D000000000000755D0000755D00004A
:1000400031070000310700003107000031070000D0
:1000500031070000310700003107000031070000C0
:1000600031070000310700003107000031070000B0
:1000700031070000310700003107000031070000A0
:100080003107000031070000310700003107000090
:100090003107000031070000310700003107000080
:1000A0003107000031070000310700003107000070
:1000B0003107000031070000310700003107000060
:1000C0003107000031070000310700003107000050
:1000D0003107000031070000310700003107000040
:1000E0003107000031070000310700003107000030
:1000F0003107000031070000310700003107000020
:10010000310700003107000031070000310700000F
:1001100031070000310700003107000031070000FF
:1001200031070000310700003107000031070000EF
:1001300031070000310700003107000031070000DF
:1001400031070000310700003107000031070000CF
:1001500031070000310700003107000031070000BF
:10016000BD19000031070000310700003107000011
:10017000310700003107000031070000310700009F
:10018000310700003107000031070000310700008F
:10019000310700003107000031070000310700007F
:1001A000310700003107000031070000310700006F
:1001B000310700003107000031070000310700005F
:1001C000310700003107000031070000310700004F
:1001D000310700003107000031070000310700003F
:1001E000310700003107000031070000310700002F
:1001F000310700003107000031070000310700001F
:10020000310700003107000031070000310700000E
:1002100031070000310700003107000031070000FE
:1002200031070000310700003107000031070000EE
:1002300031070000310700003107000031070000DE
:1002400031070000310700003107000031070000CE
:1002500031070000310700003107000031070000BE
:1002600031070000310700003107000031070000AE
:10027000310700003107000031070000310700009E
:10028000310700003107000031070000310700008E
:10029000310700003107000031070000310700007E
:1002A000310700003107000031070000310700006E
:1002B000310700003107000031070000310700005E
:1002C000310700003107000031070000310700004E
:1002D000310700003107000031070000310700003E
:1002E000310700003107000031070000310700002E
:1002F000310700003107000031070000310700001E
:10030000310700003107000031070000310700000D
:1003100031070000310700003107000031070000FD
:1003200031070000310700003107000031070000ED
:1003300031070000310700003107000031070000DD
:1003400031070000310700003107000031070000CD
:1003500031070000310700003107000031070000BD
:1003600031070000310700003107000031070000AD
:10037000310700003107000031070000310700009D
:10038000310700003107000031070000310700008D
:10039000310700003107000031070000310700007D
:1003A000310700003107000031070000310700006D
:1003B000310700003107000031070000310700005D
:1003C000310700003107000031070000310700004D
:1003D000310700003107000031070000310700003D
:1003E000310700003107000031070000310700002D
:1003F000310700003107000031070000310700001D
:10040000310700003107000031070000310700000C
:1004100031070000310700003107000031070000FC
:1004200031070000310700003107000031070000EC
:1004300031070000310700003107000031070000DC
:1004400031070000310700003107000031070000CC
:1004500031070000310700003107000031070000BC
:1004600031070000310700003107000031070000AC
:10047000310700003107000031070000014B1B6805
:10048000184700BF300200202DE9F047058B0446D5
:100490002807904612D4022905F0070540F0CD80C8
:1004A000204605F0FCFE80B10138218B042800F2C3
:1004B0009F80DFE800F0C29D657D8D0001290CBFA3
:1004C00045F0100545F02005258388F31188BFF31A
:1004D0006F8FBDE8F08701F007035A1F012A1CD86F
:1004E000002221F00701062B276889B2C4E9002207
:1004F00009D13B4603E0628B013262831B68002B0B
:10050000F9D141F002012046218305F0C8FE002800
:1005100000F0A18041F020019CE0042B0AD121F0E1
:10052000070189B22046218305F0B9FE10B141F0E0
:1005300020012183218B01F0070AAA4575D00027ED
:10054000B946A368002B00F08E8041F0080121839A
:1005500088F31188BFF36F8FA168002900F08C80A9
:100560000D68002900F08880334652462046D1F8B5
:100570000480C047002D48D02B6829461D46F0E76F
:10058000236921F0070141F00601062DD3F8009000
:10059000218335D1B9F1000F47D041F00801218303
:1005A00088F31188BFF36F8F20463D49C84731E07B
:1005B00021F00701236941F0040189B2042DD3F829
:1005C00004902183E6D000274FF0040A3E46B8E7A6
:1005D00021F00701236941F0050189B2052DD3F807
:1005E00008902183D6D000274FF0050A3E46A8E7A1
:1005F00001F0070AAA4518D00027B9463E46A0E7F1
:1006000000274FF0060A3E469BE72B46B5E7B9F1B7
:10061000000FC9D1EFF31188202383F31288BFF3B1
:100620006F8F238B23F008032383258BEA062ED5B7
:1006300025F01003238305F007056669218B002E42
:10064000BFF649AF00232768C4E9003321F0070152
:1006500041F001012183218B4FF0000901F0070ACD
:10066000AA457FF46EAF002F94D041F0080121839A
:1006700088F31188BFF36F8F002FC8D03D683946CB
:1006800033465246204605F0F8FD2F46F4E7AB0608
:100690007FF51BAF25F02003238305F00705FFE658
:1006A000D7620000002318460649D1F89020C2F313
:1006B0000722934200DB7047C1F89830C1F8A000D0
:1006C0000133F6E700ED00E0002807DB01234109D4
:1006D000034A00F01F00834042F82130704700BFFA
:1006E00000E100E000280CDB01220649430900F08C
:1006F0001F008240203341F82320BFF34F8FBFF308
:100700006F8F704700E100E00028ACBF00F160404F
:10071000064B4FEA4111C9B2ABBF00F5614000F092
:100720000F0080F800131954704700BF14ED00E06B
:10073000EFF30583034A103B02EBC301496852F80B
:10074000330008474895000030B5104CD4F890307D
:10075000C3F30723013B984215D80D7A0B6805F0C7
:100760001F0223F01F031A43CB686D0923F01F03F8
:1007700043EA450343F00103C4F89800C4F89C2001
:10078000C4F8A03030BD6FF01500FBE700ED00E0CD
:1007900048B1054B054A1B68B3FBF2F35843044BC1
:1007A00043F00103184770472C02002040420F001D
:1007B000C0750000244B254A4FF47A611A6001226B
:1007C000234B2448C3F80424D0F82436C3F308028A
:1007D000C3F309434B4382F480721F49883201FB03
:1007E00002334FF4FA215B00B3FBF1F201FB123349
:1007F0001A49B3F57A3F28BF0132C1F80429D0F86D
:1008000020364FF47A60C3F30802C3F3094343432D
:1008100042F21C5082F4807202F2172200FB023373
:100820004FF47A701B0AB3FBF0F200FB1233B3F5FE
:10083000FA7F4FF0010328BF0132C1F81C270020C6
:10084000C1F80036704700BF2C0200200020A1072D
:10085000002008E000C0FF00F82A008000001250CD
:10086000084B70B5C31A0D4607499B1004465943FF
:100870004022064805F0BEFD2B4601462046BDE855
:1008800070401847C01D0020B76DDBB6247400000F
:10089000402373B50B4C0093041B0B460D460A49CD
:1008A000A41061430646094A094805F0CEFD011E21
:1008B00005DA30462B4602B0BDE87040184702B05A
:1008C00070BD00BFC01D0020B76DDBB6B96400006D
:1008D00024740000014B1B68184700BFB01D0020A6
:1008E00070B50221044640F20510FFF70DFF1E4BC4
:1008F0001A7912B16FF0040070BD01211B4A197101
:100900001A601B4B1A79002AF4D11A4A19711A601D
:10091000194B1A79002AEDD118485A7118601971CB
:10092000174BC3F84024174B1B6A9B0603D440F2B5
:100930000510FFF7C9FE236993B11C220021184658
:1009400006F0FDFC01251C220F4E0564066124699A
:100950000021A01806F0F3FC0020E662E564CBE776
:100960006FF01500C8E700BFB01D0020156900003A
:10097000B81D0020D5080000141E0020CB64000024
:1009800000E0105000E100E0248B00000A2810B5C0
:10099000044603D10D21044800F036F90248E1B2C3
:1009A00000F032F9204610BDC47400000023024A52
:1009B0000020C1E90023704700501600004870472E
:1009C0001C8B0000024B0B6001231360704700BFBB
:1009D000148B0000024B034A0020C3F80C2570471B
:1009E00000B0045080000080036803F01F025F2BFA
:1009F00002604FEA53129ABF024B53F822000020C4
:100A0000704700BF088B00004209022A034670B5F8
:100A100003D0012A18D0CAB170BD0E4E3269516898
:100A20000029F9D0012503F01F030C689D4000291F
:100A3000F2D08A682A4002D030464B6898473CB1D1
:100A4000236821461C46F2E7034EE7E7034EE5E73D
:100A50002346F6E7647400004474000084740000C8
:100A60002DE9F04F4368027A85B003EBC2029A4247
:100A700004D86FF0010005B0BDE8F08F5C798C42BE
:100A800000F0B1800833F2E7DBF80020C2F3C323A3
:100A9000082BC2F3080100F2A380514508BF4FF0B4
:100AA000FF31B2F1D05F19F803604FEA126310D240
:100AB000192B12D8DFE803F0142268652933651179
:100AC00011111111111111111111111111116B7657
:100AD000797C382B6FD04E2B56D06FF08500CAE74B
:100AE000C5F80416481C14D0012403A80391FFF78D
:100AF0007BFF039B04FA03F3436004E0C5F80C1684
:100B00004A1C06D00024224617E04B1CC5F80016EC
:100B100064D10BF1040B5F45B6D10020ABE74C1C50
:100B2000C5F80416F5D0012403A80391FFF75CFF74
:100B30000122039B02FA03F38360DBF80030039188
:100B400003F40040002818BF002203A818BF0124A6
:100B500001930092FFF748FF0399019B00EB81008E
:100B6000D0F88010C3F3412C009A330243EA8C037F
:100B7000134301EA08010B4343EA4403C0F8803001
:100B8000C7E7C5F80816BBE7C5F81016AAE7C5F809
:100B900060154A1CDBF80030BBD0C3F30043002BC8
:100BA000C1D0A1E7C5F86415F3E7C5F86815F0E70B
:100BB000C5F86C15EDE703A80391FFF715FF039B3C
:100BC00000EB8300D0F8803023F0E04343F0804313
:100BD000C0F880304B1C9CD0012494E70024A3E78C
:100BE0006FF0150047E7D3F800B01F7940F2FF1A05
:100BF0000568DFF80C90DFF80C800BEB87078AE7BD
:100C000016950000F0F0FCFF2DE9F04104460D467A
:100C10004768EFF3058383B9254B1B786BB14FF021
:100C20002008642663681B68D3F830316BBB012051
:100C3000FFF7AEFD013EF5D1F3E72021EFF311837D
:100C40001A4681F31288BFF36F8F60680068D0F88E
:100C5000300120B983F31188BFF36F8FEEE77B6A11
:100C600000201D706368796A1B68C3F83C17012176
:100C7000C3F84017C3F83001D3F83001196582F387
:100C80001188BFF36F8FBDE8F081EFF311831A462F
:100C900088F31288BFF36F8F61680968D1F830114B
:100CA0000029DCD183F31188BFF36F8FB9E700BF50
:100CB000642700202DE9F84F884D894FD5E900645D
:100CC000911B63EB0400490941EAC06148018019A6
:100CD00044EBD164C7E90023C5E9000400230024E4
:100CE000804AC2E90034EFF31182202383F3128893
:100CF000BFF36F8F7C4EDFF8F4913068DFF8F0813E
:100D0000B04208BF0020C9F800109646D8E900217B
:100D1000D9F80030A8B3D0E9044B4FEAE37CA342F2
:100D20007CEB0B0A05DAE41A6BEB0C0BC0E9044B05
:100D300027E0A21841EBE4710023C8E9002100225A
:100D4000C0E90423D0E9003213605A600023C0E9EF
:100D500000338EF31188BFF36F8F83689847EFF3EA
:100D6000118E202383F31288BFF36F8FD9F80030E0
:100D700030681B1BB0427246C9F80030C5D1D8E9B3
:100D800000219A1841EBE373C8E900230023C9F856
:100D90000030584B584C1B7AD6F80080E21892F875
:100DA00054C0D7E900A9554FB045D7E900100CF160
:100DB0000C0638D0B8F1000F35D0D8E90428B2F1CC
:100DC000004F78F1000B2EDAB8F1000FB8BF002207
:100DD000814508BF8A45904627D1B2F1806F24DA59
:100DE0005201012A38BF0122511840F10000C7E921
:100DF000001004EBC60554F8361068681B0189180A
:100E000003F1A04340F1000042F0004203F56223E9
:100E100044F836106860C3F828258EF31188BFF3B4
:100E20006F8FBDE8F88F6FF00048D5E9002ADFF832
:100E3000B4904FF0200BD9E9005952194AEB090A36
:100E40001546D146C8FB0B59A94270EB0908C7E902
:100E500000591BB2C9F313070FD304EBC60244F8C1
:100E60003650C2F804901B0103F1A04303F562233E
:100E7000C3F82055C3F82475CFE7891A0CF10C0C80
:100E800060EB0A00C82904EBCC0670F1000044F8BE
:100E90003C50C6F80490E6DA1A0102F1A04202F5CD
:100EA0006222C2F82055C2F82475154A9B001A44E4
:100EB0001368002BB1D04FF0FF346FF04043114E58
:100EC000D6E90001844273EB0107F9D3A84271EB24
:100ED0000909A2D2002313609FE700BFD8020020B7
:100EE000D0020020C802002010020020AC1D00200B
:100EF000C00200201802002080000020B80200205C
:100F000000210E5040270E50F0B585B06E46816826
:100F10000546103921F00F0405F023FA32460A4B3A
:100F200003F1100C374618685968083303C7634546
:100F30003E46F7D110232146284605F0FCF900383B
:100F400018BF012005B0F0BD0E8D0000064BD3F890
:100F500040231C2A05D1D3F84403431E584258416C
:100F600070470020704700BF00C0FF0003689A0769
:100F70000CD50368DB070DD50922074BC3F80C25F8
:100F80000F22C3F8042501221A60FEE7034B036019
:100F9000EF3B0360704700BF00801050F000FA5034
:100FA00038B504230A4C42F21075C4F80833012303
:100FB00063610023C4F80831D4F80831D4F84C3404
:100FC000DB0304D50120FFF7E3FB013DF6D138BD7B
:100FD00000E0105010B51B4B1B4CD3F84C14D3F849
:100FE0004C2411F4803F14D0900701D0FFF7D8FFB4
:100FF0000022144BC3F84024C3F80821D3F8082179
:1010000001221A61226872B9D3F80821002AFBD0A4
:1010100011E0D3F84824D107EAD5D3F85024920739
:10102000E4D122681AB10422C3F8042310BDD3F816
:101030000821002AFBD00022C3F80821D3F8083188
:10104000F4E700BF00E01050141E0020034A4309DB
:10105000D35C00F01F001844C0B270470695000032
:10106000F0B50646002487B0114F019117F8012B07
:1010700006AB03EBD20313F8143C02F00702D34093
:1010800013F0010306D10134032CEFD100231846DD
:1010900007B0F0BD074A03AD07CA85E8070055F859
:1010A00024100A6A46F824200A62002AEBD0EEE7F0
:1010B0001F950000807500000123044A03FA00F028
:1010C000936823EA00039360704700BF800000200C
:1010D000124B70B553F82050013053F82060AE42E7
:1010E00000D870BD6C68B4B1237FDB0711D463698D
:1010F00053B12046984738B10028B8BF4042FF2876
:10110000A8BFFF20E3681870E268537843F001033A
:1011100053700835E3E72B689847FAE7E08A000048
:1011200001680E4A0346914215D1C169A2F110220D
:10113000A2F1EF1291420ED18268012A0BD8C26847
:1011400012B101698A4206D0586928B19B691B1AFD
:101150005842584170470120704700BF55AA00FF10
:1011600070B50D4B9E68A6B13046FFF7D9FF044617
:1011700078B9F3686BB935690DB9204670BD28465A
:10118000FFF7CEFF28B9EB68B34202D12E462D6996
:10119000F2E70124F1E700BF841D002010B5034BE6
:1011A0000A461B6800210446984710BD040200202F
:1011B00010B5044610B109B1FFF7F0FF024B20460D
:1011C000BDE810401B6818470802002070B5446A4B
:1011D00005460E4644B9074B01201B6898476862D4
:1011E00028B12046AE6270BD6FF08A00FBE76FF059
:1011F0008C00F8E70C0200200022074BC3F81021F6
:10120000C3F80C21C3F80021C3F80421C3F8082156
:10121000C3F81421704700BF00500450C36870B574
:101220007BB9C36900F128021A60C369454A9A6014
:101230004368C269DB6843F48063D360C3691033D9
:10124000C361836A9B052FD40368C268DD6800F11F
:10125000EC04302D34BF082610261D6901366B1EA4
:101260001340EB1AB34238BF5B191C44D50004F895
:10127000015C03F1EB045209044400F1ED05A542C1
:101280005CD1802280F8EC20426AC469C4322260BA
:10129000C26993604468C269E468D460C26910326C
:1012A000C26102691A4402610269C469D31C23F055
:1012B00003039B1A54F8042C42EA032244F8042C3A
:1012C000C26952F8084C234443F0005342F8083CEA
:1012D000026A0368DB6811600168026AC968033347
:1012E0009160026A23F0030302F1100101620168B8
:1012F000C96899420BD0002111610168026AC9686E
:101300005B1A43F080439360036A10330362836A7D
:1013100013F4806311D102685169D26891420CD0F4
:10132000026A13600268016A5369D2689B1A43F02B
:1013300080438B60036A1033036270BD04F8012D93
:10134000120A9CE704000020144B4FF0010C1A68AD
:1013500008209169C3E919C0C1F30B02482A5A65F4
:1013600028BF482211F4003F9A6508BF0022DA65C1
:1013700011F4803208BFC3E9152201F47002B2F5FE
:10138000700F14BF00229A6D00299A65BCBF00221D
:10139000C3E9192201221A65704700BF2407002003
:1013A00038B5054644680121E068FFF759FB6B68D2
:1013B00019686369C1F82435E28BA38BA07E1343BF
:1013C000228C1343628C1343627E9BB20243207EC5
:1013D00002431343C1F86C3569680B68D3F80022E7
:1013E00042F48022C3F800220822C3F800254A6A8A
:1013F0000121C3F83C270022C3F840271965D3F820
:1014000030110029FBD0C3F800252846BDE838403C
:10141000014905F05CB800BFC76500000C22104B05
:10142000014602FB0033002030B4D3E90E5298632A
:10143000EFF31180202484F31288BFF36F8F1C6CAC
:1014400004F0C00444F002041C6480F31188BFF36C
:101450006F8F1DB12B4630BC0248184730BC704717
:10146000C01D002024740000154B9A6A12F0007F02
:101470009A6A14BF1E201D2012F0807F9A6A18BF3E
:101480001F2012F4801F9A6A18BF022012F4002F46
:101490009A6A18BF212012F4802F9A6A18BF22205E
:1014A00012F4003F9A6A18BF232012F4803F9A6A10
:1014B00018BF24206FEA02426FEA12429A62704714
:1014C00000ED00E010B5194B0246986A9C6A10F4D2
:1014D000805F14BF1720162014F4006F9C6A18BF99
:1014E0001820A40509D5986B986A000404D51AB190
:1014F0009A6A22F400429A6219200C4B9A6A12F4FA
:10150000806F9A6A18BF1A20D2050CD49B6A13F414
:10151000005F18BF1C20054A936A43F47F4393621F
:1015200000230B7010BD1B20F5E700BF00ED00E0AD
:1015300010B51C4B0246986A9C6A10F0100F14BF3D
:101540001120102014F0080F9C6A18BF1220A40765
:1015500009D5586B986A000604D51AB19A6A22F028
:1015600080029A6213200F4B9A6A12F0010F9A6A56
:1015700018BF142012F0200F9A6A18BF1520D40645
:1015800058BF9B6A074B9A6A920642BF5A6A22F476
:1015900000525A629A6A42F0FF029A6200230B706C
:1015A00010BD00BF00ED00E02DE9F84F06460F46E4
:1015B000904699460024DDF828A0DFF844B0A24503
:1015C00001D800200FE0AAEB0405B5F5806F28BF15
:1015D0004FF4806530462B46094A04EB080104F0BD
:1015E00088FE10B10120BDE8F88F2B465A463846D8
:1015F00004EB090104F09FFE0028F3D12C44DEE740
:101600001C03002038B50D4B0546C068DC6D04F0A6
:101610002CFE844203D2E86804F027FE04464FF40F
:1016200040726243A9686442503222400123284636
:10163000891A05F079F9C00F38BD00BF201D0020C0
:101640002DE9F04147680646BD6885B395F87440BA
:101650006CBB4622214605F1140095F8758005F013
:101660006EFE21461A4A2B6852F838C08C4524D1A8
:101670004FF0000840F20D14C3F84481D3F8442120
:10168000144A934214BF2046DB20FFF71DF80123C4
:1016900085F874302B66BB680F4A0221DB20C3E952
:1016A0000328FFF731F802212046FFF72DF83046D6
:1016B000BDE8F041094904F00ABFCAB2920002F540
:1016C0008070442A04BF1C501A580131CEE700BF75
:1016D000F88A000000A00D50090A000073610000A4
:1016E0000022144B10B51A60134B144A00211A60E3
:1016F000134B144A1A60144B13F003020FBF4FF43C
:10170000006402F2FC74C2F104029B1818462246DF
:1017100005F015FE0D4A0E49C2E900040160A1F171
:101720001021203CA1F1EF1190604460C161D060B4
:10173000002010BD941D00200C0200205D1D000043
:1017400008020020491E0000641F0020841D0020A4
:1017500055AA00FFF8B51E4D064695F880350F4690
:101760007BB300242B462246197FD1B13CB9022914
:1017700005D1196A19B91979002918BF1C46013217
:10178000202A03F12C03EFD114B96FF08C0006E08E
:10179000204605F05BF8204605F005F910B100245D
:1017A0000DE01C46237F7BB90123237736B1094B1B
:1017B000651BAD105D4305F18045356000203C6040
:1017C000F8BD6FF08800EAE76FF09600E7E700BF2A
:1017D00094070020A38B2EBA70B5174D1446A8426B
:1017E00026D8C0F5B21303F580539A4220D8CAB167
:1017F00042F20103114DC5F80035A9B105F0C1FD54
:10180000BFF35F8FD5F81834DB0706D4C4F30804A0
:101810001CB10123AB60BFF35F8F4FF40052074B45
:10182000C3F80025002070BDFF2105F088FDE7E723
:101830006FF01500F7E700BFFF4F160000B004502F
:1018400010461A46084B10B5994209D8C1F5B21492
:1018500004F58054A24203D805F093FD002010BD8A
:101860006FF01500FBE700BFFF4F160010B4EFF359
:101870001182202181F31288BFF36F8F2B480368F8
:1018800043F0020413F0010F0460294B26D182F3C8
:101890001188BFF36F8F0022C3F81021D3F8101105
:1018A000C3F81821D3F81811C3F81421D3F8141170
:1018B0002049D1F840131C2904BF012199601C4B19
:1018C000C3F80021D3F8002101221A601A4A1268D5
:1018D0000AB37122C3F8042310BC7047D3F80C0478
:1018E000C003D4D5EFF3118081F31288BFF36F8F5B
:1018F00012490B6C03F0C00343F002030B6480F346
:101900001188BFF36F8F82F31188BFF36F8F0020B0
:1019100010BCFFF783BDD3F80021002AFBD00022C2
:10192000C3F80021D3F80031D6E700BF101E002015
:1019300000E0105000C0FF00B81D0020C01D0020B6
:1019400070B5EFF31185202383F31288BFF36F8FF7
:10195000164A136823F00201116013F001021CD132
:101960007121134B42F21074C3F80813012159601E
:10197000C3F80021D3F800210E4A0D4ED2F84023BF
:101980001C2A08BFD960D6F80C3413F4803309D070
:101990000120FEF7FDFE013CF5D185F31188BFF370
:1019A0006F8F70BD044A5371F7E700BF101E00200F
:1019B00000E0105000C0FF00B81D0020684620F075
:1019C00007018D4601B5194BD3F80021DAB1BFF3F9
:1019D0005F8F4FF0A3418A6ABFF35F8FBFF35F8FC2
:1019E0004FF0FF300863BFF35F8F0021C3F8001191
:1019F000D3F800310E4B196819680A431A60BDE824
:101A0000014085467047D3F808110029F7D002201D
:101A1000084909688860C3F80821D3F80831064BE3
:101A20001A681A6842F00102E8E700BF008004501B
:101A3000E402002024070020E002002038B5084B13
:101A40005A78D20709D51C783CB9064D284604F0CF
:101A5000EDF92046044B1D6038BD6FF01200FBE726
:101A6000700200208D090000300200202DE9F04FA7
:101A7000814659F8043B8BB0D3F8141390F87540A5
:101A800000936C4BC9B241F40031804653F83420C6
:101A9000009804F007FE810305463AD50023CDE9FE
:101AA00007330993634B07A803EBC4035B6819462C
:101AB0000193FFF7D5FA042303EBC40303934FF01C
:101AC000000B5D4B0DF11C0A0293029A594912F862
:101AD000013B0292039A02EBD3028A5C03F00703F4
:101AE00022FA03F3DA071AD40BF1010BBBF1030F4F
:101AF0000AF1040AE9D14FF400310022009804F001
:101B0000D1FD019907A8FFF7ABFA0028D7D125F43A
:101B100000350124002D75D10BB0BDE8F08F474B87
:101B20005B440493DAF800100029DDD091FAA1F1AA
:101B3000B1FA81F1049B1C7841EA44142046FFF776
:101B400085FA08EB4000878AC808BB080593012383
:101B50001AF8002001F0070103FA01F122EA01025C
:101B60000AF8002006A80694FEF73EFF069A059B99
:101B7000203250F82220C7F382065B073746C2F3B3
:101B8000014223D54846D6B221463A4604F03DFEEE
:101B900006A80694FEF728FF069B203350F8233052
:101BA000C3F301439E4207D10021204604F0A1FD6A
:101BB0003146204604F09DFD06A80694FEF714FF6A
:101BC0000122069B02FA03F30362ABE7022A0DD15E
:101BD0000321204604F08DFD06F00503012BEBD117
:101BE0003A462146484604F010FEE5E70221204629
:101BF000059204F07EFD032EF2D0059A032ADBD174
:101C0000022EECE795FAA5F3B3FA83F3009904FAF0
:101C100003F225EA020503F5A27251F8222008EB2F
:101C200043034846B3F86410C2F3014204F0EDFDEB
:101C300070E700BFF88A00001F9500001F950000A4
:101C4000012270B53F49D1E8EF3FC1E8E02F0028FD
:101C5000F9D13BBB3C498A608A684B6002F00302C1
:101C6000012ACB601ED1CB608A68032A1AD8EFF311
:101C70001185202282F31288BFF36F8F4FF6FF7613
:101C80003248848E04F00702C48EB4423CD0022A4B
:101C900027D10134C48685F31188BFF36F8F1C30C0
:101CA00004F0EBFAEFF3058313B9294A127882BBEB
:101CB000EFF31183202282F31288BFF36F8F01218B
:101CC0000024244AD2F84C54D2F84C04ED0326D513
:101CD000800724D189B383F31188BFF36F8F00206D
:101CE00070BD5124D440E6070ED50B60036A43B99A
:101CF000C0E9071142B92A4602211748FEF7C4FB82
:101D0000D0E719600162F5E785F31188BFF36F8FA3
:101D1000C8E704210F4AC2F808131946D0E772B683
:101D200084F31188BFF36F8FBFF34F8F20BF83F30E
:101D30001188BFF36F8F62B6C4E70423C2F804337F
:101D4000CDE700BFA81D0020981D0020C01D002069
:101D50006427002000E01050DC1D0020F8B5384D4D
:101D60002B68EE68D3B1AB68C3B1002860D00029FE
:101D70005ED001FB00F4B4FBF0F0884258D1211D85
:101D800056D8A2070CD024F003020432334603E0F5
:101D9000586890424ED29B69002BF9D11846F8BD85
:101DA0002246F3E7801A232803F120061CD80122DB
:101DB0009A60D3E90512A9B18A619A690AB1596991
:101DC00051610022C3E905222B69DB0703D5FFF728
:101DD000C7F9002831D122460021304605F0AFFA7C
:101DE0000346DBE7EA60E8E702F1200C03EB0C01B5
:101DF0002038C1E90107CB601869124F086143F828
:101E00000C70A7F11027A7F1EF17CF6100B1C160E7
:101E1000586948619F698F6140B18161886900B1EB
:101E2000416101201961C3E90120CAE7E960F5E7D2
:101E30000023B3E79F68002FB4D0012004F06CF9B1
:101E4000841D002055AA00FF70B50546002840D02B
:101E50003B4E3368002B3CD0B268002A39D0834215
:101E600003D872681344984202D3012004F054F955
:101E7000A0F120042046FFF753F90028F5D155F8CA
:101E8000183C012BF1D155F8143C45F8180C0BB354
:101E90009A68FAB955F81C2C02F120015A680A44D4
:101EA0005A6055E905321A6155F8145C2B6903B183
:101EB000DD6020220021204605F041FA286908B1A2
:101EC00083684BB333699B0703D5FFF749F90028B3
:101ED000CBD170BD55F8100C00282AD0836843BBC5
:101EE0004268636813442033636003692361D4E963
:101EF00005239AB9CBB9436963618269A261B3B121
:101F00009C61A36903B15C61236903B1DC60202299
:101F1000002105F014FAD5E72C46E1E79361A369A7
:101F2000002BE8D062695A61E5E7F360F7E7F460F7
:101F3000E7E7F36845F8083C03B15C61F460C1E78A
:101F4000841D002030B50D46816887B0102302AA99
:101F50001039044604F0CDF9002802DA012007B058
:101F600030BD1022204602A904F051FB00283FD1C9
:101F70001022204902A805F011FA00280CBF012305
:101F800002232B70A1680123203921F00F01204684
:101F90000DF10702203904F0ACF90028DEDB9DF8D2
:101FA0000730204603F00F021B096A702B710122D3
:101FB0000DF1070104F02BFB10B96B78042B03D94A
:101FC00001236B7000232B71A2682046203A22F077
:101FD0000F02103AA91C04F02BFB0028BED1A26806
:101FE0002046203A22F00F02E91C04F021FBB6E75C
:101FF0000323C6E70E8D00002C232DE9F341204D6D
:102000000F4603FB0055D5F82080B8F1000F01D131
:1020100005F08DF9EB682E8940461E4404233146B5
:102020000DEB030204F065F9044620B101242046BB
:1020300002B0BDE8F08146F60813BDF804206D89B2
:102040009A421AD1BDF806309D4201D00324EEE732
:10205000042340460DEB0302A91904F04AF90028B5
:10206000E4D146F60713BDF804209A42EED1BDF83C
:1020700006302B4433443B60D9E7002DF1D0E5E72F
:10208000201D0020F0B5214C0546266A85B0F06879
:1020900004F0EBF84FF440735843B3685030834278
:1020A00001D205F044F96979E46D012904BF4FF0CC
:1020B000000C2746297918BF670001F1FF3118BFCE
:1020C0004FEA042C04FB01342B68241A6444013BBE
:1020D000F06807FB034404F0C8F80746304604F0F4
:1020E00040F90F2201460DF1010005F028F92B7986
:1020F0006A468DF8003021463B46304604F01BF915
:10210000003818BF012005B0F0BD00BF201D002021
:102110002DE9F3410221E420FEF7F6FA7D4B7E4CD7
:10212000D3F8182722F4403242F40032C3F81827BB
:10213000227822B16FF0770002B0BDE8F081D3F8C9
:10214000101521F00201C3F81015D3F8101541F055
:102150000101C3F810150521C3F8A4160421C3F822
:10216000AC160723672101F001000244013BD2B203
:102170004FEA5101F7D1052A40F0C38019464FF0CC
:10218000010C654E00256720CFB204E00CFA02F284
:1021900020EA0200013590FAA0F25FFA85FEBE4502
:1021A000B2FA82F2F2D3013132750529224482F863
:1021B000547006F10C06E5D10121002557489A0814
:1021C00001FA02F212F0670F18BF1D500433302BD2
:1021D000F5D1E420FEF778FA4E4B0027D3F810250E
:1021E00003F5C07322F00202C3F8902340F6FF7299
:1021F000C3F8A8214A4A1F60A3F5807104339342B3
:102200000F60F8D14FF00108424D464EC5F860808E
:102210003068454BB0FBF3F05D235843434B43EA32
:1022200008039847636801A803EA080384F800805C
:10223000019304F065FC0028FFF67EAF3C4B20754F
:102240001F72636823F001036360A36843F0010316
:10225000A360D5F810359F073FF56CAFD5F8103562
:1022600043F00203C5F81035D5F8482712F00102F3
:1022700002BFD5F8483743F00103C5F84837254B6E
:10228000D3F84017D3F844174800F9D42AB9D3F843
:10229000482722F00102C3F84827234A3368B3FBDA
:1022A000F2F31C4A03EB431383B3D2F84017D2F87E
:1022B0004417490028D44FF0FF306FF040411D4DC6
:1022C000D5E90078B84271EB0806F9D31A4927F02E
:1022D0001F02C1E900284FF0FF304FF0FF310C2200
:1022E000164BC3E9000194F85430002002FB03436D
:1022F000134A1861DA6001221875064BC3F82423CB
:102300001AE76FF08B0017E7013BCDE76FF0730022
:1023100012E700BF00200E508000002000210E5068
:10232000B0210E502C02002040420F00B07500007A
:102330001802002040270E50D8020020D0020020B2
:10234000B50C00002DE9F041466801F01F04307C17
:10235000B56888B044EA4014002D00F0B580B2F5AD
:10236000001F07D12146284604F016FA002008B0C5
:10237000BDE8F0810027B2F5800F03A803974760FE
:1023800063D1B3F1007F14BF052304238DF80C3013
:102390000023CDE906030593F3680DF10707CB4051
:1023A00013F0010F5CD1B2F1A07F59D102A80294C1
:1023B000FEF71AFB029B203350F82330DA074FD484
:1023C0003A462146284604F00DFA16300AD195F80F
:1023D00075003F4B03EB800004F092FB0028C6DB46
:1023E0008DF8070004972146B06805AA04F0A2FB07
:1023F0000028BCDBB5682146284604F08DF98046EC
:102400002046FEF723FE2F6800F10806B8F1000F02
:1024100037D0284604F08BF998BB05EB4606B38805
:102420005B0B990001F58072B850BA582A680A44CB
:10243000D2F8101541F00101C2F8101501222968E7
:1024400002FA03F3C1F8143390E7B3F1C06F05D07B
:10245000B3F1007F14BF0123022397E7032395E71D
:102460003A462146284604F0BDF90028BBD195F82C
:102470007500174B9DF8071003EB800004F0F7F888
:10248000B1E7D7F8143305EB46059B035CBF4FF467
:102490000033C7F81433AB88C3F38203042B0FD087
:1024A000052B0FD002A80294FEF79EFA029BC1688A
:1024B000D94001F001010231204604F01AF955E734
:1024C0000321F9E70221F7E76FF085004FE700BF2E
:1024D000240200202DE9F04FD50640F2063548BF12
:1024E0004FF00309D0F8048002EA050598F810308F
:1024F00058BFC2F3401989B001F01F06B5F5837FBC
:10250000144646EA43168DF80A9044D00DD8062D9D
:1025100043D005D8A5B1022D12D06FF0150037E0D9
:10252000B5F5807FF9D101250AE040F202239D42F2
:1025300035D0B5F5407F34D0B5F5007FEDD1042519
:102540000123200303FA01F12DD5D8F80430596096
:10255000D8F808706FBB05A80596FEF745FA059BED
:1025600084F4803100EB8300D0F88020C1F3004177
:10257000C4F3404343EA410322F4706243EA89030F
:1025800022F00F0243EA05231343C0F880300020F5
:1025900009B0BDE8F08F0925D2E70825D0E7062568
:1025A000CEE70525CCE7620344BFD8F80430996034
:1025B000CEE7314638460DF10B0204F013F914F45E
:1025C000403901903DD13046FEF740FD04B207EBA3
:1025D0004404A38ADB0725D5384604F0DDF83146EC
:1025E000384604F099F840B1A28A3B68520B03EBDD
:1025F0008203C3F81095C3F810953846314604F0AD
:10260000A1F8002305A8A3820596FEF7EDF9059B26
:1026100000EB8300D0F88020394B134043F00203D5
:10262000C0F88030019B002BB1D1D8F808309DF85C
:102630000B1093F87500334B03EB800004F017F890
:10264000A5E7002303AACDE90623384605AACDE96C
:102650000333059304F06EFA002898DB14F400337A
:10266000D8F808903DD014F4803430460CBF4FF0B9
:10267000010A4FF0000AFEF7E9FC314607464846DA
:102680009DF80AB004F053F828B9484604F044F81D
:1026900000287FF47CAF3FB209EB4707BB8A13F0F9
:1026A0001C0F02D0002C3FF472AF05A80596FEF770
:1026B0009BF9059B00EB8300D0F8803023F4706316
:1026C00023F00F0343EA8B0343EA4A0343EA05235B
:1026D00043F00103C0F88030BB8A43F00303BB82A0
:1026E000A0E7CDE9063331460DF10A03484605AAB5
:1026F000059304F01FFA0028FFF649AF92E700BFE8
:10270000F0F0FCFF24020020F8B501262B4C2C4DE4
:10271000D4F80C3303F071033BB9284C294DD4F89D
:102720000C3303F00C035BBBF8BDB3FA83F3002159
:10273000C3F11F039A0002F5807292B202F1A04227
:1027400002F58712116006FA03F7042B1268D8B25B
:10275000C4F8087308D0062B10D02B689847D4F81B
:102760000C3303F07103D7E702236B71C4F8141123
:10277000D4F814312023C4F80433EEE76971ECE790
:10278000B3FA83F300260121C3F11F039A0002F577
:10279000807292B202F1A04202F58712166099404F
:1027A0001268C4F80813032BD8B22B6808BF6E71E7
:1027B0009847D4F80C3303F00C03B4E700E0105052
:1027C000B81D0020141E0020F7B5284B284CD3F864
:1027D0002C6304F188070EB903B0F0BD96FAA6F099
:1027E0000123B0FA80F08340DA43224926EA030647
:1027F000231893F85450830019440C2303FB05431A
:10280000DB6873B3D7E8EF3F03EA020CC7E8EECF0B
:10281000BEF1000FF6D1C340DB0719D5020102F16A
:10282000A04202F56222D2F82435D2F82025D1F850
:1028300000C0BCF1000FCED04FF0000CC1F800C0BA
:102840000C2101FB054529690091E9688847C2E729
:1028500005F10C0304EBC30C54F83320DCF804300E
:10286000E5E70A68002AB6D00B60B4E700200E50F6
:102870008000002000210E502DE9F0430446002680
:1028800093B00DF11F05DFF8788025F01F051022A9
:1028900001231C4911F8010D013A03440B704FEA62
:1028A0001323F7D1A81902F0A3FFA946074618BBC6
:1028B000D8E90C321036013342F10002302EC8E95B
:1028C0000C32E4D154B104F1300299F8003014F81C
:1028D000011B4B40A24209F8013BF6D12E46084CA1
:1028E0000FCE0FC496E80F00203584E80F0095E85E
:1028F0000F00103484E80F00384613B0BDE8F083B1
:1029000078020020A80200200FB430B587B00AACCE
:1029100054F8045B1022002102A8019404F00FFD7A
:1029200002238DF80A30064B2246294602A803935B
:1029300003F0A8FA07B0BDE8304004B0704700BF0C
:102940007D0400001FB50A4B6A461C6A1023A1686B
:102950002046103903F0CDFC034628B122784521EA
:102960000448FFF7D1FF0024204604B010BD00BF8B
:10297000201D00201E8D000000222DE9F04F8FB099
:102980000446CDE9082203F0F6FB5E4E00283DD058
:102990005D4D3368AB4206D1104609A9FFF72CFB09
:1029A00008B104F0C4FCF36AAB4205D1012008A9C8
:1029B000FFF722FB0028F4D1DDE90832934288BFFB
:1029C0000993099BA3604FF0000949214F48099DD5
:1029D000FFF79AFF736AD3F804804B4643449D4245
:1029E0004F4609F10109F9D8204603F0C4FB00283D
:1029F00036D04FF44072F36DB56A53430022503322
:102A0000013D42449A420ED2013DFAE7FFF79AFF98
:102A10000028C6D004F1080103F081FC0028C0D1D1
:102A2000A3680993CFE74D451AD857213848FFF7D7
:102A30006BFFBA1C08FB05F3572108FB02F235486F
:102A4000FFF762FF0123E371334B1A68002A03DDAD
:102A500057213248FFF758FF00200FB0BDE8F08F34
:102A6000356A002D9DD0F76C002F9AD063682C4AF0
:102A700003F0FF2393423CD12368012B39D1384620
:102A80000AA9FFF75FFA00288BD19DF82820012AB8
:102A900035D0244B2449032A08BF0B469DF82B2030
:102AA000492102929DF82A20204801929DF8292070
:102AB00000921F4AFFF728FF9DF82830032B18D1FA
:102AC0003846FEF79FFD00287FF46BAF384604F0D0
:102AD00009F800287FF465AF3846A16803F0F3FFDA
:102AE00000287FF45EAF3846FEF70EFA00287FF428
:102AF00058AF6379012B40F0A480CB469BE00D4B8F
:102B0000CCE700BF201D00203DB8F396598D000092
:102B1000828D0000B18D00001C070020338E000064
:102B200000010004558D00004F8D0000F28D000063
:102B3000E28D00004A8D00002368C3F101024A447F
:102B40005A4576D3726A012B52F83B10D2F800A096
:102B500002EBCB0252F8082C0491A2EB0A02A1EB83
:102B60000A0105910692079341D1E268022A38D002
:102B70002846FEF747FD00287FF413AFF06C0CA940
:102B8000FFF7E0F900287FF40CAFE279012A11D0B9
:102B90000E2A3FF606AF8DF82820A968284620396E
:102BA00021F00F01079B0AAA203903F05FFF0028DC
:102BB0007FF4F7AE9DF83330012B05D1284603F0A2
:102BC00091FF00287FF4EDAE2846A16803F07BFF5B
:102BD00000287FF4E6AE2846FEF796F900287FF439
:102BE000E0AE3846FEF70EFD00287FF4DAAEAB68A3
:102BF000059A9A42BFF4D5AE9A44049BAAEB030A05
:102C0000D0453FF6CEAE134629462846069ACDF863
:102C10000080FEF7C9FC00287FF4C3AE2046FFF712
:102C200031FA23680133236018B13C4A1368013339
:102C300013600BF1FF3BBBF1000F7FF47DAF01236D
:102C4000236002234FF0010A6371CA453FF6FCAED0
:102C5000236853455ED8726A4FEACA0352F83A10A5
:102C6000083BD2F800B00791D158326DD358059384
:102C700013680693DDE905329B1A04932379012B2F
:102C800046D1AA68A1EB0B039342BFF48AAE5A4423
:102C9000521A90453FF685AE29463846049ACDF83B
:102CA0000080FEF781FC00287FF47BAE2046FFF712
:102CB000E9F90223237118B1184A1368013313602C
:102CC000BB68049A9A42BFF46CAE069A1A44134643
:102CD000059A9B1A98453FF664AE079A39462846EE
:102CE000049BCDF80080A2EB0B02FEF75DFC0028F0
:102CF0007FF457AE2046FFF7C5F923680133236000
:102D00000123237130B1054A13680133136001E0D8
:102D1000022BD5D00AF1010A97E700BF1C0700205B
:102D20002DE9F743DFF8D49007460E46C84641B177
:102D30000024304603F01FFA28B123461C46002128
:102D400024E00B46FAE7FFF7FDFD20B101A903F0EF
:102D5000E6FA054638B10120012C01D107B900205F
:102D600003B0BDE8F083D8F82430019A59680346CF
:102D70000B449A4205F10105FAD87379012B0CD165
:102D8000E4B932682346AA4298BF21462C2202FBAE
:102D90000383186AB0B904F0CAFA022BCDD13368A4
:102DA000012B04D9AB42C8D884F00103C7E7C4D1D2
:102DB00034B13379023B18BF0123C0E72346BEE795
:102DC0002346E3E720234A4603F093FA0028C2D1C2
:102DD0002EB9012CC3D0012309F12C09AEE7D9F893
:102DE0000020074B9A4205D1012CB8D0012409F1EB
:102DF0002C099EE74FF0FF30AEE700BF201D0020FA
:102E00003DB8F396002210B50C4B1C7884420FD0CD
:102E10000132092A03F11003F7D16FF0010010BD50
:102E2000D2685078C00706D5107820B90B60F6E755
:102E3000DA68002AF4D16FF01200F0E7F0760000B3
:102E400030B585B06946042003F08EFF044610B10A
:102E5000FF2005B030BD072002A903F085FF01283F
:102E600040D1224649213348FFF74EFD324B8DF8C1
:102E70000C40029300229DF800109DF808002F4C92
:102E80002378042B06D0052B2FD14B1E18BF01230E
:102E9000002B39D06378042B05D0052B2CD1431E91
:102EA00018BF012383B3A378042B03D09DF80350EC
:102EB0009D4229D1E378042B03D09DF80B509D420D
:102EC00022D12379042B1BD16279022A28D11C4BF1
:102ED0001C4800224921FFF717FD6079831E022B51
:102EE000B7D9B5E70028C5D0B2E7A3EB010CDCF1F8
:102EF000000343EB0C03CBE71D1A6B426B41D1E798
:102F00009DF802509D42DFD00132032A04F10604ED
:102F1000B6D10D4800224921FFF7F6FC012098E7C1
:102F2000032A05D0094B0A49042A08BF0B46CFE7FC
:102F3000084BCDE7858E000003010303F1940000E8
:102F4000628E0000D08E0000F48E0000738E0000B0
:102F50006C8E0000678E000030B5394B0C465B6804
:102F600000218BB0C3F3080381F31188BFF36F8F87
:102F700002F07F45B5F17F4F08D102F00C05082D16
:102F800004D012F0080F0CBF014621460022033B7B
:102F90008DF80720032B03D8DFE803F00A474B44E2
:102FA00000209DF80730002B47D102A903F0E0F97B
:102FB000234BDA6A9007F3D4DA6A002AF0DBDA6A84
:102FC0005200EDD55A69886942F480725A61BFF3A4
:102FD0004F8FBFF36F8F5A6930F8020C22F4807262
:102FE0005A61BFF34F8FBFF36F8F4DF6027290425D
:102FF00008D09A6AD2B23AB101200DF10701FEF76A
:1030000097FACEE70868CCE79A6A12F47F4F05D0AA
:1030100001200DF10701FEF755FAC2E79B6AB3F5EF
:10302000803FBDD3FEF720FABBE700200DF107017A
:10303000E5E700200DF10701EDE70BB030BD00BF63
:1030400000ED00E010B572B6002484F31388FDF79C
:1030500029FB23464FF0FF300C4A03F120010133D6
:10306000102B42F82100F8D100234FF0FF30074A1F
:1030700003F160010133102B42F82100F8D162B650
:10308000BFF34F8FBFF36F8F10BD00BF00E100E0B3
:103090008FB5984A984B22F07F029A60BFF34F8F0A
:1030A000BFF36F8FD3F88820944822F47002C3F8DE
:1030B0008820934A0021121A04F041F99148924A5B
:1030C0009249121A04F05DF99148924A9249121AF3
:1030D00004F057F940F20F14002210B2012101321E
:1030E000FDF712FBA242F8D10020FDF7F1FF8B4B58
:1030F00003F5006282F3088883F30A88E0227E4B9E
:10310000874F83F822200022DA771A765A769A7649
:1031100083F82020596A41F4E021596283F8232082
:10312000596941F010015961596941F4806159614F
:10313000596921F008015961102119614FF0FF31DF
:103140009962D962D3F89010090A11F0FE0F29D0C4
:10315000BFF35F8F7349C3F89420C3F8C0100221F6
:103160007148C3F89820C3F89C10C3F8A000012050
:10317000C3F8980000F10050C3F89C0000F53B3004
:1031800000F2E230C3F8A0003970D3F89000C0F329
:103190000720814211DB0522C3F89420BFF34F8F33
:1031A000BFF36F8F61493C784D68002D00F081803E
:1031B0001F2D1ED86FF015047BE0C3F89810C3F8DC
:1031C000A0200131E1E72046C3F89880D3F89C2085
:1031D00025F01F0502F01F021543C3F89C5003F0B1
:1031E000E7F862E04E45EED15FFA88F003F0E0F8D0
:1031F0005FE0EA06DED10A68D306DBD1104603F0B1
:10320000CEF8154405F1FF398046484603F0C7F86B
:103210008045CFD118F1160FCCD0A045CADA364B75
:10322000C3F89880D3F89C00C3F89880D3F8A060C6
:1032300020F01F00824246F01F06D3D0013AC3F8A7
:10324000988022F01F00D3F8A0204E4502F01F0204
:1032500042EA0002C3F8A0202046C0D003F0A8F83C
:1032600010F1160FA6D0244B013EC3F89880D3F876
:103270009C109DF80820013061F304028DF80820AD
:10328000D3F8A030009525F01F052E445B08D2B27C
:10329000A6EB090663F3471226F01F066946C0B283
:1032A0008DF808200396FDF74FFA10F1160F81D024
:1032B000441C01203C70FDF70BFF0220FDF708FFC6
:1032C000002383F30B881A4C1A4DA4F5205686F37D
:1032D0000B8884F30988002004498847184619465A
:1032E0001A46A84702488047FEE70000F76D000035
:1032F000056E00000000000000ED00E078020020F4
:10330000682700208000002078020020009E000036
:103310004000002080000020C09D0000684F002079
:1033200065270020AAFF4400E14F1600308B000003
:10333000684F0020094E000008B50548FFF7E4FA81
:10334000002383F31188BFF36F8F0423184602DF35
:103350001A8F000008B501233C4A3D48C2F80038E6
:103360003C4AD2F840231C2A04BF3B4AC2F80C3422
:10337000FDF7FCFD0830FDF7F9FD0830FDF7F6FD1F
:103380000830FDF7F3FD00F5F470FDF7EFFD334A6B
:10339000D2F88C3043F44063C2F88C300022D30062
:1033A00003F57F0303F54043D3F8001401310AD03D
:1033B000D3F8001439B1D3F800140132D3F804342F
:1033C000402A0B60EBD1214BD3F84024002A38D09F
:1033D000FDF7BCFD48B11F4BD3F83423204B9A4274
:1033E0009EBF1A4B1F4AC3F84026FDF7AFFD18B128
:1033F0001D4B1E4AC3F8AC27FDF7A8FD48B1342287
:10340000124BC3F82426D3F83C2622F40022C3F83A
:103410003C26174B1149D3F80026D20744BF6FF062
:103420000102C3F800260323124AC2F81835D1F866
:103430008C3043F44063C1F88C300023C2F8A035CF
:1034400008BDC822C3F84024C2E700BF00001250E4
:1034500000C50D5000C0FF000030055000ED00E039
:10346000001D0A1840E0A91E00A0085078000A04B8
:1034700000E0105000B00450074A1368591C116056
:103480004BB9064A4820D2F8003443F00703C2F88B
:103490000034FDF719B97047200700200080045060
:1034A00010B5124B1C68013C1C60ECB94820FDF7BC
:1034B00019F907220E4BC3F80823D3F8002422F091
:1034C0000702C3F80024C3F80041D3F80021C3F871
:1034D0000441D3F804214FF48072C3F80841D3F8B3
:1034E0000831044BC3F8882110BD00BF200700201D
:1034F0000080045000E100E0302816D00DD81238CA
:10350000C0B2192806D801231C4A83401A408ABB3E
:10351000DB071ED46FF086007047412821D0422877
:10352000F8D1FF291FD1164B21E0B1F5A07F21D0A2
:1035300004D8E0291ED0B1F5807F04E0B1F5C07F4A
:1035400018D0B1F5007F0CBF6FF085006FF08600DA
:103550007047B1F5C07F0DD0EBD940F209239942F5
:10356000F1E7FF2902D0B1F5E07FECE7054B002041
:10357000136070476FF08500704700BF2002210282
:10358000B8770000AC77000010B51E4C4368B4EB70
:10359000132F4FEA132215D142691B4B9A420CD0CC
:1035A00003F5FF437D331344012B03D80388B3F5A0
:1035B000105F1DD06FF0860019E047F212130288E9
:1035C0009A42F6E7114B9A42F4D1028802F44F4333
:1035D000B3F5824F0ED1438844F212100733824272
:1035E0004FEAD30301D15B00013300200B6010BD13
:1035F0000223FAE7B2F5885FFAD143880733DB0884
:10360000F3E700BF004E800001C0FF7F4B4E8000FB
:1036100038B5044602F0A4FD25688DB94FF4127246
:103620002946201D03F08BFE084B284663600123CA
:1036300084F848328023C4F8C4310523236038BDA0
:10364000204603F001FC6FF08800F8E73C8B000097
:1036500008B5FDF7D1FD01230360104B0A6832B9AC
:10366000D3F80C211AB9D3F80821002AF6D00B6838
:103670007BB90B4B99420ED0A3F58473D3F8083174
:10368000002B0CBF4FF0FF306FF00200FDF7B4FDD0
:1036900008BD0020FAE74FF0FF30F7E70050045074
:1036A0000851045038B5064D0C46C5F800050549CB
:1036B0000548FFF7CDFF10B9D5F80835236038BDB0
:1036C00000500450105104500C50045040292DE972
:1036D000F04104460E462FD80378033303F003036A
:1036E000012B21D86FF0210003F0DFFA054640B925
:1036F00013493246204603F044FE4021104803F0AF
:1037000097FB2846BDE8F081637838462B44C8F81B
:103710000035FFF79DFF68B901352378C3F38203B5
:103720009D42F1D30020DFE70025DFF8188006492D
:10373000064FF2E70220D7E76FF08905E1E700BF07
:103740000000002000500450045104500450045064
:1037500010B50446012002F043F9064B0649C3F8B0
:1037600000450648FFF774FF0446002002F038F9D0
:10377000204610BD00500450085104500850045019
:1037800010B5F82003F08AFB18B9F92003F086FB86
:1037900010B16FF0920010BDF823094C09490A4896
:1037A000C4F80035FFF754FF0028F2D1F92306488A
:1037B000C4F80035FFF74CFF0028ECD0E9E700BF64
:1037C0000050045004510450045004502DE9F04FAF
:1037D000AA4CA1B062780DF1770323F01F03022AEF
:1037E0000193237801D1072B22D013F0010509D1D1
:1037F000DFF88C92A349D9F800208A421ED143F009
:103800000103237023789F0706D401219E4A43F0C9
:10381000020382F880152370627823781AB9DE07D4
:1038200044BF022262705D075CBF43F00403237053
:103830004FF0000A504621B0BDE8F08FFFF71CFEA4
:10384000924B01211D60924B48201D60914AFCF76C
:103850005BFF914B914952F8040B43F8040B8B42E8
:10386000F9D100238E4DEB668E4B2B6003F5C043E0
:103870006B602B6D0BB9FDF767FD6B6D1C22B3F50B
:10388000007FCCBF4FF480634FF40073002103A886
:10389000AB6003F054FDF82003F000FB28B9F920D9
:1038A00003F0FCFA002800F0DB807F4DD5E90C32F4
:1038B00013432AD0D5E90C32023342F10002B2F5AB
:1038C000803F7ED220260DF1280B102EB0464FF0FF
:1038D000010228BF4FF010081027744911F8010D9C
:1038E000013F02440A704FEA1222F7D1019801F019
:1038F0007FFF824670BB002E7CD1D5E90C210132BE
:1039000041F10001C5E90C21DFE7AA6B684B9A423F
:10391000D8D000231A46EA540133402BFBD10AAE1B
:10392000304601F0B5FE80B93046FEF7A5FF00280D
:1039300045D103460246F2540133302BFBD100231C
:103940000122C5E90C235A4BAB6303F0AEF9824662
:103950000028AFD0FFF7A4FD2378580743F00101FA
:1039600044BF23F0040343F001012170890719D5F6
:10397000454D00262F464FF001094FF00308284619
:10398000C5F8209085F81C80013603F00CF8202E35
:1039900005F12C05F3D1002387F88035237823F037
:1039A000020323700023042142486370FDF7F6FBF5
:1039B0002378DA0744BF23F0010323703AE70E208F
:1039C000C3E70AAE304601F063FE80B93046FEF729
:1039D00053FF82460028BDD102460346B35401324C
:1039E000302AFBD100220023C5E90C236AE76FF0DF
:1039F000920AAFE742465846019903F0C2FCD5E966
:103A00000C21013241F10001B6EB0806C5E90C2199
:103A1000C3447FF45AAF3846FEF72EFF8246002893
:103A200098D14FF4807302A8029302F011FC029B1C
:103A3000DFF884E00593214BF8210693204B0AAA76
:103A4000CDE903E31F4B03A8089301F0D3FF82469F
:103A500020210AA803F0ECF9BAF1000F7FF47AAF45
:103A6000FFF78EFE8246FFF71BFDBAF1000F7FF4D1
:103A700073AF044BC9F800302378C0E6180D00205E
:103A8000000200201173650094070020E40200206A
:103A9000E0020020C477000000C080511CD3805198
:103AA000240700200020805178020020A802002076
:103AB000B4A5B4A51C0D0020002400010010C00412
:103AC000014B4E80F800FF7F70B588B001AE182220
:103AD00005460C463046002103F031FC012044EA43
:103AE00005240794059001F07BFFBA2309480A4991
:103AF000C0F80035C0F80465FFF7AAFD04460020B1
:103B000001F06EFF002C0CBF20466FF0920008B051
:103B100070BD00BF00500450005104502DE9F34720
:103B20000E46DDE90A79694682461446984603F056
:103B30009AF9002852D1BAF1F80346F1FF36022B68
:103B400076F10006C0F0B68003F0C1F9002845D137
:103B50009DF8006016F00F0240F0AF80BDF8023013
:103B6000C3F3C113013BDBB2022B00F2A9805A4917
:103B700006F03006C95C594B102E43EA010363601E
:103B80002FD1574B2360204601A9FFF7FDFC28BB2E
:103B9000019BBB4200F29D8044F2121221889142A7
:103BA00004BF042208F8012BC9F800309DF800304A
:103BB00098F80020C3F3011363F3010288F8002092
:103BC0009DF8022008BF07F1FF37C2F30212042A52
:103BD00049D8012A4BD851D06FF0980002B0BDE807
:103BE000F0879DF80310134610463E4A4908F9B97C
:103BF000019001A802F02CFB9DF80230019A03F01D
:103C00000F010A29A26061D147F2421112F4A05FAC
:103C100044F2421218BF0A46C3F302132280324A0A
:103C2000013BE260032B0FD8DFE803F00C16181AF3
:103C3000CD0704D5062B46D852F82350284349080F
:103C40000133D4E7802363809DF8003013F0300FF8
:103C500099D16FF09600C1E7C023F4E7FF23F2E7A4
:103C60004FF48073EFE7052AB6D1032206E044F251
:103C7000121322889A4214BF02220422202E00D15D
:103C8000023298F8003088F801A062F3840388F8C3
:103C90000030238803F44F42B2F5824F06D13946F3
:103CA000404602B0BDE8F047FFF710BDB3F5885FAE
:103CB00094D1F4E76FF0860090E76FF088008DE70D
:103CC0006FF091008AE76FF0830087E76FF0920052
:103CD00084E76FF0890081E703950000004B4E8078
:103CE00001108001907700000008000600232DE9F4
:103CF000F0417F4D0B6095F8802507460E468CB04D
:103D0000002A00F0EF8000F140421F2A66D82C23E1
:103D100003FB02552B7F022B55D031460020FDF7C7
:103D200019FD0446002870D10122336801465F6105
:103D3000336805A85A6035681C2203F000FB6F69E0
:103D40006C4A07F14043A3F580539342CDE9024406
:103D500000F2BF80684B9F425BD001339F4258D036
:103D6000023B9F4255D0FFB2384604A903F07BF8CE
:103D70000446002840F08580BDF81230C3F3C1131B
:103D8000013BDBB2022B00F29E805C4AD25C5C4BB2
:103D900013436A690693DBB20A9203B90A900023BF
:103DA000CDE900443846194605AAFFF7B7FE10F1E1
:103DB0008A0F044635D03068002C62D102F0F3FD42
:103DC0006FF096042AE06B699842A6D1284602F06B
:103DD0003DFD0446B0B93560002416E0002840F3EC
:103DE00084802A46117F022902D151698F4205D071
:103DF0000133202B02F12C02F4D18EE72C2202FB9E
:103E00000355E3E710F18C0F87D020460CB0BDE8D6
:103E1000F081306802F0C7FD6FF085040023336045
:103E2000F3E7069B374A4FEA1328B2EB132F02D071
:103E3000354B984547D102A905A8FFF7A5FB0446D5
:103E4000F8B928460299FDF7C1F90446C8B9D5E981
:103E500009322C49884502D04B31884518D103A935
:103E6000CDE900213846002105AAFFF757FE044698
:103E700088B1686A10B1A96AFDF79AF90023C5E90B
:103E80000933306802F08FFD14F18C0FC6D123E0A6
:103E90006FF08B04EDE7039B05ACAB620FCC0FC555
:103EA00094E8070085E807003068083002F0D0F990
:103EB00033681A7F012A12D0306802F0C7FC04462A
:103EC000002889D0AAE7306802F06DFD6FF0860403
:103ED000A4E7284602F067FD6FF087049EE7022200
:103EE0001A77E9E76FF088048FE76FF087048CE7B3
:103EF00094070020FFDFFF3F02C0FF7F0395000013
:103F0000004B4E80004E80004B4E800038B52B4B4E
:103F10001B7843B12A4B1A68002A41D01A681968E5
:103F20000021196032B9BFF35F8F4FF0A3439A6A43
:103F3000BFF35F8FBFF35F8F4FF0A344E36BBFF31B
:103F40005F8F12F0240F03F023032BD0BFF35F8F9A
:103F5000E569BFF35F8FBFF35F8F10236363BFF328
:103F60005F8F184B1868184BB0FBF3F0174B43F0FA
:103F700001039847BFF35F8F00236363BFF35F8F35
:103F8000BFF35F8FE36BBFF35F8F5B06F8D425B1A0
:103F9000BFF35F8FE561BFF35F8F6FF01F0038BD28
:103FA00020BFB8E74FF0FF30002BF8D1BFF35F8F91
:103FB0002063BFF35F8F1846F1E700BF642700203E
:103FC000E40200202C02002040420F009075000007
:103FD000BFF35F8F094A1368BFF35F8F43F48071AB
:103FE000BFF35F8F1160BFF35F8F23F48073BFF364
:103FF0005F8F1360BFF35F8F704700BF0010805169
:10400000BFF35F8F4FF0A3430022DA61BFF35F8FEE
:10401000BFF35F8F4FF0FF321A63BFF35F8FBFF3C1
:104020005F8F3422DA61BFF35F8F0122014BC3F847
:104030000423704700800450B1F5DE7F38B5044694
:1040400024D303681D6815F0400522D1FFF714FA48
:1040500001212176FFF7D4FF0F4B284663602368C8
:104060000E4A1B68C4E90355A36204F12C032362C2
:1040700004F128036362E3671323C4E9212304F1F5
:104080008C03E361064BA160636138BD6FF02200D1
:10409000FBE76FF00200F8E78077000004000020E3
:1040A0001D1200000368DA68D203FCD4DB682448E0
:1040B0001840B0F5806F2FD017D840282ED008D8E0
:1040C00010282DD020282DD0003818BF0120400006
:1040D0007047B0F5807F27D0B0F5007F26D08028CC
:1040E00008BF0B2018BF02207047B0F5804F1FD0CB
:1040F0000AD8B0F5805F1DD0B0F5005F1CD0B0F5D8
:10410000006F08BF0620EDE7B0F5004F16D0B0F500
:10411000803F08BF0320E5E7112070470A20704761
:104120000C2070470920704708207047072070470F
:104130001420704705207047042070470F207047F7
:10414000F0FF010038B5114D0446C5E90415FFF72D
:1041500093F9042200210E4BC3F804230D4A2B6867
:10416000D868C0030AD403F580535B6A13F4A02314
:1041700004D1C4E90053204638BD20BF1368002B8A
:10418000FBD0136813681160E9E700BF2407002023
:1041900000800450E00200200422054B10B5C3F853
:1041A00008230446FFF77CF900232361A36410BDB4
:1041B000008004502DE9F04F90469B464269036908
:1041C000D0F84CA09D680446D0E901730E46D2F8A1
:1041D0006C9085B0BAF1000F06D0FFF7DDFF102517
:1041E000284605B0BDE8F08F4F490A6D22B901930A
:1041F000FDF7AAF84C49019B326810064CBFCA6D06
:104200004A6D7068904204DD2046FFF7C5FF0D251A
:10421000E6E72269E060B9F1000F02D0116948EACF
:104220000108316812680138114341EA002122680F
:1042300041EA0801516022691268D10002D5E268A2
:104240009A1A17449DBB336813F4700F3AD0B9F132
:10425000000FC5D023691B69002BC1D0D9F80830E5
:1042600048469847D4E90167CDE902012369E2682D
:104270001B6806EB071613F0805F42D0C1F307619D
:1042800000F03F0341F0010143F020038DF80F10CF
:10429000B01AA2F108018DF8083002F0B9FB083E0F
:1042A000082230460DEB020102F08AFF98E7EA0788
:1042B00048BF4BF82A704FEA650548BF0AF1010A6A
:1042C0001F44BFE72369D6F808801B68D4E9017B47
:1042D000DB0042BF7368ABEB0303FF18B8F1000FBC
:1042E000B5D04FF0000ABAF1060FB0D041463846BB
:1042F000726802F065FF73685F4498440AF1010A2E
:10430000F1E7C1F3056141F02001F61B40F0010324
:104310008DF80F1006F10800A2F108018DF80830A1
:1043200002F076FBBCE700BF240700202DE9F04F28
:1043300080460024ADF55F7D02AF07F5927079628B
:10434000FFF766F9B8F80830B8F80A20D8F80C601A
:104350001344DFF8FC911E44A64200F2BA8007F134
:10436000A40107F5927002F037FE07F5927002F093
:104370006BFD7B6A002B00F0BD80D8F80C30B8F8DC
:104380000840786A1C442146042307F5927201F024
:10439000B0FFF860002840F0AD8046F60812B7F88C
:1043A0002411B8F80A30914240F0B480B7F82611D1
:1043B000994240F09F800423786A07F59272214465
:1043C00001F097FF002840F0958046F60713B7F8F4
:1043D00024219A4240F08E80B8F80A305D48234488
:1043E000BB61BA69B7F82631C16D1344BB60436A3B
:1043F0005A684FF4407303FB012153424F31194077
:10440000836A406D013B534342435B1A521A934205
:1044100028BF1346BA689A426CD84FF0FF35231D67
:104420002C463B62BB683A6A934240F26E84B8F80D
:104430000A3023B1BB69934204BF04333B620423B7
:10444000D7E9081007F5927201F053FF002851D107
:104450003A6AB7F82431111DBA69B7F826618A4261
:1044600008D84FF6FF7C3C4830F8022B624541D01B
:104470009A42F9D1122B51D0242B71D0012B62D149
:10448000402E37D83346786A07F1640201F031FFD5
:1044900080BB07F59270FFF7BBF82C222F4907F578
:1044A000927002F0D4FD07F1E40107F5927002F07A
:1044B00093FD07F5927002F0C7FC324607F16401E4
:1044C00007F1E40002F06AFF051E18BF01256D42E6
:1044D00039E0351BB5F5807F28BF4FF480754A461B
:1044E0002B462146786A01F004FF58B107F5927017
:1044F00002F0AAFC4FF0FF34204607F55D77BD4679
:10450000BDE8F08F2A46494607F5927002F09FFDFC
:104510002C4421E7002B3FF458AFEBE7402EE9D1C4
:104520003346786A07F1640201F0E3FE0028E1D126
:10453000324607F1640107F1A40002F02FFF0028C2
:10454000D8D10123FB603B6A043633443B6269E700
:10455000641E0020201D0020F08C000056930000F7
:10456000002DF0D1402EC5D13346786A07F16402A0
:1045700001F0BFFE0028BDD16A493023F96207F17E
:1045800038022C3107F12C0001F04EFE00287CD1BE
:10459000FA6ABB6B07F12C0002EB030A5146302389
:1045A00007F1480201F040FE00286ED1FB6AAAEB39
:1045B0000302002A69DD1A7807F12C00C7F8E4200D
:1045C000BA6C03EB02094946062307F1E80201F041
:1045D0002BFE002859D1FC6AD7F8E850C7F8EC4008
:1045E00063199945FB623AD10C2107F59270FCF7EB
:1045F000D5FD032D49D12A4620464B4902F0CEFE77
:10460000002842D12B46514607F1380207F12C0011
:1046100001F00AFE002838D1BB6BB3B3FC6A03F18A
:10462000FF3BC7F838B0217879BB234404F1010976
:104630009A45C7F82C9028D1BBF1200F25D11C2218
:1046400007F14800F96102F07AFEFFF7BFF8F96957
:104650000246F8B145213548FEF756F915E0625D8E
:104660000133C7F82421494607F5947207F12C005D
:10467000FB6201F08DFD40B9FB6AD7F82821C7F82D
:104680002C3113449945FB62B3D04FF0FF344FF007
:10469000FF3558E744F24213A7F848304FF400635F
:1046A00007F59270C7F82431F96101F0D1FD204B74
:1046B0000068F9697B65B7F84A303865B963C7F8AF
:1046C000E4B013B1FF2B40F03B8104F1200214F859
:1046D00001CFA24241EA0C01F9D1002900F030815A
:1046E00097F84CA0FA6DBAF1000F05D0BAF1FF0FA0
:1046F00022D16FF086020CE020F0031020F47F40FE
:104700001043F6D14FF6F872934240F2D5806FF025
:104710008502B86B18B1FA6102F045F9FA694521D2
:10472000044899E756930000ED940000238F0000A1
:1047300000080006438F0000002ADADD20F0031095
:1047400020F47F400028D4D14FF6F8729342DED88F
:1047500007F13801FCF7FEFF3861002840F0AF8018
:10476000BC6B07F1480EA446BEE80F00ACE80F0092
:104770009EE807008CE80700BAF1000F02D1D7F8D5
:1047800024316361A26AFB6C002A00F09A80224601
:10479000F86CDFF8B8C2D4F824B0BCEB102F52F894
:1047A000283F4FEA102100F0B580A948814200F06F
:1047B000B18000299DD107F5927ACDE9002A4946BA
:1047C0005A4607F1480001F02DFA10F1860F024613
:1047D00040F0AB80B7F8483003F4E042B2F5805FB8
:1047E00095D14FF48072C7F8242141F206229342FA
:1047F0008DD8B3F5905F80F0838041F2010293423F
:1048000002D0B3F5885F82D109F1200359F8042B57
:1048100099454BF8042BF9D12023A3626288D7F87D
:104820002431002A40F0858063804FF6F87293426D
:104830003FF66DAFB7F848301BB122889A427FF43B
:1048400058AFB7F84A301BB162889A427FF451AF33
:1048500063697B61237F012B6FD102237869237702
:1048600007F13001FFF742FA044600286BD02246D8
:1048700045217848FEF748F87B69002B3FF405AFE7
:10488000786907F1E401FFF731FA814670B9D7F88A
:10489000E4B09BF81C30022B00F0AE81584602F0C9
:1048A000A2F8002840F0EF816FF096094A465721A0
:1048B0006948FEF729F8BBE107F5927048E73A69C5
:1048C00027E71B0A09D12046D7F8E410FCF77EFC45
:1048D000024600283FF45BAF1BE7C7F8E4205B4AC1
:1048E000934203D04B3293427FF403AF07F1E401CC
:1048F00007F14800FEF748FE02460028E3D008E72B
:104900006922A3F590539BB222FA03F3D9077FF5EE
:10491000FEAE79E707F59271CDE9002107F1480075
:104920005A46494601F07EF90246002A3FF476AF26
:10493000EFE693427FF4DDAE77E76FF09602E8E6AC
:104940006FF08602EBE6D7F830A0DAF80830BAF854
:1049500000B01A050BD55846DAF80C1001F038F8FB
:1049600058B95846DAF8101001F032F828B9504614
:1049700002F039F86FF0840479E7DAF8041033486C
:10498000DAE90932B0EB112F7A604FEA11290CD025
:104990002F49894509D0B9F1000F06D0504602F0E1
:1049A00022F86FF0850B5C4661E70BF44F41B1F5DF
:1049B000824F46D12BF0FF04B4F5824FC7F81CD0CC
:1049C00002D0B4F5E24F3CD15FFA8BF04228BAF83E
:1049D00002102DD101F10802D208073222F007029D
:1049E000ADEB020D00227A6307F134023B60FEF763
:1049F00083FD0DF1080A8346002840F0D080134A59
:104A00003B6891451BD0B4F5824F27D119465046DB
:104A10007A6802F0B6FC7B6B5B68202B00F0C980E3
:104A2000D7F81CD0386B01F0DEFF6FF0940BBAE7BB
:104A3000CA1D41284FEAD20205D1002ACDD1D7F8AC
:104A40001CD0386BABE752000132C6E7004E800045
:104A50004B4E8000658F0000938F0000BB632023C6
:104A600007F1E40BFB6307F13C020123CDF800B032
:104A700007F1380107F5927000F012FF0446002894
:104A800040F086809BF8003007F2231123F00703E3
:104A90008BF800309BF81F3003F07F0343F0400396
:104AA0008BF81F301F23CA1A013B1470FBD29A499E
:104AB00007F14000FFF746FBD7E91094002C67D1BF
:104AC00022464846954907F59273FFF773FB044663
:104AD00000285DD120225946D7F8240102F070FB4E
:104AE0002022D7F8280107F5827102F069FB4846B9
:104AF00002F074FBFFF7D6FAD9F810300446D9E972
:104B0000012059681B68DB0003D5D9F80C30C31AA3
:104B10001A4400230DE011F0010F08D00B2B01D92E
:104B200002F005FC03F1060C49F82C200133024485
:104B300049100029EFD1D9E906E307F5827C03F19A
:104B4000200B624618685968083303C25B459446D7
:104B5000F7D19EF8002097F82331484643EAC21364
:104B600087F82331FFF718FB94B9524607F5827C8A
:104B700007F5927E634603CB7345106051609C46F7
:104B800002F10802F6D1402107F1E40002F050F9E9
:104B9000204602F08AF8834600283FF43CAF1BF120
:104BA000860FD7F81CD03FF44CAF386B01F01BFFD9
:104BB000F9E6402207F16403504607F1A40100F032
:104BC00099FE02F072F810F1860F8346D7F81CD0D8
:104BD0003FF437AF386B01F006FF0446BBF1000F1E
:104BE0007FF4E1AE00287FF442AE7B69002B3FF4F6
:104BF0004EAD01233B6143E60323DBF804108BF841
:104C00001C30CAB2FF2A06D1584601F0ECFED0BBD8
:104C10006FF084094AE6DBF81440414804F1404350
:104C2000A3F58053834206D9584601F0DCFE50BB01
:104C30003B695C1E2BE53B4BB3EB112F06D058466E
:104C400001F0D1FEF8B96FF085092FE6032ADBD019
:104C5000E4B2204607F5927102F005F9814660B989
:104C600097F82631D7F82421C3F30213042B0CD86C
:104C7000012B3CD844D06FF09809584601F0B3FEA0
:104C800000283FF413AE814610E6052BF3D102F065
:104C90003003202B00D102354FF00009DFF888A047
:104CA000224909EB04022248CAF80025FEF7D0FC8D
:104CB00040BB09F101094D45F3D1FEF761FD18B97B
:104CC00040211C4802F0B4F849462046FEF7FCFE9D
:104CD00081460028D1D102F0FAF88146584601F009
:104CE00082FE0028CFD1B9F1000FA1D0DEE544F259
:104CF0001213BBF800509D4214BF02250425C6E7DD
:104D00000125C4E76FF08409E8E7FB68002B7FF416
:104D1000F3ABFFF7EFBB00BFC8750000B87700002A
:104D2000FFDFFF3F4B4E8000005004500451045001
:104D300004500450000000202DE9F8432C2747437D
:104D4000DFF8AC80064608EB0704256A89460DB9F2
:104D500002F0EDFA04222146284601F058FC10B971
:104D60002069C3061BD5BEB12846FCF74BFC99F859
:104D70000730042B0CD1D8F820000028E8D0FCF72D
:104D800041FC024640B949211A48FDF7BDFD03E048
:104D9000FEF756F80428EED00120BDE8F883216A1A
:104DA0000029D5D058F80720134B9A4204D0BEB939
:104DB000124A45211248E8E7E26823899B18F6D297
:104DC0006289D218F3D28B689A42F0D240F60C6313
:104DD0001842ECD12046FFF7A9FA00B9DDE7E6E773
:104DE0000023AA681946284601F09EFD054AE0E71F
:104DF000201D0020C38F00003DB8F396B18F000046
:104E000002900000B98F000001262DE98048A14BD7
:104E10008FB003201E70FCF75BF99F48FDF774FD0F
:104E20009E48FDF771FD9E48FDF76EFD0420FCF7DE
:104E30004FF949219B48FDF767FD9B4C60220021FB
:104E4000204602F07CFA042004F12001FDF7DAFF8D
:104E5000002840F0D880072004F14C01FDF7D2FF74
:104E6000002840F0D0804FF48075904A042002F56D
:104E700000630AA9626223650A9502F00DFA18B36D
:104E80002A4657218A48FDF73FFD012384F8583010
:104E90008DF82F3094F85830FF2B00F0AF810021AF
:104EA000012B089140F0178200210846FFF744FFCC
:104EB0008246002840F01582089B01330893089E23
:104EC000012E00F01382FEE70A9B0720226D0AA93B
:104ED000A3620A9502F0E0F978B12A465721744896
:104EE000FDF712FD84F8586000210846FDF718FF11
:104EF00058B1002257216F48C5E70A9B6365236AB2
:104F0000D86801F0B2F9E065EEE7A66A656DAE42D9
:104F100007D06B1C9E4204D057216748FDF7F4FC74
:104F2000B3E7B6F5807F70D800231F46626A216D13
:104F3000043204319D426BD1236AD86801F095F99F
:104F4000E36CD86801F091F9AE4205D9636A03EBCE
:104F5000C5035B68BB4261D101230A9303F10123BE
:104F60000B930023206A06A9CDE90C33FCF7EAFF76
:104F7000002848D19DF81820012A54D04F4B5049A1
:104F8000032A08BF0B469DF81B20492102929DF879
:104F90001A204C4801929DF8192000924A4AFDF7C8
:104FA000B3FCE06C08A9FCF7CDFF814658BB9DF827
:104FB0002020012A39D0414B4149032A08BF0B4622
:104FC0009DF82320492102929DF822203D4801921C
:104FD0009DF8212000923D4AFDF796FC9DF818307F
:104FE000012B24D19DF81A30032B20D19DF82030BD
:104FF000012B1CD049213648FDF786FC0223266A86
:105000000D93002E6ED102F092F95721314885E7B9
:1050100052F8337051F83300874202D057212E489E
:105020007CE7013386E72D4BADE72C4BC8E74921E0
:105030002B48FDF769FC00230D930AA801F09BF8AB
:1050400080F001000AA9C0B2FDF76AFE00287FF4D3
:1050500050AF0AA801F08FF8002840F0E1800AA8BC
:10506000FDF78AFC0028CED19DF82F30DA1E012AE8
:1050700084F8583000F2C78001F087FE9DF82F3089
:10508000002840F0AD80023B022B40F2AF8094F844
:105090005830BBE0642700202A9000005B9000009D
:1050A0008E900000BC900000201D0020200D0020EC
:1050B000D59000001791000043910000558D00002D
:1050C0004F8D0000F28D0000D6910000E28D0000AF
:1050D000E49100007B910000AA9100004A8D00003D
:1050E000039200003378042B01D0072B74D1F068B1
:1050F0004FF44078E56D01F0B8F808FB00F0B768B0
:1051000050308742FFF47FAF40F2FF235FFA85FA09
:1051100003FB0A774FF0FF3501233F1A9B463946C0
:105120000123304608AACDF8108001F0E2F8031EF2
:1051300008F1FF3805934FDB0122304608A901F042
:1051400066FA059BA0B35B4501D009F10109A7EB05
:105150000A07B8F1000FE1D1B9F1010F03DD4521D4
:10516000B448FDF7D1FB6A1C07D0FF2D26DC40F2C6
:10517000011301350A95ADF82C30B16801232039AF
:1051800021F00F01304608AA203901F0B2F818BB0F
:105190000122304608A901F03AFA10B101238DF836
:1051A00020309DF8203003F00F038DF82F3044E7B6
:1051B000049AB5F1FF3F08BF1546C8E70223A5F5DD
:1051C00080758DF82D306B1005F001050133013528
:1051D0000A938DF82C50D0E700225721964852E6CA
:1051E000FF22023B022B84F8582007D801F0E5FD8E
:1051F00000283FF44CAFFF2384F8583045218F48F6
:10520000FDF782FBFFE69A1E022AEFD9FF2BF5D0AD
:1052100000210846FDF784FD00283FF436AEF2E693
:105220009DF82F60012E28D1FDF70AFE831E022B68
:10523000054611D830460AA9FFF77EFDB0B9E8B29D
:1052400084F858008DF82F00012829D83FF422AEA9
:10525000FF2384F858301DE6C0B2042884F85800B3
:105260008DF82F00F0D9052811D0F1E7012809D1D8
:1052700084F858008DF82F000CE601200AA9FFF7EA
:105280005BFD50B1052384F858308DF82F3001F0C4
:105290007CFD00283FF4FEADDAE79DF82F00DCE747
:1052A0000AA8FDF769FB00287FF4ADAE94F85830EA
:1052B000DA1E012A0BD801F068FD20B901F07DFD4E
:1052C00000283FF4E7ADFF2384F858309BE6022B1B
:1052D0007FF4E0ADF2E70846FDF722FD00283FF439
:1052E000E3AD45215648FDF70FFBFEE7236A5D68F5
:1052F00049212A465348FDF707FBE38A49210093D9
:10530000637D227D5048FDF7FFFA49214F48FDF7A4
:10531000FBFA4F4BD3F874250F2A04D045214D4892
:10532000FDF7F2FAFEE7D3F86C250F2AF6D102F565
:10533000F91202F6F672C3F868A5C3F86C254FF4AB
:10534000F842C3F87025444AC3F874254348FBF774
:105350001FFADFF80C81228967232A44D8F8045009
:105360005446ED433F4FDFF800913A6005F0670582
:10537000C9F82833002D40F08580E420FBF7B2F90E
:10538000394BD3F8482722F00102C3F84827D3F855
:10539000102522F00102C3F81025D3F8102522F0C1
:1053A0000202C3F8102501225A669A6688F8005056
:1053B000EFF31182202383F31288BFF36F8F2B4802
:1053C000818E01F0070102297DD1C38E013B9BB282
:1053D000C386002B77D11C30FBF756F8244B254AA7
:1053E0001B684FF47A70B3FBF2F35843224B00244E
:1053F00043F0010398476723DFF86C90DFF87CB037
:10540000DFF87CA0C9F828330126A64016F0670F04
:10541000E1B25DD0D8F80430DB4303F067033342D8
:1054200040F0BB800846FBF747FE584601F01FF9E5
:1054300051E000BF1A9200003D9200006792000008
:10544000E592000073920000A2920000C09200005A
:1054500000B00450089300000530190020A1070097
:1054600080000020801D002000200E50C01D002064
:105470002C02002040420F00A07500008400002094
:1054800000210E50D8F80830E1B206FA01FB0BEA11
:10549000030313F0670F13D00846FBF70DFED8F88F
:1054A0000430DB4303F0670313EA0B0F08D009EB6A
:1054B0000113C3F82CA5EB0702D5474801F0D7F834
:1054C0006D08013456E782F31188BFF36F8F85E7CB
:1054D0000846FBF7F1FD0134072C95D14FF0FF385A
:1054E00000244FF001093D4EE420FBF7FBF8C6F81D
:1054F0000883C620FBF7F6F8C6F82C90C6F8504192
:10550000D6F85031C6F84C41D6F84C31C6F8244193
:10551000D6F82431C6F8004506F578364FF4827087
:10552000C6F80883FBF7DEF8C6F82C90C6F85041A1
:10553000D6F85031C6F84C41D6F84C31C6F8244163
:10554000D6F82431264BC6F80045C3F80883BFF3CC
:105550006F8F72B6234B04F120020134102C43F8F4
:105560002280F8D14FF0FF3105F160020135102D96
:1055700043F82210F8D100241B4BC3F80444FBF776
:1055800091F884F30B8884F30A88184B386898479D
:1055900045211748FDF7B8F9FEE7D8F80830334041
:1055A00013F0670F3FF43EAF0846FBF785FD00227E
:1055B00009EB0413C3F82C25D9F820331E423FF41D
:1055C00031AFC9F828635AF82430002B3FF42AAFD2
:1055D0004AF8242026E700BF8400002000600C5019
:1055E00000E0105000E100E0002008E04100002051
:1055F0003B930000F0B50388C76803F44F42B2F54F
:10560000824F08BF1D4603F4E0441F4B18BF00251E
:1056100000201A46EDB21E78AE4223D1D3E9026CC7
:10562000D1F800E0B4F5804F08BF6646BEF1000F28
:105630000BD1202E09D1142303FB002253680B60E9
:10564000137CABB96FF08500F0BDD3F804C0E6451C
:1056500008D1202E02D06FF08600F5E7142303FB5B
:105660000022EDE70130132803F11403D3D1F2E750
:10567000422D06D1054B9F4203D003F20B139F42EC
:10568000E9D10020E0E700BF708B000000080006B1
:105690002DE9F04107463025514CDFF84881202D97
:1056A0002E46A8BF2026FDF7E7FEFEF791FCBFF3CC
:1056B0005F8FE368BFF35F8F9B08013BBFF35F8F92
:1056C000A360BFF35F8FBFF35F8F00232364BFF33B
:1056D0005F8FBFF35F8FF1226264BFF35F8FBFF311
:1056E0005F8F4FF400726263BFF35F8FBFF35F8F12
:1056F000C4F80080BFF35F8F07E0FDF7D1FE6FF0C5
:105700003F052846BDE8F0810123BFF35F8F226B80
:10571000BFF35F8F5108C2F34202052A5CD011F03B
:10572000060FF2D023BBBFF35F8F6268BFF35F8FBA
:10573000032AEAD92C4B2D4ABFF35F8FD4F880108F
:10574000BFF35F8FBFF35F8F43F8041BBFF35F8F1F
:105750009342F1D1FEF73CFCBFF35F8F2368BFF3A8
:105760005F8F43F00103BFF35F8F2360BFF35F8F51
:105770003246BFF35F8FA368BFF35F8F0133B6EB91
:10578000031FBAD8BFF35F8F6368BFF35F8FB6EBB9
:10579000830FB9D8BFF35F8FD4F88030BFF35F8F2A
:1057A0003946081D01F8013B81424FEA132302F1FB
:1057B000FF3208D0002AF5D1FDF772FEAD1B374449
:1057C0007FF46DAF9DE7002AF6D0BFF35F8FD4F86A
:1057D0008030BFF35F8FE4E7FDF762FE63E700BF51
:1057E00000108051010004001010805120108051E1
:1057F0004FF4807313B504460193FDF73DFEFEF7A9
:10580000FFFB214B01AA1A60112220492048C3E95D
:10581000021240F6110103F110025A601D4AC3E959
:1058200006011A6120321A62212203F12001596116
:10583000012119485962C3E90A02184AC2E9011054
:1058400020211460D160BFF35F8F4FF0A3410B6044
:10585000BFF35F8FBFF35F8F0A61BFF35F8FBFF34B
:105860005F8F03234B63BFF35F8FBFF35F8F8B6348
:10587000BFF35F8FFEF74AFB431C0446FAD0FDF7E7
:105880000FFE204602B010BD2C1E00200400002098
:105890002000002078020020100000201C1E0020A4
:1058A0002DE9F0411E46124B0C4603604FF4DE71A9
:1058B00005469046069FFEF7BFFBB8B9A8F104085D
:1058C00004EB8606284658F8042F54F8041B01F010
:1058D00021FB58B9B442F5D13946284601F049FBBD
:1058E00020B92846BDE8F04101F05EBBBDE8F0817B
:1058F0003C8B00002DE9F0431D46324BADF50D7D8C
:10590000CDE90701CDE90535222120230DF1340829
:10591000CDE90913CDE90B3207460323CDF800800A
:105920000AAA06A91DA8FFF7BBFF0446002844D118
:10593000FE7FEB7FF609DB0923494FEA467603A891
:1059400018BF46F08046FEF7FDFBDDE90394A4BBDB
:10595000324648461D491DABFEF72CFC044660BB91
:10596000202241461D9801F02BFC20221E9815A9EB
:1059700001F026FC1F9C20222046394601F020FC25
:105980002022FB7FA91803F07F03E377209801F022
:1059900017FC219C20222946204601F011FCEB7FB8
:1059A000484603F07F03E37701F018FC4846FEF712
:1059B00079FB04464846FEF7EFFB20460DF50D7DCA
:1059C000BDE8F083440200205C8B0000B877000043
:1059D00002480B1A58425841704700BF00080006A1
:1059E000034BC3F80005D3F80024D207FBD570475A
:1059F00000B004502DE9F04788B004460D46164625
:105A000001F065FA78B963690090C3F3013262F37B
:105A100005108DF8000010F0300007D1A16889074B
:105A20000FD06FF0860008B0BDE8F087102808D1CD
:105A3000BDF8023023F4F87343F4A873ADF80230D4
:105A40006DE0E76871498F4247D1238803F44F41E5
:105A5000B1F5824F44D1D9B2422941D1A16811F4A4
:105A6000A05F04D123F0FF03B3F5E24F38D00A2141
:105A70009DF8023061F303038DF8023000234FF0EC
:105A8000010A9E4619461F46D4F808C0DFF88081F7
:105A900058F8049B1CEA090F08D00AFA07F343EAF6
:105AA0000E0303F07F0E012341EA09010137072F9E
:105AB000EED12BB19DF803306EF347038DF8033020
:105AC0003CEA01010CD16388FF2B11D00BD8802B4D
:105AD0002BD0C02B04D102230BE0DBB2F82BCDD0AE
:105AE0006FF085009FE7B3F5807FF9D1042300E0D4
:105AF00003239DF8021063F306118DF8021010B90C
:105B00001CF0030F8DD12379022B1BD00FD8012B52
:105B100087D1BDF8021063F3C811ADF80210B2B11D
:105B2000032A7FF47EAF3B4F16E00123E1E7032B0E
:105B300002D0FF2B7FF475AF0221BDF8023061F374
:105B4000C8137BE7BDF8023043F4C07376E72388BF
:105B5000B3F5105FC4D1304F284601F09FF910B95A
:105B60006FF08A005FE7681C01F098F90028F7D011
:105B700002212846FDF7A8FF00287FF454AF009BC0
:105B8000044607930346DFF89490DFF894A0069745
:105B90000DF10408C446BDF802203344C2F3C1121B
:105BA000059203F1100E624618685968083303C263
:105BB00073459446F7D101206119FFF711FFC9F829
:105BC000001516485146C9F80485FDF741FD014608
:105BD0000020FFF705FF21B101F079F96FF0920085
:105BE00021E71C21404601F023F944B907F11003D5
:105BF00006934FF0FF33012407931023CAE7BA201E
:105C0000FDF7A6FD00283FF40EAFE7E70008000609
:105C100090770000000000204000815100500450A7
:105C2000005104502DE9F04F0D46002195B0DDE9FB
:105C30001E781646814602889B46C8F800103960D7
:105C4000002B69D04168484C0B0AB4EB112F24D1CA
:105C500002A9D0F814A0FDF797FC0446C8B9029B2E
:105C60009B457AD35FFA8AFA2A4651464846FFF79F
:105C7000C1FE044668B9214633465046CDE900B717
:105C800003AAFDF74BFF044618B9BDF80E30C8F85B
:105C90000030204615B0BDE8F08F002B60D122F017
:105CA000FF02B2F5E24F1DD14388BBF11F0F0393F2
:105CB00053D903A9FFF79EFC04460028E9D1024608
:105CC000691E731E1F3511F8010F8D4203F8010F75
:105CD00042EA0002F7D1FAB1039BC8F80030202352
:105CE0003B60D6E7B2F5824F3AD14288B0F800A0C7
:105CF00002920AF44F42B2F5824F18BF4FF0000AE9
:105D0000691E03A81F3511F8014F8D4200F8014BA1
:105D100043EA0403F7D113B96FF08604B9E7BBF186
:105D20001F0F1AD9484602A9FFF764FC0446002851
:105D3000AFD15FFA8AF3122BEED0302BECD0334682
:105D400003AA0BAE154603CDB542186059602A462A
:105D500003F10803F6D1029BBFE76FF0890498E7CF
:105D60006FF0850495E700BF4B4E800030BFFFF712
:105D7000FDBF00BFEFF30880EFF3098101B5724664
:105D8000FDF7EAF801BD00BF002080F31488BFF3DF
:105D90006F8F002080F30A8880F30B880F4880F310
:105DA0000888FDF7D7FA00200D490860BFF34F8F30
:105DB000FDF748F9202080F311880A484FF400616C
:105DC000401880F30988EFF314800221084380F320
:105DD0001488BFF36F8FFDF75BF90000684F002058
:105DE00094ED00E0684F00201EF0040F0CBFEFF3AD
:105DF0000880EFF30980816911F8021C0229FFD0A5
:105E000001B5724600F0F0FF01BD00BF08B50248C1
:105E100000F018F8FEE700BF3695000008B5024B09
:105E20001B689847002008BD5C1E0020034B044AF5
:105E30001860937843F00203937070475C1E002053
:105E400034020020F8B50E4B06461D68AB789B0760
:105E500012D56F6816F8014B29462CB90A20B847AD
:105E6000002805DB204609E02046B8470028F1DA83
:105E7000AB7843F00403AB704FF0FF30F8BD00BFC8
:105E8000EC8C00002DE9F04F8378154685B007466D
:105E90009A07D0F8048040F1B580002691F800B050
:105EA000BBF1000F00F0B080BBF1250F05D001F170
:105EB000010A01363946584660E091F801B001F117
:105EC000020ABBF1250FF4D0002401211F2C26D893
:105ED000ABF12002102A10D9ABF13002092A37D8D1
:105EE0001AF801BBBBF1000FF0D139462520C0479D
:105EF0000028C0F283800236DCE701FA02F0844B0E
:105F00001842EDD1032A64D0ABF13002092AE7D957
:105F1000BBF12A0F11D1043544F02004E0E77F2CB7
:105F200016D8ABF13002092ADAD9BBF12A0F0CD10D
:105F3000630605F10405D3D4EEE7BBF12E0F0AD1B9
:105F4000600661D444F04004CAE7BBF12E0FF7D0DD
:105F5000BBF16C0F2CD0BBF16C0F13D8BBF1680FE9
:105F60002DD0BBF16A0F31D0BBF14C0F2ED0BBF15D
:105F7000630F0DD10136394615F8040BC0470028D0
:105F800036DA3BE0BBF1740FAAD0BBF17A0FA7D091
:105F9000ABF16402112A00F29080DFE802F0398E42
:105FA0008E8E8E398E8E8E8E8E98888E8E1C8E72F0
:105FB000220648BF44F4007444F0800490E7E305EF
:105FC00048BF44F4007444F4807489E744F42074B6
:105FD00086E7102484E72C684E4B002C08BF1C4633
:105FE000A1464B4619F8010B20B9341B04351E1984
:105FF000514653E73946C0470028F2DABB7843F0F0
:106000000403BB704FF0FF36304605B0BDE8F08F9B
:1060100020062DD5A10549BF073555F8040B25F0FD
:10602000070555F8080B00280DF104094FF00A0286
:10603000BCBF44F48064404224F01004A4B249463A
:1060400001F085F9E206A0EB09094DD5394630206B
:10605000C0470028D2DBBBF1000F57D002363946CB
:106060005846C0470028C9DB4C460DF1040B49E0F7
:10607000E20555F8040BD6D5A3054CBF40B200B2DB
:10608000D1E724F010040A22A4B2200623D5A105EA
:1060900049BF073555F8040B25F0070555F8080BDF
:1060A00010B924F01004A4B20DF10409C7E744F0BC
:1060B000100410224FF0780BE7E74BF02002782A0B
:1060C0007FF413AFCBF1780242F01002DDE7082233
:1060D0004FF0000BD9E7E30555F8040BE0D5A10517
:1060E0004CBFC0B280B2DBE76305BDD5013639468F
:1060F0002D20B6E7013C39461BF80400C0470028B4
:10610000FFF67CAF002CF5D14E4471E70136ABE7CA
:10611000812801003B95000008B5054B044613B1EA
:106120000021AFF3008000F005F82046FFF76EFE77
:106130000000000038B5074D074C641BA41024B9BB
:10614000064B0BB1AFF3008038BD013C55F824304D
:106150009847F4E700000000000000000000000085
:1061600010B504464FF41372002101F0E8F8204600
:1061700010BD002070474379012B07D10368012B24
:1061800004D10079431E584258417047002070479F
:1061900070B50368CD1A002D02DC6FF05F0070BD92
:1061A00093F900601C78002E0ADB5C1C04601B78ED
:1061B00013600368C91A13688B42EED80020EEE71B
:1061C00004F07F04013C032C2BD8DFE804F0020A22
:1061D0001421012DE1D05B78136003680233036062
:1061E000E7E7022DD9DDB3F801305BBA9BB213604B
:1061F00003680333F3E7032DCFDD9C785D78240239
:10620000DB7844EA05442343136003680433E6E77C
:10621000042DC2DDD3F801301BBA136003680533C7
:10622000DDE76FF06300BAE770B404680E1B002E60
:1062300007DD26789E4208D10134046070BCFFF768
:10624000A7BF6FF05F0070BC70476FF06100FAE7A6
:106250000368D90444BF43F48063036003689A046D
:1062600044BF43F400630360704708B58368DB688C
:106270009847006808BD0020704770B48D680026FC
:1062800005F00305032DCB6002D08E6070BC704713
:106290004D688E60002DF9D0AC4670BC6047038B12
:1062A00013F0070305D10368002B0CBF0020032067
:1062B0007047022B05D1408BB0FA80F04009800076
:1062C0007047012B05D10368002B0CBF002005206F
:1062D00070470020704710B4EFF31182202484F33C
:1062E0001288BFF36F8F416110BC0121FAF7CCB85F
:1062F0007047002930B404460DDB806888420AD913
:10630000401A834207D8E06864682144846824689E
:10631000A44630BC60476FF0150030BC704710B425
:1063200084680A46203C24F00F04A4F130010423C1
:1063300010BCFFF7DEBF002930B404460DDB8068D7
:1063400088420AD9401A834207D8E0686468214429
:1063500084686468A44630BC60476FF0150030BCA8
:10636000704708B5C0688368DB689847407908BD06
:10637000012801D1EFF30583EFF31183202383F389
:106380001288BFF36F8FEFF3118283F31288BFF38C
:106390006F8FFEE70021012008B5FFF7E9FF40E815
:1063A00000F313F4803FD8B208BF6FF015007047B8
:1063B00030B50C684B6885B00A894D890094013B63
:1063C00024F01F04234402F01F0242EA451223F086
:1063D0001F0369468DF808200393FAF7B5F905B055
:1063E00030BD0C220369C9B201FB0233186C00F006
:1063F0000700704770B5C9B20369EFF31185202417
:1064000084F31288BFF36F8F0C2606FB0134246CD3
:1064100014F0C00408D0A24206D085F31188BFF35F
:106420006F8F4FF0FF3070BD012271430B441A642F
:1064300085F31188BFF36F8F43680B445B689847FF
:106440000020F0E78022FFF7D5BFF8B5069F04696A
:10645000C9B2EFF31186202585F31288BFF36F8F41
:106460000C2569430C44256C05F0070CBCF1010FA9
:106470000BD1276486F31188BFF36F8FC4E90E2315
:1064800043685B5898470020F8BD05F0C005AF424F
:1064900086F31188BFF36F8F0CBF6FF077004FF05A
:1064A000FF30F1E713B580240094FFF7CEFF02B070
:1064B00010BD6FF08500704710B41C240069CBB28A
:1064C00003FB0400002110BC1047FAF703BA38B5EB
:1064D0000C4603210546A047002802DA10F1860F7A
:1064E00004D101212846A04700EAE07038BD436886
:1064F00000205B68DB680B607047436802EA0100BC
:106500005B6821EA02015860002099607047436887
:1065100000205B6859607047436800205B689960A1
:10652000704743685A68136821EA03000B405060C3
:1065300000209360704710B503695868F8B188422D
:1065400019D19C680868A142586000D19860002069
:1065500008602AB15A680A609A68596002B999605D
:10656000002010E0814206D10868206098688142CE
:10657000EDD19C60EBE7044600680028F2D1002AC8
:10658000E8D16FF0150010BD43681B68D3F83031B7
:10659000704743681B68D3F88004C3F880047047D1
:1065A00042681368D3F84C0150B10020926A127807
:1065B0000A70C3F84C01D3F84C2101229A6270474B
:1065C0004FF0FF307047012970B504460D461BD1CE
:1065D00043680021D868FAF743FA66680021F0683A
:1065E0003468FAF73DFA0823C4F80035337A4BB91A
:1065F000B26AC4F80427C4F80857C4F84C31D4F878
:106600004C31A562002070BD6FF08500FBE738B506
:106610000C461546FFF7A5FE2146254411F8013B1F
:10662000834203D1A942F9D1012038BD0020FCE703
:1066300038B50C460123114622460546FFF759FEA0
:1066400000280FDB012221462846FFF7E0FF38B97A
:106650002378012B14BF022301230020237038BDAF
:106660000323FAE70120FAE703460020184710B594
:106670000368CB40DB0710D401238B40026843EA58
:106680000201D0E8EF4F944204D1C0E8EC1FBCF106
:10669000000FF6D1F2D1002010BD6FF01500FBE71E
:1066A000FAF77EBCF0B50446002001270546844673
:1066B00095420AD1D4F8443133B10023C4F84431AF
:1066C000D4F8443140F40030F0BDEBB29B0003F548
:1066D00080769B0807FA03F3194208D054F806E0C5
:1066E000BEF1000F03D044F806C0A6591843013587
:1066F000DEE707B5019001A8FAF776F9019B00EBF8
:106700008300D0F8803023F4403343EA0141C0F8DD
:10671000801003B05DF804FB10B504460846FAF794
:1067200095FC04EB4004A08AC0F3401010BD10B5E6
:1067300004460846FAF78AFC04EB4004A08AC0F33A
:10674000400010BD10B504460846FAF77FFC00B2C1
:1067500004EB4000838ADA051DD5C3F3432123F4FB
:10676000F853838204F1120204F1580032F8023F18
:1067700013F4807F03D0C3F3432399420BD08242AA
:10678000F4D1002204EBC1035A6004F16000BDE8BB
:106790001040FFF76CBF10BD38B504460D46FFF73B
:1067A000BBFFC8B12046FFF7C2FFA8B90846FAF7F9
:1067B0004DFC012304EB4000828A2168520B934078
:1067C000C1F81833236803EB8203D3F8102522F0B5
:1067D0000302C3F8102538BD2846BDE83840002123
:1067E000FFF787BF70B504461546FFF795FF48B120
:1067F0000846FAF72BFC04EB40040020A38A5B0B4D
:106800002B7070BD6FF01500FBE770B504460846AD
:106810001646FAF71BFC083034F810300D46DA053E
:1068200009D5C3F3432304EBC3023146284654F889
:10683000333052689847A3682BB131462846E26846
:10684000BDE87040184770BD00207047037F022BE1
:1068500006D1036A5A1C03D001330362002070473B
:106860006FF09600704738B5044694F8443204300F
:1068700053B123684FF4DE716360DB69984710B948
:1068800084F84402002038BD636813B3227F02BB42
:106890004FF4DE71DB69256998470028F3D16368FE
:1068A00025615A69A36A216AC2F5CA7213440B6052
:1068B0006368226A5B6943F000539360A268236AAD
:1068C0005268DA60236A10332362E3680233E360BC
:1068D000D8E76FF02000D6E710B504460221C720A4
:1068E000F9F712FFC720F9F7EFFE2046BDE8104088
:1068F000FAF756BD10B5044602214FF48270F9F73D
:1069000003FF4FF48270F9F7DFFE2046BDE8104028
:10691000FAF746BD022804D0042804D10020FAF773
:106920007DBD0120FBE770472DE9F04306460D468B
:106930001F46144685B02AB38368994230D25B1A49
:1069400093422DD3C068FFF790FC81463046FFF795
:1069500008FD10220146684600F0F1FC2C44C9F104
:1069600000089FB108EA0508A4EB0905454509D0D0
:106970004B466A4629463046FFF7DDFC18B95FB141
:10698000454506D8002005B0BDE8F08308EA0408B4
:10699000ECE7A5EB0905E9E74D44A845E6D8F1E7A2
:1069A0004FF0FF30EFE738B50446406A10B1A16AF6
:1069B000FAF7FEFB237F012B0FD0023B012B0FD8F0
:1069C000236A012B0CBF00256FF096052C220021B5
:1069D000204600F0B4FC284638BD236A002BF1E7BE
:1069E0006FF09605F2E7034668B1017F8A1E012A1F
:1069F0000BD80329026A03D1012A01D1FFF7D3BFC3
:106A00001AB1013A1A62002070476FF09600704781
:106A100038B503460C46A9B1580706D00022013C00
:106A200003F8012B01D05907F9D124F00F052A46AC
:106A30000021184600F083FC03460021421923443C
:106A4000934200D138BD02F8011BF9E70846114610
:106A50001A4609B1FAF7C0BE6FF015007047084634
:106A60000021FAF7B9BE6FF0850070472DE9F043B9
:106A70001D46064685B0C0680F469046FFF7F5FBF9
:106A80006C1E044440420440102C01D900F04FFC1D
:106A90003046FFF766FC81462A464146684600F0CC
:106AA00070FC4946621B0DEB050000F048FC2346D4
:106AB0006A4639463046FFF73EFC003818BF0120D1
:106AC00005B0BDE8F083042307B5019181680DEBA3
:106AD0000302203921F00F013039FFF7C7FF03B05F
:106AE0005DF804FB012307B5816801AA203921F074
:106AF0000F018DF80430FFF7B9FF03B05DF804FB18
:106B0000024610B5116891B1B1FA81F3C3F11F00CB
:106B10000123834021EA0303D2E8EF4F8C4204D1E2
:106B2000C2E8EC3FBCF1000FF6D1EBD110BD6FF025
:106B30000B00FBE72DE9F743174604460846FAF732
:106B400085FAD7F800800E460546B8F1000F26D02A
:106B50002046FFF7ECFD40B12046FFF7DDFD20B1F8
:106B60006FF0150003B0BDE8F08301A80196F9F7B6
:106B70003BFF019B98F8002000EB8300D0F88030A9
:106B800023F00F0343EA82032AB2C0F8803004EBFB
:106B90004202938A23F0020343F0010393827B684D
:106BA000A3B13146204693F80080D3F80490FFF754
:106BB000BEFD80B1B9F1000FD2D12AB204EB42027E
:106BC000938A23F01C0343EA88039382BB68002B5B
:106BD00046D10020C6E728B204EB4000838A23F4A4
:106BE000604323F020038382B9F1000FE5D0B8F1B0
:106BF000030FB5D87B6821685B6893F800C001EB90
:106C00008C01B8F1000F04D1C1F81085C1F81085CE
:106C1000D3E7D1F8102522F00302C1F8102522682D
:106C200002EB8C03D3F8102522F4473222F47C7255
:106C3000C3F8102541F6F072D3F8101502EA0612D7
:106C400042EA08420A43C3F8102504EB4C03A3F8B8
:106C50006460838A43EA4C3343F020038382ACE7C9
:106C60003146D3E900782046FFF76CFD002FB0D005
:106C700063689F4206D004F16000FFF741FF0028DF
:106C800004DA6FE7A3689845F5D1002004EBC00350
:106C9000C3E901782DB204EB4505AB8AC0B243EAE3
:106CA000402343F48073AB8293E70A2840DCC31C83
:106CB00022DA10F1400F47D010F13F0F2BDA10F11C
:106CC000410F44D010F1550F44D010F1490F08BFC7
:106CD0006FF0840018BF6FF08600704709282AD82B
:106CE000DFE800F00529290816293829292F6FF037
:106CF0009800704700207047C31C0D2B1BD8DFE89D
:106D000003F0072F1A1C1A1A1A1A1A1A1D1A1A1D1A
:106D10006FF08500704710F1210F1ED00BDB10F1D2
:106D2000200F1DD010F1100F08BF6FF09400D1E7B5
:106D300064380928D2D96FF0860070476FF094004C
:106D400070476FF08C0070476FF0840070476FF0F1
:106D5000890070476FF0930070476FF088007047AC
:106D60006FF092007047704713B50C46C0B201A98E
:106D7000FCF748F830B92146019802B0BDE8104050
:106D8000FBF7E0B8012002B010BD1FB5042001A937
:106D9000FCF738F810B1012004B010BD019C02A925
:106DA0002046FBF7CFF80028F5D19DF80B30032BD8
:106DB000F2D12046FFF796FEEEE707B5042001A9C1
:106DC000FCF720F870B9012301986A4681688DF8B4
:106DD0000030203921F00F011039FFF747FE03B0D2
:106DE0005DF804FB0120FAE708B501460068FFF7EB
:106DF000BFFAFEF7BBBF61B662B680F31188BFF37E
:106E00006F8F7047EFF31180202383F31288BFF355
:106E10006F8F704710B5044618B9BDE81040FCF7F5
:106E20003FBB03781BB1FCF73BFB0023237010BD75
:106E300000231A4682B001908B4201D102B0704704
:106E40000198C2540133F7E710B50368044643B113
:106E5000052B04D14FF412710430FFF7E9FF002332
:106E60002360002010BD13B50C46FCF71BFCC31CAF
:106E70000FD0013009D004224FF0FF3321460DEB33
:106E80000200019300F08AFA30B96FF08B0002B073
:106E900010BD6FF08400FAE70020F8E707B501A9FC
:106EA000FCF700FC003818BF012003B05DF804FBBC
:106EB00008B5FCF78BFC48B1002383F31188BFF3BE
:106EC0006F8F0423184602DF6FF0040008BDF7B58A
:106ED000BA2001A9FCF7E6FB044610B1002003B07C
:106EE000F0BD019D2F0AEDB2AC4205D1BA20FCF7EE
:106EF0002FFC0028F2D008E0E6193046FCF728FC09
:106F000030B13046FFF7CAFF10B96FF09200E6E7E4
:106F10000134E9E708B5037E43B32AB38368062B3F
:106F200005D91830FFF776FF6FF0440008BDB2F1C5
:106F3000807F05D31830FFF76DFF6FF03F00F5E756
:106F4000C3691960C3699A604168C369C968D96037
:106F5000C3691033C361036913440361C3681344F5
:106F6000C3608368013383600020DFE76FF0200097
:106F7000DCE710B5037E04469BB1D0E903239A42B7
:106F800004D00268836A5268534083622046636972
:106F9000984704F1180004F17C0100F02EF900205C
:106FA00010BD6FF02000FBE770B505464FF0FF34D1
:106FB00000F11806631C01D0204670BD2B7E43B142
:106FC000FCF7A4FF421C0446F8D03046FFF722FF2E
:106FD000F0E76FF02004EFE770B5036805460E4652
:106FE00093B3052B2AD14368041DDB68402B28D8B6
:106FF0002046FFF738FC18B1FFF757FE044618E0AB
:107000006B6804341A69D5F8C4312046D21A05F5E4
:10701000E471FFF77FFF0028EED131462046FFF7ED
:10702000A8FF0028E8D12046FFF7BEFF044600284D
:10703000E2D12846FFF708FF204670BD6FF08804B4
:10704000F7E76FF08904F4E76FF08804F4E72DE9BF
:10705000F8430368044688461546002B00F0AA80D2
:10706000FAB1052B40F0A680D0F8C461B2420DD22F
:10707000636800F5E4701B699B1B184400F081F9FC
:10708000D4F8C4315B1BC4F8C4310AE0071D38468C
:10709000FFF7E9FB48B1FFF708FE0546002840F07E
:1070A0008B8000252846BDE8F883636804371A6999
:1070B000D4F8C43104F5E47949463846D21AFFF7CA
:1070C00029FF0028E7D16368D4F8C4611B69AE1BAF
:1070D000B6FBF3F203FB1266AD1B2A464146384667
:1070E000FFF718FF0028D6D194F82030002B5ED08F
:1070F000A16863690A6904F12000B3FBF2FC02FB9A
:107100001C3323B1FFF786FE6FF04500C3E7D1E9DA
:1071100005321344D02B04D9FFF77CFE6FF0220018
:10712000B9E78A68236B534023634A685A40226355
:107130004B69A26AD91CC3F5CA7CE36A21F003013A
:1071400063441360A268A36A52699A60A26A02F15A
:107150001003A362A3685B6999420BD000231361FB
:10716000A268A36A5269891A41F080419960A36AB2
:107170001033A36204F1840100F03FF83846FFF7B2
:1071800013FF002887D1636880211B694846C4F833
:10719000C431FFF74DFE002E83D03246484608EB3F
:1071A000050100F0EEF8D4F8C4319B1B6BE76FF0DB
:1071B000200070E76FF088052046FFF745FE71E775
:1071C0008B18991A12B110F00F0F01D100F0D9B835
:1071D0000978013AC9B200F8011BF2E70369DB68DC
:1071E0002BB1026843F4202343F400631360BFF320
:1071F0005F8F032203689A6070474368A3F110020F
:107200008A4241D8012243F80C2C53F8042C42F056
:10721000200243F8042C53F8082C42F0005243F8A3
:10722000082C836800F11402A3F1100191422FD8B9
:10723000012243F80C2C53F8042C42F0200243F8AE
:10724000042C53F8082C42F0005243F8082CC36871
:1072500003F15402BFF35F8F4FF0A3431A60BFF3F3
:107260005F8FC2680432BFF35F8F1A61BFF35F8F15
:10727000BFF35F8F03225A63BFF35F8FBFF35F8F4C
:107280009A63BFF35F8F7047103141F80C1CB7E76A
:10729000103242F80C2CC9E72DE9F04F85B00D46AD
:1072A000C0B201A91646FBF7ADFD00283BDB019BF0
:1072B000002B38D0D3E90178D86802A9836803AAE3
:1072C0005B69D5F800909847DDE9020A00231C4667
:1072D00019460430B844514502D100202B6012E019
:1072E0004FF0000CD0F800E050F8042C944502D385
:1072F00001310830EFE7A74211D8A045EDD99945F3
:1073000004D86FF00B0005B0BDE8F08F06EBC302A8
:10731000A4EB070B46F833B0C2F804E00133744421
:107320000CF1010CE0E76FF01500ECE7704708B5D1
:10733000FCF702F808B5FEF771FD002008BD024415
:107340000346934200D1704703F8011BF9E7F0B5FB
:10735000C2F13705044602F01F020846EDB2274687
:10736000B4FBF2F602FB16413446CBB2092984BFC6
:107370005B19DBB2BA4203F1300300F8013BEED9EE
:10738000F0BD0A44431E914200D1704710B511F878
:10739000014B914203F8014FF9D110BD013902446C
:1073A00010B5904201D1002005E0037811F8014F9B
:1073B000A34201D0181B10BD0130F2E711210000DB
:1073C00000000000B5070000000000000000000001
:1073D000247400000000000044740000000000005D
:1073E00084740000000000006474000000000000CD
:1073F000A474000000000000C47400003D1A0000E6
:1074000000000000411C000000000000000000001F
:10741000E4740000B16E000000000000E1160000FE
:1074200000000000E0940000D876000040750000E5
:1074300072020020C01D0020E108000000000000D2
:1074400000000000B2940000DC7500001C75000014
:1074500068020020E8020020411600000000000041
:1074600000000000BD940000F07500001C750000D5
:107470006A020020F4020020411600000000000013
:1074800000000000C8940000047600001C75000095
:107490006C020020000300204116000000000000E4
:1074A0000000000082940000647600005C7500001B
:1074B0006E0200200C030020D9680000676A0000FB
:1074C00000000000D4940000AC7600005C75000061
:1074D0007002002014030020F5680000676A0000B5
:1074E00000000000999400000000000004750000F6
:1074F0007402002000000000D50900000000000018
:1075000000000000411800004D6A00005F6A0000A2
:10751000BD090000AD090000C5090000D524000028
:10752000EF640000FB6400000F65000019650000B7
:1075300023650000452300003765000000000000BF
:10754000B364000045640000A56400000000000072
:10755000E36300000000000000000000A1650000DF
:10756000090C0000936500002A950000030000004C
:08757000229500000300000059
:1075800000A0105000820D500004055000000000C3
:107590000338FDD870470000000000000000000024
:1075A0000338FDD870470000000000000000000014
:1075B0000338FDD870470000000000000000000004
:1075C0000338FDD8704700003B000000000C0000AD
:1075D000000300000000000000000000FFFF0000AA
:1075E00000820D501001002000000000010000008A
:1075F000FF0700000004055000000000000000002C
:10760000020000001F00000000A0105088010020B0
:10761000000000000000000026000000270000011C
:107620002600000027000001207600000200000074
:10763000187600000201000000700C50287600004F
:1076400002000000008000020280000003800001B0
:107650000180000300000002020000000306000198
:107660000106000300700C50000000000000000044
:107670003876000000C201000000D60100000000C2
:107680000000004000000000611E0020601E00207D
:10769000547600000400000044760000040100005D
:1076A0000040105090760000020000000040105092
:1076B0000000000000000000A076000000C20100F1
:1076C0000000D601000000000000004000000000A3
:1076D000631E0020621E00206D180000411900008A
:1076E0008D940000D50F0000A16600009394000067
:1076F000010000000000000000D80000E474000059
:107700000200000000D8000000080000E47400003F
:107710000300000000E0000000080000E474000026
:107720000400000000E0000000800A00E474000093
:107730000500000000E8000000780A00E474000082
:107740000600000000E8000000780A00E474000071
:107750000700000000600B0000800A00E4740000D5
:107760000800000000E0150000100000E4740000B4
:107770000900000000F0150000600000E474000043
:107780001300000063000000A300000003000000DD
:1077900000010000000200000014000000280000AA
:1077A0000040000001000000020000000000500046
:1077B0002000000082930000000060002000000014
:1077C000C293000000388A408F409440A140A640F8
:1077D000AC401548CB40AE40A340003800380038DC
:1077E0000038CE40ED409D4149415641324137413C
:1077F0003C414141B941BE41D7410E42FA418D4120
:107800001B42804162426A42774274436E43664340
:107810007F432E4824460038003800380038AF48EF
:10782000D548F34863457D4585439D45A845BB45FF
:10783000E345ED45CF45FC4515468C466E469546DD
:107840008E460038003800382842003800380038AA
:107850000038003800380038003800380038003868
:10786000003800381949194919491949194919495C
:1078700019491949194919490038003800380038A0
:107880000038003800380038003800380038003838
:107890000038003800380038003800380038003828
:1078A0000038003800380038003800380038003818
:1078B0000038003800380038003800380038003808
:1078C000003800388C090038FFFFFF00000000007E
:1078D00010270081878A001A7B627AA678797A8DD0
:1078E00000307B627AA778797A8D003078207B62CD
:1078F00079217A220C10865082A2808182A282870E
:10790000828D001A0030722095407AAC797B00306D
:1079100078247B627AA884797A8D00307224A7401B
:107920007B2479257A26856286A87284868D11A6A5
:107930008584116286A785868420862186228650CA
:107940009A5086A6867286A88685868D8462868DE4
:10795000781086A67270001A00307ABB78790030F1
:1079600000830030001C001C001C001C001B7C223B
:10797000001D1310D040001A001C001C001C001B2E
:107980007C22001D001B7C22001D1310DA40001A0F
:10799000000C016A3427001A006E1027001A7B625F
:1079A000782479257A260C1086500E1022590E1054
:1079B0001A59848FC50811B885850410295911A258
:1079C00084871AA211111120071890A2801A902002
:1079D000001919A272871AA61970001B7C201AA21E
:1079E0001A8013100B410E101D590410335986A232
:1079F0001A72868D001A0030870811B8858211A28C
:107A000084871AA211111120031890A2801A9020C5
:107A1000001915A281871AA215151520031890A226
:107A2000801A902000190741865005240825042655
:107A3000F5408650042406250526F54086500C2482
:107A400006250B26F54086500B2408251A26F550EE
:107A500000AB0C1A00300DA702720AAC060D0EA77F
:107A600003720BAC060E02620CA872030C8D003080
:107A70007DBB0203048F05A670700362865004204C
:107A800072210E229A500070108A0E240B250E26A9
:107A9000F35002728650042072210D229A50027215
:107AA0001027108A0D240A250D26F35005A70D0E68
:107AB00005200C2105229A50007005BB030505A680
:107AC0000E05003002628650042072210D229A5069
:107AD0000070108A0D240A250D26F35000300DA7E2
:107AE0000D0E05A67070027286500C200D21052225
:107AF0009A50007005BB030505A60E050030026212
:107B00000DA7027203620EA7037201BB0D0E00BB2C
:107B100002030D200E21802282AC808181208221EF
:107B20003910A941006201A80180018D01240825B6
:107B30000626B15000300324062508268650F3405F
:107B4000032405250A268650F350026286500A2037
:107B500072210A229A503810003906200A210B227D
:107B60009A500BA60B0C0BA80B050B8D3810003987
:107B7000003002620A8E0A8F0B8E0B8F0727875008
:107B80000EA8720B0C200E210D229A500A200E21F5
:107B90000E229A500062865003240D251A260821D1
:107BA0000E221A510262008107271A2072211A221E
:107BB0009A5000AB0A1A003086500DBB08060DA67D
:107BC000040D032406250E26F3500E2007210E2255
:107BD0009A500EA7050E0E8D0E240D250B26F34090
:107BE00086500A2408250D26F35002200D210E226E
:107BF0009A500E240C250B26F340865007200A21AC
:107C00000D229A5003240C250E26F35005A60D0EC6
:107C1000058D0030865001A700720AB901000624C4
:107C20000A250426F55077A7047238100030011891
:107C300077A70401381000300420042104229A5050
:107C400077A704723810003C001977A70401391097
:107C5000003C0030A0A27210685380A2811090A254
:107C600091100210965308105B541410FB543910F5
:107C70008134001A000C865033A2041002102D44E7
:107C80000810D74414105B455852262078214852DA
:107C90002621001C7A20CC425852262078214852B6
:107CA0001D2079214A52262026211D22001E7A20DD
:107CB000CC425852782479257D527A20CC4211202A
:107CC00084214852112010107A590E103649012192
:107CD0008526006886AC86012EA67070C1522E22C1
:107CE00036102C2235A78682006CC80811B8358161
:107CF000EA5026201121001C2620021012541121C6
:107D000026220718B120021015540810C754141069
:107D1000515580210019E35226202621D0501122EE
:107D2000BC520068C152006C2320361026201B2252
:107D30000318001E802100192621001A001B0B10B9
:107D40002320001F001A2CBA73742CBA2C2C2CA7D9
:107D50002C742DA7018677A72D2C001AA122DC52A6
:107D600002108D53081054541410F65480A28072DF
:107D700090A29072808D908D001A003082A28210A5
:107D800082A2827282A81082001A2C20132116224D
:107D9000071880A2818280219020B222001932220D
:107DA000DC5229A2322828A2323131A2292525A26B
:107DB000293030A2312222A2312F2FA2301F1FA240
:107DC000302E2EA22F1C1CA22F2D2DA22E1919A24F
:107DD0002E2C2CA22D1616A22D132FA6117030A614
:107DE000127031A6137013A62C70112011210818DF
:107DF00002108D53081054541410F654A020B121D1
:107E0000001926A62F7027A6307028A63170001AF8
:107E10001120842148521D20822148528A0811B81D
:107E20008583142011211122001C05188024B12003
:107E30008421001E001920201D211D22001C051870
:107E40008024B1208421001E0019E352262026211F
:107E50001922001EDA501122BC5219222620BC52CF
:107E600077A22872F810821077A7850177108620F4
:107E7000CC4285A6850183A6830183A6830113A234
:107E800072101DA619701EA61A701FA613702C431F
:107E9000585278210810E044818F918F001A0030E9
:107EA00077A701003810013A001A00305852042117
:107EB0006853021039540810F0543810053A001A6B
:107EC00000305852262078214A52001A0030585269
:107ED000151075536E53262002214A5200302DA2F0
:107EE000A1A12EA2A12D80A2812D90A2912E001AD7
:107EF0002FA205102EA280802CA280332EA22E80CD
:107F00002DA290902EA62E2C2EA62F2E2CA72D2EF5
:107F10002CA22C722C8D001A30A691912CA6818156
:107F20002DA230911A10E24331A2A1A11810C5432D
:107F30002EA2818131A231312CA22C2D31A23133DC
:107F40002FBA2E742EA62F3131A62C2CD1432EA65B
:107F500081312FA781312CA22C2D2EA22E2F31A6BC
:107F60002C2C2EBA2E742DA22D2D2FA22E2E2DA606
:107F70002D2D80A72F3131A72C80A0A230A12FA2B8
:107F80002E3190A72F2D001A2EA281812CA22C2DEC
:107F9000CD4331A67092ED4331A77092ED4330A2EC
:107FA000A1A12FA231A131A230822FA22F3031A75F
:107FB00031812FA72F9130A23131A0A231A12CA263
:107FC000813030A231302EA62C2C31A22F2F2EA69C
:107FD000302E80A7312E2CA72C802EA2913031A2DA
:107FE0002F2C90A7312E001AB0A2A0A0001A2EA606
:107FF00070921B442EA770921B442DA2A2B231A2F4
:10800000A1A12CA281B22FA2A13131A282312DA235
:10801000912D2FA22E2F2EA2A1A22C21F543AAC36F
:10802000E7D3EAE32CA6047477A72C00381477A6CC
:1080300004707814001A2DA205102EA633332FA633
:108040002D2D2EA22E2E2FA62F2D2EA22E332FA277
:108050002F2F30A62F2F2EA62E2F2FA62E3077A211
:108060002F72001A90A77090908D001A2DA2A1A1D6
:1080700080A281A190A2912D001A2FA205102EA2FC
:1080800080802CA280332EA22E802CA22C802DA2A8
:10809000909030A280902EA62E2C2DA62D302EA6AC
:1080A0002F2E2CA72D2E001A2CA281A12DA281816A
:1080B0002EA62D912DA22D2DA0A22C2C2CA22C2E43
:1080C0002EA22E2E181085442FA2A03387442FBA3B
:1080D000A0042EA62E2C80A62E2F2CA6A02C2DA2DE
:1080E0002DA02CA22C8090A62C2D001A7023984431
:1080F0008223984431A683922FA282A130A2A1A10B
:1081000030A2313031A2818132A22F2F29A6313203
:1081100031A63191A0A229A131A22F312EA6812F03
:1081200032A630322FA6913032A281322FA22F2ECA
:108130002CA2812F2DA2299180A632312CA62C2D84
:1081400032A62FA031A22C2929A2328090A6312953
:10815000001A30A2A1A12DA2A2A22CA281A22FA21C
:1081600082A12DA2912D30A292302EA2A1A22C216B
:10817000A04472C494D496E4006877A772043714BC
:10818000006C001A2DA272872CA22D8177A7812C5A
:10819000391081362CA22D9177A7912C3910913668
:1081A000001A003077A60570001A90A68090001A79
:1081B00080A281A190A291A1001A31A272102CA2DA
:1081C00080802DA290902EA62C2D2FA22C2D2FA298
:1081D000332F2FA62F312EA72E2F2E8D001A2CA62F
:1081E000819130A281812DA291912EA2A1A12CA2D8
:1081F0002C2C2EA62E2E2FA6302D2DA7302D2CA7C1
:108200002C2F2EA72F2E90A22D2F80A22C2EA0A295
:108210002E2F001A2EA670822E452EA770822E4574
:108220002FA2A1922EA2A12E30A2819131A22E2F97
:1082300032A6912E2EA7812E2CA6812F2FA6912F0C
:1082400032A22C322CA22E2F2EA630312FA7303165
:1082500030A72C2F31A7322E80A22E3090A22F31A2
:10826000A0A23031001A2CA2A2812DA2A2912FA28D
:10827000A1922EA2A1822C2132450DC528D52BE535
:10828000001A80A77080808D001A5852022407259A
:108290007D522620CC52E6508750262072210A2299
:1082A0009A503810003906200A210B229A500BA64A
:1082B0000C0B0BA80B070B8D381000390030E65063
:1082C00087500A8E0A8F0B8E0B8F0DA8720B0C2015
:1082D0000D2135229A500A202B229A50EA505852EA
:1082E00008222B230224352526262653E65000811A
:1082F000262072212C229A5000AB0A2C0030E65026
:108300002BA872062B8DEA50585202242B257D5241
:108310000820CC42000C006435A60A0CE6508750B9
:108320003520722135229A500BA7073506200B21E4
:108330000B229A50381000390030000C006435A62A
:108340000A0CE65087500B8F3520722135229A5047
:10835000EA50585208220B23022435250D262653B5
:108360000030585226200B2148521D2006214A5227
:10837000262026211D22001E1D2008214A522620CB
:1083800026211D22001E0D20CC42E65087500B20D6
:108390000C210A229A5082A70882828D00305852FE
:1083A00008220C2378240A25262626530068262036
:1083B000062100AB818000AB91900030585206201E
:1083C000021050540810F35414105F5506240B2566
:1083D0007D521D2008214A52262026211D22001EE2
:1083E0001120CC5211240A257D520D20CC42E6509A
:1083F00087500A200D212B229A50EA50CF550BA608
:108400002B700D240B257D520820CC42865000088D
:1084100000B8797917A70173179E179E0BA27810E1
:1084200017A217100C200E2280A60B7090A27210BB
:1084300082A6907092A6707068460E227AA88292E8
:108440007A8D00300E210C2211A6819112A7819104
:1084500013A2111114A2121215A6829216A78292CB
:1084600015A2151216A2111611A7131481A2131426
:1084700012A2171114A6151615A7151682A2141408
:1084800016A2151513A6131292A2160B91A2111380
:1084900012103B46001B0A1040460C210E22424699
:1084A00006217A5608217C5636A2060B36A236875C
:1084B0000AA608360A8D0030E650875091A29187AF
:1084C00036A2768736A2913681A2818781A636812F
:1084D00081A28172818D91A67070001A02248F464C
:1084E000062408217A56EA501410C447F3460621A0
:1084F0007A560A8FEA501410C9471C4735A28110DA
:1085000034A2911031A2353536A2343433A204108E
:1085100035A2313634A2721033A2333531A7363149
:1085200036A6343331A73136318D39108134001AF3
:1085300031A2911036A2041031A2313133A272104F
:1085400036A2363131A7313336A6363333A236362A
:1085500033A2333634A2333335A2343635A2353123
:1085600034A2313335A23572358D33A7007333A76A
:108570003374339E339E339E352433253526F55090
:1085800035A2351034A2343533A2343433A2333615
:1085900033A63331338D72203810052081A2348008
:1085A000818D7D1081A70081001A000C8650D008B3
:1085B00011B8080132A2041032A6323284210C20F4
:1085C000A5570C212D2088571120AE57071880225F
:1085D0002D21C0205D578021AE5700190C210C20A1
:1085E00088C75DD768E7D050112217570A20B957BE
:1085F0000030001B0C200B102D206847000C86500B
:108600000821B6569C5632A2041032A63232920885
:1086100011B80A0602210C20A5570C212D208857DD
:108620001120AE57031880222D21C0205D578021D4
:10863000AE57001908212120A55721212D20885748
:108640002120AE57031880222D21C0205D578021A4
:10865000AE5700190C2121220C205D5788C75DD729
:1086600068E7DA5011221757212217570C20B95703
:1086700077A680703E10003900AB0B90003031A619
:10868000918136A7918131A2318236A2369233A6EA
:1086900070B2734731A6918136A7918131A2319290
:1086A00036A2368233A770B2734734A2A1A233A296
:1086B000B13335A6313631A7313636A7343333A638
:1086C000343380A2313690A23533A0A23633B0A223
:1086D0003531001A31A6918136A7918134A231310A
:1086E00033A2313631A2A1B136A2A1A131A63131D6
:1086F00036A6363636A7363334A7343180A2313623
:10870000A0A2363390A23334B0A23134001A80A232
:10871000811090A29110A0A27210B0A28090001AB5
:1087200031A6918190A7918180A63170A0A6A1A1C8
:10873000B0A2B132001A35A2721035A835A180A2BC
:10874000813590A29135808D908D001A0825585260
:108750007D520A20CC4258520821DB5708205F5531
:108760000822062302240A252626265377A62670E9
:108770003E100B3900AB0B270030918F2CA2918754
:108780002DA272872CA22C2C2EA72C2D2CA22C33A0
:108790002CA72C2D2DA22E2E2FA22E2C2DA22D2F2C
:1087A0002FA22F2F2FA22D2F2FA22F722F8D30A768
:1087B0000074309E309E2F2430252F26F5502FA296
:1087C0002F872DA22F2D2FA22D2D2FA22F2C2FA79B
:1087D0002F2E2F8D3910913481A22D72818D7C1016
:1087E00081A7008177A7810037109134001A000C0F
:1087F0007B62865078231BA67D721B9E34104348F3
:108800001B9E83241B257A26F5507A207A211B2271
:108810009A501BA71B831B8D3910003D001A003096
:108820005852782078211C229A501CA61C041C2027
:108830009A501CA61C051C8D1C23195877A67A700B
:108840003D1000307AA7007A00301DA77D721EA669
:108850001D701E9E83241E257A26F5503810003088
:108860001EA77A723910003D1FA283101DB91D008A
:1088700020A6757021A2721022A6212122239E58C3
:1088800024A6287025A67570A85823A72821238D13
:1088900039106B4822A622215C481DA71D721D9E1F
:1088A0001F239E5826A21F2827A2262828A7272153
:1088B000288D381099482AA6727029A2272728A740
:1088C0002921288D3810874829A229292AA62A7209
:1088D0007D481EA7202A28A6247025A61E70A85809
:1088E0002BA6287024A22B2B20A62A7026A22B268A
:1088F00027A2272474487AA226727A8D001A0030A3
:1089000023A28372238D23241D252326F55028A21C
:108910002310001A25A725723810001A28A228282B
:10892000A848061000385852022407257D522620F8
:10893000CC5200680AA60C800AAC0A013810003933
:108940002AA67206E6502BA8722A2AAC2B01875061
:108950000A2006212B229A502BA7072B2BAC2B0188
:108960002A202B210B229A50381000390030061093
:108970000038E65087500A8E0A8F0B8E0B8F2AA67E
:108980000A0B2AAC2A0138100039EA505852082242
:108990002A2302240B2523262653E6502AA60C233D
:1089A0002AAC2A0100AB0A2A0030061000385852BF
:1089B000E65087502AAC0D0F2AA62A0F2A2007213D
:1089C0002A229A502AA6062A2AAC2A012BAC0A0F80
:1089D0002BA62B0F2B202A212B229A502BBB2B0CA2
:1089E0002ABB2A0CEA50585208222A230A242B2593
:1089F0000D2626530030003885A9010F001A11BA40
:108A0000010F85A78511001A007001A67070007013
:108A100001A77D72001A007009A67070007009BB72
:108A20007D0F7D2109620081001A81620081001A98
:108A30000F210F260068868EC15236108636006CD4
:108A4000021050590310875211A6267012A62770E3
:108A500013A62870E65036A8850F368D01213626DC
:108A6000EA508742900811B8868615D418E4112080
:108A700012541D201121001C125411211D22031813
:108A8000C120001E12548021001926A6117027A6AD
:108A9000127028A6137026202621001C001C001C22
:108AA000001B7C22001D262113106B491122BC5291
:108AB0002621E7D3EAE3001A00680F8E006C2CA28F
:108AC0000F10875902108759A0A2A02C15108959A0
:108AD000001A80A2802C90A2902C001AFA1ED65F59
:108AE000BC730000C4730000047400000C74000028
:108AF000247400002474000008000000020000003C
:108B0000040000000100000000A0105000820D5081
:108B10000004055065010000001000001000000076
:108B200001FF000091080000610800000000000043
:108B30004000002040000000060001002006000068
:108B4000000200000004000040000000800000005F
:108B50004000000090000000394000003D0000008F
:108B600000000000C00E0000000000000000000037
:108B700030000000C00000001800000031000000BC
:108B80000000000030000000E00000001C000000B9
:108B9000390000000000000030000000000100006B
:108BA0002000000041000000000000003000000034
:108BB00040010000280000005100000000000000FB
:108BC0003000000080010000300000006100000063
:108BD0000000000030000000000200004000000023
:108BE000810000000000000017000000C00000002D
:108BF0001800000031000000000000001700000015
:108C0000E10000001D0000003B000000000000002B
:108C100017000000000100002000000041000000DB
:108C20000000000012000000C0000000180000005A
:108C3000310000000000000012000000E000000011
:108C40001C000000390000000000000012000000BD
:108C500000010000200000004100000000000000B2
:108C60001200000040010000280000005100000038
:108C70000000000012000000800100003000000031
:108C80006100000000000000120000000902000066
:108C900042000000850000000000000041000000CC
:108CA000FF00000020000000200000000100000084
:108CB00041000000C0010000380000003800000042
:108CC0000100000042000000FF0000002000000042
:108CD000200000000100000042000000C001000070
:108CE00039000000390000000000000034020020BC
:108CF00001000200100011001200200021002200DB
:108D0000230024003000310032003300FFFF100048
:108D10002DE15D29410B8D77679C110F1F8A25631B
:108D20003A204661696C656420746F2072656164E5
:108D3000207374617475732066726F6D2025642CC6
:108D4000206572722025640A0A00676F6F640075DF
:108D50006E736574006261640025633A2053746128
:108D60007274696E672073776170207573696E67BE
:108D7000206D6F766520616C676F726974686D2E07
:108D80000A0025633A204E6F7420656E6F75676820
:108D9000206672656520737061636520746F207250
:108DA000756E207377617020757067726164650AF3
:108DB0000025633A207265717569726564202564C7
:108DC00020627974657320627574206F6E6C7920EF
:108DD00025642061726520617661696C61626C65F1
:108DE0000A005365636F6E6461727920696D616713
:108DF000650025633A2025733A206D616769633DFC
:108E000025732C20737761705F747970653D3078BD
:108E100025782C20636F70795F646F6E653D3078C4
:108E200025782C20696D6167655F6F6B3D30782513
:108E3000780A0025633A2025642073746174757381
:108E4000207772697465206661696C732070657241
:108E5000666F726D696E67207468652073776170E4
:108E60000A0074657374007065726D0072657665D2
:108E70007274004255473B2063616E27742068611D
:108E80007070656E0025633A205365636F6E646190
:108E9000727920696D616765206F6620696D616711
:108EA000652070616972202825642E29206973204D
:108EB000756E726561636861626C652E20547265BF
:108EC000617420697420617320656D7074790A0083
:108ED00025633A20496D61676520696E6465783A5B
:108EE0002025642C205377617020747970653A20B6
:108EF00025730A0025633A20496D61676520696E14
:108F00006465783A2025642C205377617020747949
:108F100070653A206E6F6E650A0061626F72742828
:108F2000290A0025633A20505341206372797074F6
:108F30006F20696E6974206661696C6564202564C0
:108F40000A0A0025633A2045443235353139206B11
:108F5000657920696D706F7274206661696C6564F3
:108F60002025640A0025633A2045443235353139DD
:108F7000207369676E6174757265207665726966C3
:108F800069636174696F6E206661696C6564202530
:108F9000640A0025633A204661696C656420746F39
:108FA0002064657374726F79206B65792025640A7B
:108FB000007072696D617279007365636F6E6461D0
:108FC00072790025633A20436C656172656420699B
:108FD0006D616765202564207072696D617279200A
:108FE000736C6F7420747261696C6572206475654E
:108FF00020746F20737475636B207265766572746C
:109000000A0025633A20496D61676520696E207406
:10901000686520257320736C6F74206973206E6FF0
:10902000742076616C6964210A002A2A2A20426F22
:109030006F74696E67204D4355626F6F742076328E
:109040002E332E302D6465762D64353337653562C9
:109050003564323434202A2A2A0A002A2A2A205542
:1090600073696E67206E524620436F6E6E6563743F
:109070002053444B2076332E322E342D3463336606
:109080006330643434353334202A2A2A0A002A2AE9
:109090002A205573696E67205A6570687972204F6F
:1090A000532076342E322E39392D393637336565D3
:1090B000633735393038202A2A2A0A0025633A20B6
:1090C0005374617274696E6720626F6F746C6F6144
:1090D0006465720A0025633A204661696C65642004
:1090E00072656164696E6720736563746F72733B48
:1090F00020424F4F545F4D41585F494D475F5345A4
:1091000043544F52533D2564202D20746F6F2073BC
:109110006D616C6C3F0A0025633A204661696C659D
:10912000642072656164696E6720696D616765209E
:10913000686561646572733B20496D6167653D25B3
:10914000750A0025633A2043616E6E6F7420757056
:1091500067726164653A206E6F74206120636F6D81
:1091600070617469626C6520616D6F756E74206FDB
:109170006620736563746F72730A0025633A204337
:10918000616E6E6F7420757067726164653A206DF0
:109190006F726520736563746F7273207468616E9B
:1091A00020616C6C6F7765640A0025633A20436127
:1091B0006E6E6F7420757067726164653A206E6FB1
:1091C000742073616D6520736563746F72206C61C8
:1091D000796F75740A005072696D61727920696DDA
:1091E0006167650025633A20426F6F7420736F7565
:1091F0007263653A207072696D61727920736C6F69
:10920000740A0025633A20426F6F7420736F757281
:1092100063653A206E6F6E650A0025633A204465E7
:1092200074656374656420696E636F6E73697374CB
:10923000656E7420737461747573210A0025633A36
:10924000204661696C65642072656164696E67209F
:10925000626F6F74207374617475733B20496D6124
:1092600067653D25750A0025633A2070616E696364
:10927000210A0025633A20426F6F746C6F61646548
:109280007220636861696E6C6F61642061646472EE
:10929000657373206F66667365743A20307825783D
:1092A0000A0025633A20496D61676520766572730F
:1092B000696F6E3A207625642E25642E25640A0097
:1092C00025633A204A756D70696E6720746F20744B
:1092D000686520666972737420696D6167652073C3
:1092E0006C6F740A0025633A20556E61626C6520CC
:1092F000746F2066696E6420626F6F7461626C6562
:1093000020696D6167650A0025633A2050726F74A9
:10931000656374206D6375626F6F7420666C617332
:1093200068206661696C65642C2063616E63656C9E
:1093300020737461727475702E0A0025633A204E92
:10934000657665722073686F756C6420676574203C
:10935000686572650A00302A300506032B657003C4
:109360002100D4B31BA49A3ADD3F825D10CA7F313D
:10937000B50B0DE87F37CCC49F1A403A5C1320FF31
:10938000B4E0EDFFFFFFFFFFFFFFFFFFFFFFFFFF69
:10939000FFFFFFFFFFFFFFFFFFFFFFFFFFFFFFFFDD
:1093A000FF7F066D070000000000000000000000C5
:1093B00000000000000000000000000000000000AD
:1093C0000000EDFFFFFFFFFFFFFFFFFFFFFFFFFFBD
:1093D000FFFFFFFFFFFFFFFFFFFFFFFFFFFFFFFF9D
:1093E000FF7FEDD3F55C1A631258D69CF7A2DEF925
:1093F000DE1400000000000000000000000000007B
:1094000000101AD5258F602D56C9B2A7259560C7C3
:109410002C695CDCD6FD31E2A4C0FE536ECDD336A0
:10942000692158666666666666666666666666662C
:1094300066666666666666666666666666666666CC
:109440006666A3785913CA4DEB75ABD841414D0AF6
:10945000700098E879777940C78C73FE6F2BEE6CBB
:109460000352B0A00E4A271BEEC478E42FAD0618B5
:10947000432FA7D7FB3D99004D2B0BDFC14F802415
:10948000832B7561727440633730303000686663D7
:109490006C6B006C66636C6B007272616D2D636F38
:1094A0006E74726F6C6C657240353030346230307F
:1094B00030006770696F406438323030006770691F
:1094C0006F403530343030006770696F4031306143
:1094D00030303000756172744031303430303000DB
:1094E000636C6F636B40313065303030002B6570DA
:1094F0000004010403040204010401040301040341
:109500000401040103020007182323232323232338
:1095100023232323232300010405020608090F0047
:1095200001026D6375626F6F7400656432353531A9
:10953000395F707361006578697400286E756C6CB2
:1095400029000000000000000000000095630000FA
:10955000000000009563000000000000956300001B
:10956000000000009563000000000000956300000B
:1095700000000000956300000000000095630000FB
:1095800000000000956300000000000095630000EB
:1095900000000000956300000000000095630000DB
:1095A00000000000956300000000000095630000CB
:1095B00000000000956300000000000095630000BB
:1095C00000000000956300000000000095630000AB
:1095D000000000009563000000000000956300009B
:1095E000000000009563000000000000956300008B
:1095F000000000009563000000000000956300007B
:10960000000000009563000000000000956300006A
:10961000000000009563000000000000956300005A
:10962000000000009563000000000000956300004A
:10963000000000009563000000000000956300003A
:10964000000000009563000000000000956300002A
:10965000000000009563000000000000956300001A
:10966000000000009563000000000000956300000A
:1096700000000000956300000000000095630000FA
:1096800000000000956300000000000095630000EA
:1096900000000000956300000000000095630000DA
:1096A00000000000956300000000000095630000CA
:1096B00000000000956300000000000095630000BA
:1096C00000000000956300000000000095630000AA
:1096D000000000009563000000000000956300009A
:1096E000000000009563000000000000956300008A
:1096F000000000009563000000000000956300007A
:109700000000000095630000000000009563000069
:109710000000000095630000000000009563000059
:109720000000000095630000000000009563000049
:109730000000000095630000000000009563000039
:109740000000000095630000000000009563000029
:109750000000000095630000000000009563000019
:109760000000000095630000000000009563000009
:1097700000000000956300000000000095630000F9
:1097800000000000956300000000000095630000E9
:1097900000000000956300000000000095630000D9
:1097A00000000000956300000000000095630000C9
:1097B00000000000956300000000000095630000B9
:1097C00000000000956300000000000095630000A9
:1097D0000000000095630000000000009563000099
:1097E0000000000095630000000000009563000089
:1097F0000000000095630000000000009563000079
:109800000000000095630000000000009563000068
:109810000000000095630000000000009563000058
:109820000000000095630000000000009563000048
:109830000000000095630000000000009563000038
:109840000000000095630000000000009563000028
:109850000000000095630000000000009563000018
:109860000000000095630000000000009563000008
:1098700000000000956300000000000095630000F8
:1098800000000000956300000000000095630000E8
:1098900000000000956300000000000095630000D8
:1098A00000000000956300000000000095630000C8
:1098B00000000000956300000000000095630000B8
:1098C00000000000956300000000000095630000A8
:1098D0000000000095630000000000009563000098
:1098E0000000000095630000000000009563000088
:1098F0000000000095630000000000009563000078
:109900000000000095630000000000009563000067
:109910000000000095630000000000009563000057
:109920000000000095630000000000009563000047
:109930000000000095630000000000009563000037
:109940000000000095630000000000009563000027
:109950000000000095630000000000009563000017
:109960000000000095630000000000009563000007
:1099700000000000956300000000000095630000F7
:1099800000000000956300000000000095630000E7
:1099900000000000956300000000000095630000D7
:1099A00000000000956300000000000095630000C7
:1099B00000000000956300000000000095630000B7
:1099C00000000000956300000000000095630000A7
:1099D0000000000095630000000000009563000097
:1099E0000000000095630000000000009563000087
:1099F0000000000095630000000000009563000077
:109A00000000000095630000000000009563000066
:109A10000000000095630000000000009563000056
:109A20000000000095630000000000009563000046
:109A30000000000095630000000000009563000036
:109A40000000000095630000000000009563000026
:109A50000000000095630000000000009563000016
:109A60000000000095630000000000009563000006
:109A700000000000956300000000000095630000F6
:109A800000000000956300000000000095630000E6
:109A900000000000956300000000000095630000D6
:109AA00000000000956300000000000095630000C6
:109AB00000000000956300000000000095630000B6
:109AC00000000000956300000000000095630000A6
:109AD0000000000095630000000000009563000096
:109AE0000000000095630000000000009563000086
:109AF0000000000095630000000000009563000076
:109B00000000000095630000000000009563000065
:109B10000000000095630000000000009563000055
:109B20000000000095630000000000009563000045
:109B30000000000095630000000000009563000035
:109B40000000000095630000000000009563000025
:109B50000000000095630000000000009563000015
:109B60000000000095630000000000009563000005
:109B700000000000956300000000000095630000F5
:109B8000A4740000896500000000000095630000D7
:109B900000000000956300000000000095630000D5
:109BA00000000000956300000000000095630000C5
:109BB00000000000956300000000000095630000B5
:109BC00000000000956300000000000095630000A5
:109BD0000000000095630000000000009563000095
:109BE0000000000095630000000000009563000085
:109BF0000000000095630000000000009563000075
:109C00000000000095630000000000009563000064
:109C10000000000095630000000000009563000054
:109C2000100100206D1A0000000000009563000084
:109C30000000000095630000000000009563000034
:109C40000000000095630000000000009563000024
:109C50000000000095630000000000009563000014
:109C60000000000095630000C9270000696600003D
:109C700000000000956300000000000095630000F4
:109C800000000000956300000000000095630000E4
:109C900000000000956300000000000095630000D4
:109CA00000000000956300000000000095630000C4
:109CB00000000000956300000000000095630000B4
:109CC00000000000956300000000000095630000A4
:109CD0000000000095630000000000009563000094
:109CE0000000000095630000000000009563000084
:109CF0000000000095630000000000009563000074
:109D00000000000095630000000000009563000063
:109D10000000000095630000000000009563000053
:109D20000000000095630000000000009563000043
:109D30000000000095630000000000009563000033
:109D40000000000095630000000000009563000023
:109D50000000000095630000000000009563000013
:109D60000000000095630000C474000089650000D5
:109D700009270000696600000000000095630000EC
:109D800000000000956300000000000095630000E3
:109D900000000000956300000000000095630000D3
:109DA00000000000956300000000000095630000C3
:109DB000880100206D1A000000000000956300007B
:109DC0002DE9F041036883F30888002383F31488A6
:109DD000BFF36F8FBFF36F8FDFF818C0064F4FF0E0
:109DE0000058D0F804E0A7EB0C0770460047BDE828
:109DF000F08100BF40000020800000200000000033
:109E000000000000670000000000000000000000EB
:109E10000000000000000000000000000000000042
:109E20000000000000000000000000000000000032
:109E30000000000000000000000000000000000022
:109E40000000000000000000000000000000000012
:109E50000000000000000000000000000000000002
:109E600000000000000000000000000000000000F2
:109E700000000000000000000000000000000000E2
:109E800000000000000000000000000000000000D2
:109E900000A00D50000000000000000000000000C5
:109EA00000000000000000000000000000000000B2
:109EB00000000000000000000000000000000000A2
:109EC0000000000000000000000000000000000092
:109ED0000000000000000000000000000000000082
:109EE0000000000000000000000000000000000072
:109EF0000000000000000000000000000000000062
:109F0000000000000000000000C010500000000031
:109F10000000000000000000000000000000000041
:109F20000000000000000000000000000000000031
:109F30000000000000000000000000000000000021
:109F40000000000000000000000000000000000011
:109F50000000000000000000000000000000000001
:109F600000000000000000000000000000000000F1
:109F700000000000000000000000000000010000E0
:109F8000677420003F730000F16200004968000020
:109F90001002002010020020B50C0000000000009C
:109FA000FF000000FF0000000F0000000090D00341
:109FB0007762000000000000357300000000000020
:109FC0000000000053696745643235353139206E31
:109FD0006F204564323535313920636F6C6C69739D
:109FE000696F6E73010000000000000000000000B7
:0C9FF000000000000000000015E015E07B
:10E000003DB8F396000000000008000048600400DE
:10E0100000000000000009000000000000000000F7
:10E02000FFFFFFFFFFFFFFFFFFFFFFFFFFFFFFFF00
:10E03000FFFFFFFFFFFFFFFFFFFFFFFFFFFFFFFFF0
:10E04000FFFFFFFFFFFFFFFFFFFFFFFFFFFFFFFFE0
:10E05000FFFFFFFFFFFFFFFFFFFFFFFFFFFFFFFFD0
:10E06000FFFFFFFFFFFFFFFFFFFFFFFFFFFFFFFFC0
:10E07000FFFFFFFFFFFFFFFFFFFFFFFFFFFFFFFFB0
:10E08000FFFFFFFFFFFFFFFFFFFFFFFFFFFFFFFFA0
:10E09000FFFFFFFFFFFFFFFFFFFFFFFFFFFFFFFF90
:10E0A000FFFFFFFFFFFFFFFFFFFFFFFFFFFFFFFF80
:10E0B000FFFFFFFFFFFFFFFFFFFFFFFFFFFFFFFF70
:10E0C000FFFFFFFFFFFFFFFFFFFFFFFFFFFFFFFF60
:10E0D000FFFFFFFFFFFFFFFFFFFFFFFFFFFFFFFF50
:10E0E000FFFFFFFFFFFFFFFFFFFFFFFFFFFFFFFF40
:10E0F000FFFFFFFFFFFFFFFFFFFFFFFFFFFFFFFF30
:10E10000FFFFFFFFFFFFFFFFFFFFFFFFFFFFFFFF1F
:10E11000FFFFFFFFFFFFFFFFFFFFFFFFFFFFFFFF0F
:10E12000FFFFFFFFFFFFFFFFFFFFFFFFFFFFFFFFFF
:10E13000FFFFFFFFFFFFFFFFFFFFFFFFFFFFFFFFEF
:10E14000FFFFFFFFFFFFFFFFFFFFFFFFFFFFFFFFDF
:10E15000FFFFFFFFFFFFFFFFFFFFFFFFFFFFFFFFCF
:10E16000FFFFFFFFFFFFFFFFFFFFFFFFFFFFFFFFBF
:10E17000FFFFFFFFFFFFFFFFFFFFFFFFFFFFFFFFAF
:10E18000FFFFFFFFFFFFFFFFFFFFFFFFFFFFFFFF9F
:10E19000FFFFFFFFFFFFFFFFFFFFFFFFFFFFFFFF8F
:10E1A000FFFFFFFFFFFFFFFFFFFFFFFFFFFFFFFF7F
:10E1B000FFFFFFFFFFFFFFFFFFFFFFFFFFFFFFFF6F
:10E1C000FFFFFFFFFFFFFFFFFFFFFFFFFFFFFFFF5F
:10E1D000FFFFFFFFFFFFFFFFFFFFFFFFFFFFFFFF4F
:10E1E000FFFFFFFFFFFFFFFFFFFFFFFFFFFFFFFF3F
:10E1F000FFFFFFFFFFFFFFFFFFFFFFFFFFFFFFFF2F
:10E20000FFFFFFFFFFFFFFFFFFFFFFFFFFFFFFFF1E
:10E21000FFFFFFFFFFFFFFFFFFFFFFFFFFFFFFFF0E
:10E22000FFFFFFFFFFFFFFFFFFFFFFFFFFFFFFFFFE
:10E23000FFFFFFFFFFFFFFFFFFFFFFFFFFFFFFFFEE
:10E24000FFFFFFFFFFFFFFFFFFFFFFFFFFFFFFFFDE
:10E25000FFFFFFFFFFFFFFFFFFFFFFFFFFFFFFFFCE
:10E26000FFFFFFFFFFFFFFFFFFFFFFFFFFFFFFFFBE
:10E27000FFFFFFFFFFFFFFFFFFFFFFFFFFFFFFFFAE
:10E28000FFFFFFFFFFFFFFFFFFFFFFFFFFFFFFFF9E
:10E29000FFFFFFFFFFFFFFFFFFFFFFFFFFFFFFFF8E
:10E2A000FFFFFFFFFFFFFFFFFFFFFFFFFFFFFFFF7E
:10E2B000FFFFFFFFFFFFFFFFFFFFFFFFFFFFFFFF6E
:10E2C000FFFFFFFFFFFFFFFFFFFFFFFFFFFFFFFF5E
:10E2D000FFFFFFFFFFFFFFFFFFFFFFFFFFFFFFFF4E
:10E2E000FFFFFFFFFFFFFFFFFFFFFFFFFFFFFFFF3E
:10E2F000FFFFFFFFFFFFFFFFFFFFFFFFFFFFFFFF2E
:10E30000FFFFFFFFFFFFFFFFFFFFFFFFFFFFFFFF1D
:10E31000FFFFFFFFFFFFFFFFFFFFFFFFFFFFFFFF0D
:10E32000FFFFFFFFFFFFFFFFFFFFFFFFFFFFFFFFFD
:10E33000FFFFFFFFFFFFFFFFFFFFFFFFFFFFFFFFED
:10E34000FFFFFFFFFFFFFFFFFFFFFFFFFFFFFFFFDD
:10E35000FFFFFFFFFFFFFFFFFFFFFFFFFFFFFFFFCD
:10E36000FFFFFFFFFFFFFFFFFFFFFFFFFFFFFFFFBD
:10E37000FFFFFFFFFFFFFFFFFFFFFFFFFFFFFFFFAD
:10E38000FFFFFFFFFFFFFFFFFFFFFFFFFFFFFFFF9D
:10E39000FFFFFFFFFFFFFFFFFFFFFFFFFFFFFFFF8D
:10E3A000FFFFFFFFFFFFFFFFFFFFFFFFFFFFFFFF7D
:10E3B000FFFFFFFFFFFFFFFFFFFFFFFFFFFFFFFF6D
:10E3C000FFFFFFFFFFFFFFFFFFFFFFFFFFFFFFFF5D
:10E3D000FFFFFFFFFFFFFFFFFFFFFFFFFFFFFFFF4D
:10E3E000FFFFFFFFFFFFFFFFFFFFFFFFFFFFFFFF3D
:10E3F000FFFFFFFFFFFFFFFFFFFFFFFFFFFFFFFF2D
:10E40000FFFFFFFFFFFFFFFFFFFFFFFFFFFFFFFF1C
:10E41000FFFFFFFFFFFFFFFFFFFFFFFFFFFFFFFF0C
:10E42000FFFFFFFFFFFFFFFFFFFFFFFFFFFFFFFFFC
:10E43000FFFFFFFFFFFFFFFFFFFFFFFFFFFFFFFFEC
:10E44000FFFFFFFFFFFFFFFFFFFFFFFFFFFFFFFFDC
:10E45000FFFFFFFFFFFFFFFFFFFFFFFFFFFFFFFFCC
:10E46000FFFFFFFFFFFFFFFFFFFFFFFFFFFFFFFFBC
:10E47000FFFFFFFFFFFFFFFFFFFFFFFFFFFFFFFFAC
:10E48000FFFFFFFFFFFFFFFFFFFFFFFFFFFFFFFF9C
:10E49000FFFFFFFFFFFFFFFFFFFFFFFFFFFFFFFF8C
:10E4A000FFFFFFFFFFFFFFFFFFFFFFFFFFFFFFFF7C
:10E4B000FFFFFFFFFFFFFFFFFFFFFFFFFFFFFFFF6C
:10E4C000FFFFFFFFFFFFFFFFFFFFFFFFFFFFFFFF5C
:10E4D000FFFFFFFFFFFFFFFFFFFFFFFFFFFFFFFF4C
:10E4E000FFFFFFFFFFFFFFFFFFFFFFFFFFFFFFFF3C
:10E4F000FFFFFFFFFFFFFFFFFFFFFFFFFFFFFFFF2C
:10E50000FFFFFFFFFFFFFFFFFFFFFFFFFFFFFFFF1B
:10E51000FFFFFFFFFFFFFFFFFFFFFFFFFFFFFFFF0B
:10E52000FFFFFFFFFFFFFFFFFFFFFFFFFFFFFFFFFB
:10E53000FFFFFFFFFFFFFFFFFFFFFFFFFFFFFFFFEB
:10E54000FFFFFFFFFFFFFFFFFFFFFFFFFFFFFFFFDB
:10E55000FFFFFFFFFFFFFFFFFFFFFFFFFFFFFFFFCB
:10E56000FFFFFFFFFFFFFFFFFFFFFFFFFFFFFFFFBB
:10E57000FFFFFFFFFFFFFFFFFFFFFFFFFFFFFFFFAB
:10E58000FFFFFFFFFFFFFFFFFFFFFFFFFFFFFFFF9B
:10E59000FFFFFFFFFFFFFFFFFFFFFFFFFFFFFFFF8B
:10E5A000FFFFFFFFFFFFFFFFFFFFFFFFFFFFFFFF7B
:10E5B000FFFFFFFFFFFFFFFFFFFFFFFFFFFFFFFF6B
:10E5C000FFFFFFFFFFFFFFFFFFFFFFFFFFFFFFFF5B
:10E5D000FFFFFFFFFFFFFFFFFFFFFFFFFFFFFFFF4B
:10E5E000FFFFFFFFFFFFFFFFFFFFFFFFFFFFFFFF3B
:10E5F000FFFFFFFFFFFFFFFFFFFFFFFFFFFFFFFF2B
:10E60000FFFFFFFFFFFFFFFFFFFFFFFFFFFFFFFF1A
:10E61000FFFFFFFFFFFFFFFFFFFFFFFFFFFFFFFF0A
:10E62000FFFFFFFFFFFFFFFFFFFFFFFFFFFFFFFFFA
:10E63000FFFFFFFFFFFFFFFFFFFFFFFFFFFFFFFFEA
:10E64000FFFFFFFFFFFFFFFFFFFFFFFFFFFFFFFFDA
:10E65000FFFFFFFFFFFFFFFFFFFFFFFFFFFFFFFFCA
:10E66000FFFFFFFFFFFFFFFFFFFFFFFFFFFFFFFFBA
:10E67000FFFFFFFFFFFFFFFFFFFFFFFFFFFFFFFFAA
:10E68000FFFFFFFFFFFFFFFFFFFFFFFFFFFFFFFF9A
:10E69000FFFFFFFFFFFFFFFFFFFFFFFFFFFFFFFF8A
:10E6A000FFFFFFFFFFFFFFFFFFFFFFFFFFFFFFFF7A
:10E6B000FFFFFFFFFFFFFFFFFFFFFFFFFFFFFFFF6A
:10E6C000FFFFFFFFFFFFFFFFFFFFFFFFFFFFFFFF5A
:10E6D000FFFFFFFFFFFFFFFFFFFFFFFFFFFFFFFF4A
:10E6E000FFFFFFFFFFFFFFFFFFFFFFFFFFFFFFFF3A
:10E6F000FFFFFFFFFFFFFFFFFFFFFFFFFFFFFFFF2A
:10E70000FFFFFFFFFFFFFFFFFFFFFFFFFFFFFFFF19
:10E71000FFFFFFFFFFFFFFFFFFFFFFFFFFFFFFFF09
:10E72000FFFFFFFFFFFFFFFFFFFFFFFFFFFFFFFFF9
:10E73000FFFFFFFFFFFFFFFFFFFFFFFFFFFFFFFFE9
:10E74000FFFFFFFFFFFFFFFFFFFFFFFFFFFFFFFFD9
:10E75000FFFFFFFFFFFFFFFFFFFFFFFFFFFFFFFFC9
:10E76000FFFFFFFFFFFFFFFFFFFFFFFFFFFFFFFFB9
:10E77000FFFFFFFFFFFFFFFFFFFFFFFFFFFFFFFFA9
:10E78000FFFFFFFFFFFFFFFFFFFFFFFFFFFFFFFF99
:10E79000FFFFFFFFFFFFFFFFFFFFFFFFFFFFFFFF89
:10E7A000FFFFFFFFFFFFFFFFFFFFFFFFFFFFFFFF79
:10E7B000FFFFFFFFFFFFFFFFFFFFFFFFFFFFFFFF69
:10E7C000FFFFFFFFFFFFFFFFFFFFFFFFFFFFFFFF59
:10E7D000FFFFFFFFFFFFFFFFFFFFFFFFFFFFFFFF49
:10E7E000FFFFFFFFFFFFFFFFFFFFFFFFFFFFFFFF39
:10E7F000FFFFFFFFFFFFFFFFFFFFFFFFFFFFFFFF29
:10E80000C04A022041FA0200335004002DFA0200EF
:10E810002DFA02002DFA02002DFA02002DFA020054
:10E82000000000000000000000000000ADFB02003E
:10E830002DFA02000000000045FB02002DFA020044
:10E8400035FD020035FD020035FD020035FD0200F8
:10E8500035FD020035FD020035FD020035FD0200E8
:10E8600035FD020035FD020035FD020035FD0200D8
:10E8700035FD020035FD020035FD020035FD0200C8
:10E8800035FD020035FD020035FD020035FD0200B8
:10E8900035FD020035FD020035FD020035FD0200A8
:10E8A00035FD020035FD020035FD020035FD020098
:10E8B00035FD020035FD020035FD020035FD020088
:10E8C00035FD020035FD020035FD020035FD020078
:10E8D00035FD020035FD020035FD020035FD020068
:10E8E00035FD020035FD020035FD020035FD020058
:10E8F00035FD020035FD020035FD020035FD020048
:10E9000035FD020035FD020035FD020035FD020037
:10E9100035FD020035FD020035FD020035FD020027
:10E9200035FD020035FD020035FD020035FD020017
:10E9300035FD020035FD020035FD020035FD020007
:10E9400035FD020035FD020035FD020035FD0200F7
:10E9500035FD020035FD020035FD020035FD0200E7
:10E9600035FD020035FD020035FD020035FD0200D7
:10E9700035FD020035FD020035FD020035FD0200C7
:10E9800035FD020035FD020035FD020035FD0200B7
:10E9900035FD020035FD020035FD020035FD0200A7
:10E9A00035FD020035FD020035FD020035FD020097
:10E9B00035FD020035FD020035FD020035FD020087
:10E9C00035FD020035FD020035FD020035FD020077
:10E9D00035FD020035FD020035FD020035FD020067
:10E9E00035FD020035FD020035FD020035FD020057
:10E9F00035FD020035FD020035FD020035FD020047
:10EA000035FD020035FD020035FD020035FD020036
:10EA100035FD020035FD020035FD020035FD020026
:10EA200035FD020035FD020035FD020035FD020016
:10EA300035FD020035FD020035FD020035FD020006
:10EA400035FD020035FD020035FD020035FD0200F6
:10EA500035FD02009983040035FD020035FD0200FA
:10EA600035FD020035FD02008383040035FD020000
:10EA700035FD020035FD020035FD020035FD0200C6
:10EA800035FD020035FD020035FD020035FD0200B6
:10EA900035FD020035FD020035FD020035FD0200A6
:10EAA00035FD020035FD020035FD020035FD020096
:10EAB00035FD020035FD020035FD020035FD020086
:10EAC00035FD020035FD020035FD020035FD020076
:10EAD00035FD020035FD020035FD020035FD020066
:10EAE00035FD020035FD020035FD020035FD020056
:10EAF00035FD020035FD020035FD020035FD020046
:10EB000035FD020035FD020035FD020035FD020035
:10EB100035FD020035FD020035FD020035FD020025
:10EB200035FD020035FD020035FD020035FD020015
:10EB300035FD020035FD020035FD020035FD020005
:10EB400035FD020035FD020035FD020035FD0200F5
:10EB500035FD020035FD020035FD020035FD0200E5
:10EB600035FD020035FD020035FD020035FD0200D5
:10EB700035FD020035FD020035FD020035FD0200C5
:10EB800035FD020035FD020035FD020035FD0200B5
:10EB900035FD020035FD020035FD020035FD0200A5
:10EBA00035FD020035FD020035FD020035FD020095
:10EBB00035FD020035FD020035FD020035FD020085
:10EBC00035FD020035FD020035FD020035FD020075
:10EBD00035FD02006D83040035FD020035FD0200A5
:10EBE00035FD020035FD020035FD020035FD020055
:10EBF00035FD020035FD020035FD020035FD020045
:10EC000035FD020035FD020035FD020035FD020034
:10EC100035FD020035FD020035FD020035FD020024
:10EC200035FD020035FD020035FD020035FD020014
:10EC300035FD020035FD020035FD020035FD020004
:10EC400035FD020035FD020035FD020035FD0200F4
:10EC500035FD020035FD020035FD020035FD0200E4
:10EC600035FD020035FD020035FD020035FD0200D4
:10EC700035FD020035FD020035FD0200FFFFFFFFFC
:10EC8000054B00221B78826001330260034A426018
:10EC9000C371FF2303727047781200202801080017
:10ECA000064A074B02604FF418729B788280082254
:10ECB000C371002382710372704700BF6D9B020015
:10ECC00078120020064A074B02604FF4B472DB7AD8
:10ECD00082800822C371FF2382710372704700BFD4
:10ECE0000794020078120020054A064B0260902229
:10ECF000DB7B82800822C371FF238271037270471D
:10ED0000A19C020078120020064A9378D27813441E
:10ED1000002282600260044A4260C371FF230372D2
:10ED2000704700BF781200208800080010B5044624
:10ED30000EF0DAFE054B064A5B7C22600822E37186
:10ED4000FF23A080A271237210BD00BF78120020A3
:10ED5000BD9D02002DE9F341C41D0028064624F0A4
:10ED600007040CBF0020204600F058FD071E04DAFF
:10ED70006FF00B0002B0BDE8F081374DE988A8883C
:10ED800003316B7A03302A7A89B280B215F0AAFE79
:10ED90000028EDDB3C44A978EB78002E04F1030455
:10EDA000194424F0030400FB01F10CBF00202046AD
:10EDB00000F0D6FE20440EB90028D9DBEA7A0446DA
:10EDC000B2B1EB7B697C13441944FF29D0D80330DE
:10EDD000002EAA89C9B220F003040CBF00202046EF
:10EDE00000F030FF0028C3DB04440EB9002CBFDB69
:10EDF000012000F009FDB0B1A97BA1B195F82B303D
:10EE000033B340234FF481720734002E24F00704FB
:10EE10000CBF0020204604F0F1F90028A8DB0444D0
:10EE20000EB9002CA4DBAB7AFBB1EB7AB3B107349B
:10EE3000002EA97A24F007040CBF0020204609F018
:10EE400061FC002894DB04447EB9002C0DDA8FE7C6
:10EE500025232822D8E700BF78120020012000F0E7
:10EE6000D3FC10B1AB7B002BE1D1734B1B6893B18A
:10EE7000A97D81B10334002EEA7D24F003040CBF88
:10EE80000020204698470028FFF672AF044416B9C8
:10EE9000002CFFF66DAF694B1B688BB1297C79B1F3
:10EEA0000334002E24F003040CBF002020469847B2
:10EEB0000028FFF65DAF044416B9002CFFF658AFEA
:10EEC0005F4B1F68B7B1697CA1B10334002E2B7D65
:10EED00024F0030408BF0020009318BF2046EB7CF9
:10EEE000AA7CB8470028FFF643AF044416B9002CAB
:10EEF000FFF63EAF072000F087FC98B1A97D89B1ED
:10EF00000334002E2A7E24F003040CBF0020204688
:10EF100001F020F80028FFF62BAF044416B9002CAE
:10EF2000FFF626AFB6FA86F795F823007F09A0B161
:10EF300003346B7FA97E24F0070419443B4644F058
:10EF40000404C9B2224601F033F90028FFF610AFDD
:10EF5000044416B9002CFFF60BAF95F824100029D5
:10EF60004CD004F10708002EEA8C28F007080CBFEB
:10EF70000020404615F0CAFD041EFFF6F9AE4444D9
:10EF8000002E3ED1002CFFF6F3AEA97F002945D01C
:10EF900095F82230002B41D02A8C0734002E02F144
:10EFA000240224F007080CBF0020404692B215F05E
:10EFB000ADFD0028FFF6DCAE404416B90028FFF690
:10EFC000D7AE03302B7FA97E20F0070019443B46C3
:10EFD00040F0040495F82200C9B2224601F0DAF8A4
:10EFE0000028FFF6C5AE044486B9002CFFF6C0AE7B
:10EFF000EB6AF3B1C6B1EC620020BBE6002EC4D0D0
:10F000008846E98C404611F0D3FBBEE72A8C404687
:10F01000A97F083292B211F0D1FBE9E7002EE7D0C8
:10F02000002211461046F6E728343FF5A1AE2046EF
:10F03000A0E6002EE0D1FAE7AC000020B0000020EE
:10F04000B40000201FB572B6194B1C6BECB9BFF3AE
:10F050004F8F1849184BCA6802F4E0621343CB6023
:10F06000BFF34F8F00BFFDE7B2FBF6F22B465D1CEE
:10F07000002AF9D1DBB203F110056D4405F80C2C20
:10F080000A2233B901A8A047E1E7024600230A2675
:10F09000EDE7013BDBB203F110050DEB0506B0FB1C
:10F0A000F2F502FB1500303006F80C0C2846E8E7B4
:10F0B0007812002000ED00E00400FA0513B5124CB0
:10F0C00068462389ADF80030E388ADF80430A388A2
:10F0D000ADF8023007F040FB18B1FC219C20FFF78F
:10F0E000B1FF207D07F0A4FB08B1FF21F6E7E07C2B
:10F0F00007F098FB10B14FF48071EFE794F8290006
:10F100000FF0FEFE02B010BD7812002070B505466B
:10F1100000285BD014F04AFB18B94FF0FF342046AA
:10F1200070BD13F021FFB0F5FA7FF6D8294C012607
:10F1300029482563002500F0E3FA284684F8345076
:10F14000257084F82B50E56284F82A5011F0D2FA29
:10F150001A22294604F10F001BF044FB1B2308214F
:10F160000322A3802846E3800223A1721F21637239
:10F17000E375F72322722384FB23A2734922E384DD
:10F180000A23A1812946E27484F82930A670E6702A
:10F19000E672A674267604F0D1FF2A463146304640
:10F1A00004F088FF044620B140F2AD319C20FFF707
:10F1B00049FF0246014604F0ABFFEFF3108572B63B
:10F1C00001F01CF8002DAAD162B6A8E76FF0150473
:10F1D000A5E700BF78120020BDF0000038B5144646
:10F1E000002840F0EE80784D95F83430032B00F085
:10F1F000E58019B312B96FF0150038BD0139172930
:10F2000000F2DF80DFE811F0180029002C00420036
:10F210006C0075009400480078007B008E004E0062
:10F220005400620067009A009D00AC00AF00B2007D
:10F23000A300B500B900D2001378AB700020FFF72F
:10F2400089FD0028B7BF012302236FF00B0085F86A
:10F250003430A8BF85F83430CFE71378EB70EDE792
:10F260001379002BC7D05379002BC4D01288FB2A06
:10F27000C1D863881B3B9BB2E02BBCD81A2ABAD9F1
:10F280002368A2886B60514B9A80D7E71378EA7B9A
:10F290009342B0D3EB72D1E71378EA7A9342AAD8BB
:10F2A000EB73CBE71378EA7A9342A4D86B74C5E783
:10F2B0001378002B9FD05378013BDBB2F82B9AD800
:10F2C000138892786B82424B9A70B7E71078687512
:10F2D0000EF04EFCB2E71378002B8CD02B76ADE706
:10F2E000012000F091FA237808B1012B83D9AB7388
:10F2F000A4E71388AB81A1E71378AB759EE70720DD
:10F3000000F082FA18B92378012B7FF674AF07203A
:10F3100000F07AFA18B12378002B3FF46CAF237811
:10F32000EB758BE71378082B3FF665AF2B7485E7F9
:10F330001388FF2B3FF65FAFAB727FE713786B76D6
:10F340007CE713780E2B3FF656AFAB7676E7236853
:10F35000204AC5F81E3063685360238913816DE726
:10F360001378EB766AE713786B7767E713782B7778
:10F3700064E7137885F8283060E704F095FE98B1CB
:10F38000007900F001026178207804F093FE0028F3
:10F390007FF433AF6378012B7FF650AF11F0B0F9F3
:10F3A00000287FF44BAF26E70246ECE713785A1E9D
:10F3B000092A3FF620AF85F829303FE74FF0FF30AC
:10F3C0001BE76FF02C0018E7781200207C12002059
:10F3D0008A12002096120020F8B50D46064630B37A
:10F3E00029B311F0070422D1124F97F83430012BC2
:10F3F00002D16FF00B00F8BD032B02D14FF0FF30AC
:10F40000F9E700F0A7F80028F8D02846FFF7A2FC9B
:10F410000028EEDB1AF000FF3046F96A07F0FCFA2C
:10F42000FFF74CFE0323204687F83430E3E76FF004
:10F430001500E0E77812002010B5074C94F834303E
:10F44000032B03D107F004FB08F05AFA15F0F4FC83
:10F45000002084F8340010BD7812002050B1074B12
:10F4600003F1140253F8041B934240F8041BF9D132
:10F47000002070476FF01500704700BF632D050036
:10F4800008B5064B93F83430032B03D005F016FD76
:10F49000002008BD4FF0FF30FBE700BF78120020CE
:10F4A00008B507F043FA03490320BDE8084000F01F
:10F4B000A3B900BFC5EC000008B507F057FA06492C
:10F4C000012000F099F90549002000F095F9044B5E
:10F4D000012283F82B2008BD81EC0000A1EC000084
:10F4E0007812002008B507F063FA03490420BDE84C
:10F4F000084000F081B900BFE9EC000008B507F052
:10F5000071FA0449062000F077F9034B034A1A60A8
:10F5100008BD00BF2DED0000B4000020B1FE0000CA
:10F5200008B507F0A1F903491120BDE8084000F033
:10F5300063B900BF09ED000002680020014B1A60AA
:10F54000704700BFB0120020014B1B68184700BF76
:10F55000B0120020024B1868003818BF0120704715
:10F56000B0120020F7B504462D4E071D2C48376019
:10F5700008F0E6F90228054606D12949204614F08C
:10F58000D9FB284603B0F0BD042842D13378092BBB
:10F590000AD0262B1ED03146204614F045FCB0F58B
:10F5A000817F2DD3722112E005213E2014F094FBBF
:10F5B0000028F0D1F37801A93279684643EA0223A2
:10F5C000ADF8003015F024F80028CFD053210820E2
:10F5D000FFF738FD1A213E2014F07EFB0028DAD117
:10F5E0007368694601A8C3F30F23ADF804301123F3
:10F5F0008DF8063015F048F80028B7D06521E6E709
:10F600000028B3D0A178207814F066FB0028B8D188
:10F61000ACE70828B5D10249204614F0C3FBB0E797
:10F62000B4120020074B4FF0FF3141F6FF72C3E9DF
:10F63000001205490022C1E900221F21C3E902127C
:10F64000704700BF40000020B81300203F280CD8AE
:10F6500001380B4BC0F3421200F01F0053F8223068
:10F6600023FA00F000F001007047FF2806D0403870
:10F67000044BC0F3421200F01F00EFE70120704777
:10F6800040000020B8130020074B0146006849687D
:10F690001A4603C240F48C221A6041F0107242F400
:10F6A000FF625A60704700BF400000200246024BD4
:10F6B0000068516803C37047B81300200246024B2C
:10F6C0000068516803C370474800002008B5382817
:10F6D00000F1FF33DBB205D107F022FA4078C0F326
:10F6E000C00008BD5909054A03F01F0302EB81025F
:10F6F0009068D84000F00100F3E700BF4000002010
:10F70000014B1860704700BFC013002010B5FFF711
:10F7100089FF16F082FE034B04461B6803B198472D
:10F72000204610BDC01300200A8870B595B2C67C73
:10F73000C2F30E020488023602F118033444C35A9D
:10F74000A4B233442344013BB3FBF4F303FB042290
:10F75000438892B29342044B8BBF2B40AB4313437D
:10F760009BB20B8070BD00BF0080FFFF4A1E062ABF
:10F7700008B50346084604D84FF4D1711520FFF7A9
:10F7800061FC094A914202D940F2A311F6E711B98E
:10F7900003B1196008BD2BB11B680022C3E9012128
:10F7A0001A1D1A600430F5E7FAFFFF7F10B5114B00
:10F7B00000EB41041A786389B3FBF2F303FB0223E5
:10F7C000013A1A44B2F5706F0279807828BF00239D
:10F7D0001A440B18B2FBF0F100FB11215B1AB3FBCA
:10F7E000F0F100FB113313446FEA43436FEA5343D4
:10F7F000638110BDC4130020024B03EB80035960EA
:10F80000704700BFC4130020034B03EB800358680C
:10F81000003818BF01207047C41300202DE9F04FB5
:10F8200010F0070A85B0054604D040F26111172098
:10F83000FFF708FC534F04464FF0010B07F1540645
:10F84000B146B04657F8043B8DF80BA03BB101A878
:10F8500098479DF80A30082B01D9E821E7E79DF881
:10F860000B1041BB05B131604F4506F10406E9D1EB
:10F87000002D6ED00022DFF810911427964689F8EB
:10F88000002058F827A0013FBAF1000F54D09AF891
:10F8900004609AF802C0FF2E5FD039460023481C4E
:10F8A00037D19C44BCF1FF0F3ED90AB189F800E082
:10F8B00040F22711BBE79DF80AC04B1D60465A0075
:10F8C00004EB4303022838BF0220441E4042234475
:10F8D000BDF808406444CCF1000C0340013C04EA4C
:10F8E0000C04B4F5803F01D3F821A0E775B19A1A52
:10F8F00032609170148082F803B09DF80C00107192
:10F9000001984FEA104C1081A2F806C004FB0134A4
:10F91000AAE758F8210028B190F804B0B34504BF15
:10F9200080781B180139BAE7DBB2E6458AF8043063
:10F930003CBF5FFA8CFE01227B1CA2D10AB189F880
:10F9400000E0142640F6FF6A58F82670B7B9013E69
:10F95000FAD2601B05B0BDE8F08F0023E5E707EBA6
:10F96000410309F101093846A3F80AA0FFF71EFF79
:10F970005FFA89F1BB788B42F1D8E8E74FF00009D4
:10F98000F6E700BFC8130020C4130020034B03EBAD
:10F990008003986D00B18078704700BFC4130020C9
:10F9A00038B54FF6FF7302460380184B03EB810313
:10F9B000986DA8B184780379B3FBF4F104FB11339B
:10F9C000DBB2194600EB4105B5F90A50002D0EDBFC
:10F9D0000131B1FBF4F504FB1511C9B28B42F1D131
:10F9E000002038BD6381BDE8384015F042B800EB17
:10F9F00041046389C3F30E031380C278002AF1D156
:10FA00004FF4D5711720FFF71DFB00BFC413002072
:10FA10001C4B03EB810370B59C6D054644B3030496
:10FA200004D54FF4DC711720FFF70CFB014620468C
:10FA300015F002F8FF28014604D02046BDE87040CA
:10FA400015F017B8A078B5FBF0F300FB1353DBB249
:10FA500019460A1D04EB4206B6F90260002E09DBC6
:10FA60000131B1FBF0F200FB1211C9B28B42F0D1AF
:10FA7000002070BD8B4201D00023E37004EB4202F2
:10FA80005580DAE7C4130020094B03EB81030146DC
:10FA900010B59C6D204614F0CFFFFF28014604D01E
:10FAA0002046BDE8104014F0E4BF002010BD00BFA8
:10FAB000C4130020F8B5104B074603EB8103014641
:10FAC0009C6D204614F0B8FFFF28054611D0E2884F
:10FAD000238953EA024606D00146204614F0C9FFA6
:10FAE00001463846B04720462946FFF75FFE002012
:10FAF000F8BD0520FCE700BFC413002038B50E4B4D
:10FB00000446827903EB8203986D08B9052038BD5D
:10FB10008278E1799142F9D24B1CE37100EB410309
:10FB20005D89B3F90A30002BF3DBA58014F0A1FF47
:10FB300020600020EBE700BFC413002008B5074B8E
:10FB400003EB81030146986D14F076FFFF2804D182
:10FB500040F21E211720FFF775FA08BDC4130020DC
:10FB600070B5044610F003000E4603D04E21182055
:10FB7000FFF768FAFFF7FAFD054624B1034831465E
:10FB80000460FFF7F3FD284670BD00BF701400202D
:10FB90002DE9F14FDFF870B01E4607460D46DBF841
:10FBA000003090469DF828A09DF82C901BB960214C
:10FBB0001820FFF747FA52460921404614F0BCFDD1
:10FBC0004A4684B20921304614F0B6FD81B2DBF812
:10FBD0000000214414F004FF386018B9286001B017
:10FBE000BDE8F08F04445346414609222C60386832
:10FBF00014F058FD4B4609223146286801B0BDE893
:10FC0000F04F14F04FBD00BF7014002070B50E46C9
:10FC1000044614F0A4FD0546304614F0A0FD044B44
:10FC20002A1821461868BDE8704014F0FEBE00BFD7
:10FC300070140020024B186808B114F0C5BE70475C
:10FC4000701400201F2AF8B5044613460ED89200FF
:10FC5000033222F00303B3F5803F2DD2184DACB12F
:10FC6000A00710D05F210920FFF7ECF9FF2B4FEA26
:10FC7000420204D9FF339A42A8BF1A46E8E77C2A19
:10FC8000B8BF7C22E4E729706C602B8122F003026C
:10FC900028230127120403FB01F06B680025120CD6
:10FCA000EEB2B14200D8F8BD14B126181F705E60E4
:10FCB000104401352833F3E74FF0FF30F3E700BF7E
:10FCC00074140020154A002170B553681578C8B225
:10FCD000854203D8AB210920FFF7B4F91C4618462A
:10FCE000013114F8286B0EB92346F0E70021997012
:10FCF00001241289996103F126055C709208D9618B
:10FD000003F11E04596824F8022FA54243F8041F8A
:10FD10001144F8D100234361037070BD74140020B6
:10FD20000A4B1B89B3F5FF7F4FEA930006D25A08AE
:10FD30009B1A9BB2984238BF18467047B3F5EE6FD6
:10FD400001D8FF22F4E740F27263F3E77414002055
:10FD50004B782DE9F04106460C4602F0040702F00C
:10FD6000FB05E3B1A5BBFF23A3707B0804EB57079A
:10FD70003A7D032A02D1022D18BF0133E218012176
:10FD8000117503F10C01002204EB830324F8112008
:10FD90005B68A27030463360B280BDE8F081002D10
:10FDA000E1D1012301F11E028D6120464B7004F167
:10FDB000260C1A4BCD611B8949689B0822F8023F2B
:10FDC000944540F8041F1944F8D100236361CAE741
:10FDD000D1F8048014220021A01861701AF002FDED
:10FDE0000E4B1B89B3F5FF7F0FD25A089B1A9BB2AB
:10FDF00008EB0301C4F804802384A1606284C4F882
:10FE00000C80A3842161E284ADE7B3F5EE6F4FF07F
:10FE1000FF02EBD940F27263EAE700BF74140020DE
:10FE2000074B30B55A7B80251C7B00230432D9B2A6
:10FE30008C4200D830BD057001331044F7E700BF95
:10FE40008814002010B50621FFF778FE044AD389F4
:10FE5000117994684343106804FB0133184410BDC2
:10FE60008814002010B5084C39B90621FFF766FE4A
:10FE7000A268236800FB023010BD0721FFF75EFE79
:10FE8000A28A2369F6E700BF8814002010B50C464B
:10FE90000621FFF753FE054B5A7B9968043248430D
:10FEA00004FB02021868104410BD00BF8814002033
:10FEB0002DE9F0479DF820900746884692461C465B
:10FEC000B9F1000F0AD04A4616214FF4817014F0A0
:10FED00033FC061E03DA4FF0FF3010E04E461C4D97
:10FEE0006C73043485F80CA00AFB04F4033424F08A
:10FEF0000304AC602FB9A868304408FB00F0BDE8EB
:10FF0000F08717F0030403D071211920FFF79AF846
:10FF10002F6085F80480EE81A3B2D5F808A098453B
:10FF2000E9D92F680AFB0470FFF77AFFB9F1000FD7
:10FF30000BD0E88916222B794FF4817160430AFBBC
:10FF400003004B46384414F0ADFB0134E4E700BF36
:10FF5000881400202DE9F84305460C46F7200521BA
:10FF6000914614F0E9FB061E21DB1DB906FB04F0E7
:10FF7000BDE8F88315F0030703D098211920FFF797
:10FF800061F8DFF83080C8F81050A8F81460BBB2F0
:10FF90009C42EBD9B8F814504B46D8F81000052213
:10FFA000F72107FB0500013714F07CFBEFE74FF06A
:10FFB000FF30DDE78814002038B50D460446FFF712
:10FFC00051FFFFF72DFF4DB9054BDB8933B12046BB
:10FFD000FFF738FFBDE8384014F085BB38BD00BFDF
:10FFE0008814002073B51546104A0193DBB2127BCA
:10FFF0000E46B3FBF2F102FB1131C9B2FFF746FF27
:020000040001F9
:1000000003780446802B0ED12A463146043013F083
:1000100097FDBDF804209DF806300120E570228090
:10002000A37002B070BD0020FBE700BF8814002061
:100030000E4B07B51B7BB1FBF3F202FB1311C9B2E8
:10004000FFF724FF028803460020ADF804209DF846
:1000500004209B7862F307009DF8052062F30F20CF
:1000600063F3174003B05DF804FB00BF8814002061
:100070008029F0B5A1B010D8194B6C46EC4600258C
:100080001F7B6E46EBB299420BD80123481E5A1EC5
:1000900090421EDC002021B0F0BDF2211920FEF7B5
:1000A000D1FF03440135DBB2B3FBF2FE02FB1E338A
:1000B000DBB2B3FBF7FE07FB1E330CF8013BE1E7B5
:1000C00001322778B51815F8015CAF4202D1012042
:1000D000E1E71A46D5B2A942F2D801330134D6E796
:1000E00088140020F7B515461C46ABB9204B1B7B86
:1000F000B1FBF3F203FB1211C9B2FFF7C7FE03789D
:10010000802B1BBF8023041D2C8003701CBFC37871
:100110002B80204603B0F0BD1946FFF7A3FE06462C
:1001200014F095FB074608BBF9230DF102010DF110
:1001300001023046ADF8023014F038FB01A9044644
:100140003046019714F054FB20B94FF49D711920EB
:10015000FEF778FF304614F070FB019B13B94FF4A3
:100160009F71F4E7BDF802302B80D2E70024D0E77E
:100170008814002008B5064BDB893BB1FFF762FE0F
:100180004FF48171BDE8084014F089BB184608BDE2
:100190008814002007B5CDE900230B460349024629
:1001A000081D14F023FE03B05DF804FBA01400202A
:1001B00013B5064CCDE900230B46024604F10801B5
:1001C00004F10C0014F012FE02B010BDA0140020C7
:1001D00008B54B1E032B03D923219020FEF732FFD5
:1001E0000028054A0CBF05230C2303EB81030533CC
:1001F00023F00103137008BDB01400201F4B4FF013
:10020000FF3000211A6801235360C2F80803C2F8C6
:100210000015C2F804351A4A12685360C2F8080380
:10022000C2F8001540F6FE71164A1748C2F80815C4
:10023000B0F90020002A0CDB510902F01F029340A4
:1002400001F12002114941F82230BFF34F8FBFF373
:100250006F8FB0F90030002B09DB5A09012103F040
:100260001F03994002F16003084A42F82310054B2E
:1002700040F6FE72C3F80825704700BF58200020E2
:1002800054200020002008506C20002000E100E0F5
:100290000A4606483D2302F8033BC368C1F8033011
:1002A0000369536043699360704700BFB81400202E
:1002B000024B5A8C02435A845B6A1847B8140020D8
:1002C000014B00215B6A1847B814002010B5154C8B
:1002D0000FF018FE0FF07CF8208DFFF7F1FF237E62
:1002E00063B12246104904F1190052F80C3BE36057
:1002F00063685360A368936017F074FF0B4B228D03
:1003000093E8030008F02EFA236B188808F0B0F980
:10031000A36B94F8341094F835009847002384F8C0
:100320003C3010BDB814002091020100E4140020FC
:10033000034B93F83C300BB1FFF7C8BF704700BFC9
:10034000B814002070B5254C0646256B636C95F8F3
:100350009420236494F8483095F8751003EB8200DC
:100360002EB9FF2803D195F874308B4201D00FF0DD
:1003700045FC95F8943053B3E06C0FF0A5FE94F86B
:100380002C30E16C003B206C18BF012384F87030E6
:10039000D5E93C23C4E918230EF09EFF5EB995F819
:1003A0007530033B012B2B8F8CBF00202820184475
:1003B00080B20FF0EFFEA88E0FF092FB95F874104C
:1003C00000200FF02FFF022384F83C3070BD206C1A
:1003D0000FF07AFE0EF0FCFFE0E700BFB81400203B
:1003E0000138C0B2032808B504D940F29D41062067
:1003F000FEF728FE014B185C08BD00BF3FC5040096
:1004000008B5094B93F83C20022A04D040F24F2152
:100410002720FEF717FEDA7A42F00102DA72BDE811
:100420000840FFF753BF00BFB814002003280B4B50
:1004300010B5044605D19A6FD278022A01D1002066
:1004400010BDD86F14F00AFA0028F9D1032CF6D0A9
:1004500006F088FC80F00100C0B2F1E7B81400207B
:1004600038B52F4C054694F82C307BB101280DD1BE
:10047000638C18070AD5A26F137803F00303032BCC
:1004800004D1D378022B01D1012038BD0129FBD83A
:10049000D4F88030284698470028F5D094F83400E6
:1004A0000028F1D194F82C301BB9012D03D0184647
:1004B000EBE7002DE9D194F8845025B194F885003C
:1004C000FFF7B4FF0546606C17F00CFED4F88830D7
:1004D000ABB9B4F88C30B3FA83F35B0994F82C1001
:1004E000628C71B191070CD5A26F137803F00303EE
:1004F000032BC9D1D078023818BF0120C5E70123EA
:10050000ECE7002AC0D1012814BF002303F0010347
:1005100043EA050080F0010000F00100B5E700BFEC
:10052000B81400202DE9F043334C85B007468846C7
:1005300094F83C30012BDEB204D040F20451272065
:10054000FEF780FD256B02A8A16F14F077FC95F8EB
:1005500084309DF8089053B10021042085F8841060
:10056000FFF7A6FE94F82C300BB185F88660B9F140
:10057000030F29D0BDF80C30002B18BF022695F8C8
:10058000943085F88A60CBB194F82C30216B003B15
:1005900094F8486091F8750018BF012384F8703012
:1005A000D5E93C23C4E91823FFF71AFF00220346CC
:1005B00012490092022032460EF0BCFD6FB105B028
:1005C000BDE8F043FFF782BE95F88A301BB9A16FF2
:1005D0000220FFF76DFE0326D1E7B8F1000FEED041
:1005E00039463846FFF73CFF0028E8D105B0BDE8A2
:1005F000F043FFF7A7BE00BFB81400200815002085
:1006000010B5094CD4F8883023B940F2F6412720C0
:10061000FEF718FDB4F88C201846216C033213F055
:100620008FFA206410BD00BFB81400202DE9F341FB
:10063000714C0023256B8DF8053095F8741058B96E
:1006400095F8942094F8483003EB8203FF2B03D1F4
:1006500095F875308B4202D0FF200FF0CFFA95F855
:100660008A30032B00F2BB80DFE803F0023598AB41
:1006700094F88E306148ADF80630A5F8643006F085
:1006800047FB58B10121A36F85F88510DB781B2B40
:100690001DD105F110000FF0FDFA18E00DF1050273
:1006A0000DF10601E06F14F081F8A06798B195F89C
:1006B000CF3083B99DF805302BB9038001218370B9
:1006C000A06F17F0FFFCA36FBDF806205A7001233E
:1006D00084F88F3001E04A4BA367A76F95F88B2011
:1006E0003B78D20003F0030603F0F30302F00802A4
:1006F0003046134395F88C20920002F00402134315
:100700003B70FFF793FE3B7823F0100343EA00139E
:100710003B70A06F90F8018017F0E8FC95F89330DB
:10072000071E18BF0127002B5CD0B8F1000F59D06D
:10073000E06C0FF0C9FC94F82C30E16CB3FA83F351
:10074000A06F5B0984F87030D5E93A23C4E9182317
:100750003A460FF0FFFE18B9A16FE06C0EF050FDA5
:10076000304614F098FBE88E0FF0BAF995F8751042
:10077000012001250FF056FDA06F84F8935017F06B
:10078000B1FCA36F84F884001B7884F83C5003F01C
:10079000030384F8853002B0BDE8F081B5F8643019
:1007A0000DF105020DF10601E06FADF8063013F012
:1007B000FDFFA06700288AD140F2F1212720FEF733
:1007C00041FC0E4806F0A4FA10B940F2FB21F5E70F
:1007D000A36FDB781B2B7FF47AAF012159E740F23E
:1007E0000931EBE7A06F0FF06FFC0EF0F1FD394619
:1007F000A06F19F04AFDB3E7B814002030150020AF
:1008000048150020064B10B593F83C2002F0FF0479
:1008100022B91C7607F09EFF204610BD0C24FBE792
:10082000B81400200A4B0B4A70B506460D461A60F4
:10083000FFF7E8FF18B1F4212720FEF703FC064C70
:10084000012104F1900017F03DFC6664E56470BD81
:10085000B8000020A40F0100B8140020024B0122B0
:1008600083F89420704700BFB8140020F0B585B01D
:100870009A4C02AE0A9F86E8030094F83C1001F0FF
:10088000FF0511B90AB103B127B940F2831127203E
:10089000FEF7D8FB96E8030004F12C0C84F8945082
:1008A00084F8345084F8955084F8355084F8935087
:1008B00084F88F50658425856262C4F88030A76310
:1008C0008CE80300256B0FF007FA0EF081FD95F917
:1008D0007C000FF067FAAE6A286A0FF069FA3046BA
:1008E0000FF0D6FB95F8A4000FF06CFA94F82C608A
:1008F000002E40F0A78018F03AFB95F87420784B52
:100900004FF47A7153F8223003F5FA73B3FBF1F325
:100910005433191830460FF0E1FA724B724E05F558
:10092000847718680FF0BAFB6B69E367AB69C4F8AA
:10093000983005F1F8031868083353F8041C324660
:10094000BB4203C21646F6D15968684AD5F8080179
:1009500003C2226B92F88E3092F87460A3F12601E4
:10096000012903D992F88F10262976D194F82C30DA
:10097000002B6FD192F80A12304614F07CFA06462A
:1009800005F13C073146384617F029FD314616F08F
:10099000EDFFB5F8483095F87510834228BF03463F
:1009A000384684F88E3017F0C8FC95F8751095F825
:1009B00094700429B5F8506008BF032116F0D6FFE3
:1009C0000FB9043080B2864228BF0646F6B284F8DA
:1009D0009C6007F0ADF828B107F0B0F8B04238BF1E
:1009E0003046C6B294F82C7084F84860002F5AD173
:1009F00095F893308BB1012395F8740084F870302A
:100A0000D5E93A23C4E91823FFF7EAFCFB220346A1
:100A10003549042000970EF08DFB0120FFF706FEFC
:100A2000002323606360A360B5F8883063802B885F
:100A3000238095F8A4302371AB6F0BB101221A60AB
:100A400005B0F0BD18F093FA95F8752000F1760125
:100A5000012060E792F8A2128EE7213B012B11D80A
:100A6000242911D094F82C30CBB192F82E315A07AA
:100A700013D413F001017FF47FAFC3F340035B0095
:100A8000D9B279E724290AD194F82C303BB192F8F5
:100A90002E3192F86D201340E9E704216CE7032E14
:100AA00008BF04266CE795F8943093B1012395F8BC
:100AB000750084F87030D5E93C23C4E91823FFF7AA
:100AC0008FFC0022034608490092022032460EF0B5
:100AD00031FB0120FFF736FCA2E700BFB81400206D
:100AE0007CC80400B8000020081500202015002054
:100AF00008B5114B93F83C201AB9BDE80840FFF740
:100B0000E5BB93F82C2042B993F83C30012B12D06E
:100B100040F22D212720FEF795FA93F83C20022A77
:100B200002D040F23121F5E71B6BD3F8D801BDE8C4
:100B300008400FF0FDBA08BDB8140020014B18762C
:100B4000704700BFB81400202DE9F043314D85B047
:100B500004460F4602A8296C2E6B14F06FF914F0AE
:100B60000109BDF80C8004F0020428D0002385F8A8
:100B70009D3094B1FFF744FD0DF1020201A9D5F8B3
:100B8000980013F017FF019813F0FAFE0122386065
:100B90004146D5F8980013F0A2FEB9F1000F0BD032
:100BA000D6E93C32013342F10002C6E93C3296F804
:100BB0008C30013386F88C3005B0BDE8F08395F8B1
:100BC0009D30032B20D801A252F823F0730B0100B3
:100BD000DD0B0100F70B0100F70B0100002CEBD03F
:100BE000FFF70EFD00224146D5F8980005B0BDE89C
:100BF000F04313F074BE002CDED0D5F8980005B099
:100C0000BDE8F04313F0D2BE40F2A2412720FEF728
:100C100019FA00BFB81400202DE9F04F0023B74C9B
:100C200087B080468A46276BCDE9023394F83C3082
:100C3000022B04D040F28B512720FEF703FA216CDF
:100C400004A814F0FBF8BDF8146097F89430B8F1DC
:100C5000000F00F059819DF810909DF811B0002B05
:100C60003AD00EF0C3FBB8BB6EB197F88C3003F0EE
:100C700001035B450BD1012384F83530FFF726FBD8
:100C800007B0BDE8F08FA4F88C60002006E0A4F85F
:100C90008C603146D4F8980013F001FE238D9DF846
:100CA000122043F40073C4F88800238597F88B3032
:100CB00003F001039A4200F0C880256B95F88A3052
:100CC000002B3FD0022B13D102A9E06F13F090FD4F
:100CD00038B940F23B41AFE7A4F88C60002ED4D085
:100CE000D7E7D5E93A32013342F10002C5E93A3299
:100CF000002194F82C3085F88A103BB195F88630A5
:100D000023B1102085F88610FFF7D2FA95F88530C8
:100D10009BB1002185F8851006F00CF8002110B970
:100D200040F2524188E70820FFF7C2FAD5E93A328B
:100D3000013342F10002C5E93A3295F88B300133B4
:100D400085F88B30238D002543F40063238597F8C5
:100D50008C3003F001035B4579D0002648464FF004
:100D6000000914F098F897F89330B3B194F82C3048
:100D700097F87400B3FA83F35B0984F87030D7E90D
:100D80003A23C4E91823FFF72BFB002203465C49F2
:100D900000920420FB220EF0CDF9BAF1000F00F012
:100DA000DE800FF075FA002E40F0F1804FF001095F
:100DB000238D5A0606D44020FFF782FA238D43F094
:100DC0004003238585B194F82C3043B1B4F8072053
:100DD000B4F805301343B7F88820134304D0B4F8AF
:100DE00009300133A4F80930B8F1000F00F0D480C5
:100DF000B4F805300133A4F80530002384F89530A9
:100E0000404807F023FC029830B113F0B9FD216B84
:100E10000022027206F0D8FD039B33B1216B002241
:100E20001A720C22039806F09DFDB9F1000F7FF4B1
:100E300025AF238D1B063FF523AF8020FFF740FA37
:100E4000238D43F0800323851AE745467FE7B9F1F8
:100E5000020FD4F830B012D8B9F1000F1DD19BF8B1
:100E60008C3001338BF88C30002E3FF476AFDBE909
:100E70003C32013342F10002CBE93C326DE7B9F17B
:100E8000030FECD1238D0120216C43F480538BF8A8
:100E900084002385FFF70CFAE1E7002EDFD0238DD5
:100EA0009BF894B043F4805323850EF027FE04286A
:100EB00094F89C3007D1BBF1000F0CBF1F221B22FE
:100EC000934228BF13469E420BD8D4F88830002B9B
:100ED0003FF443AF94F894306BB12020FFF7F0F962
:100EE0003BE794F83430012043F0100384F83430A9
:100EF00011F01CF831E7464630E700BFB814002077
:100F000008150020E41400200BB10EF083FA94F8C9
:100F10009530013384F89530238D43F48063238525
:100F200097F87530033B012B11D8012010F0FEFF1C
:100F30000EF0E4FD011FD1F1000949EB01091B2E60
:100F40004FF0000698BF4FF0000935460BE706F05A
:100F5000EFFD81460028E8D10646054603E794F8F0
:100F600095100120FFF77CFA00287FF41AAF1EB11C
:100F700003A90120FFF7E8FD0020FFF757FB002E33
:100F80003FF416AF03A90220FFF7DEFD10E703A927
:100F90000320FFF7D9FD09E7B4F807300133A4F8BF
:100FA00007302DE701040100190C0100250501009F
:100FB000310301000D4B0321186830B50D4690F840
:100FC000A52090F84B400132B2FBF5F303EB43034D
:100FD000D31ADAB244FA03F3DB0703D4013911F070
:100FE000FF01F0D180F8A52030BD00BF58150020CA
:100FF000014B186814F020B85815002008B506F009
:101000000DFA014B187008BD50000020054B10B4BC
:101010001C68827C836804F1420194F8410010BC92
:1010200016F074BB581500202DE9F041054617460F
:101030001E460C4619B1AB6853BB01201FE0DFF818
:101040006080D8F8000000F15B0390F85A2000F1AE
:10105000780190F87E0016F059FBD8F804305A79E0
:10106000D8F80030082A04D093F84E40A21A54420F
:10107000544193F85630012BDDD023B1002000F00D
:101080000100BDE8F0810028D5D1002CD3D1F5E7CF
:10109000002FD2D1002EF1D02846FFF7B7FFEEE7A0
:1010A00058150020024B18686C3002F00FB900BFD1
:1010B0005815002038B50F4CFFF7F4FF656802F0B3
:1010C000BFF863682860186820B940F2EC4132200C
:1010D000FDF7B8FF14F096F910B940F2EE41F6E7CB
:1010E0000EF0F2FF00200FF055F8636804221A7129
:1010F00038BD00BF5815002038B5194D04466B683F
:101100001B79022B04D940F6FA013220FDF79AFF31
:101110002B68027C83F8A4201A44C168996692F86F
:10112000242183F820214268C3F88820037A022B07
:101130000ED00EF0D1FD0FF05BF80DF05FFF094807
:101140000EF0ACFF08480EF0A3FF08480EF030FE8A
:10115000637C23B12B685B6E0BB101221A6038BD32
:1011600058150020C400002055555500D6BE898E64
:1011700038B505460C4605F0D7FC420704D4A378E1
:1011800003F0E003402B30D005F0CEFC830704D4FD
:10119000A37803F0E003202B27D0237803F03F034C
:1011A000242B22D80EF0B0FC94F90030A278002B4A
:1011B000637802F01F02B4BF4FF496711E2143EA18
:1011C00002234B431A1AB2F5877F0ED398420CD8EC
:1011D000074B294618682388A0F82131A37880F8A6
:1011E0002331BDE8384014F007BC002038BD00BFF3
:1011F0005815002008B5074B93F900207F2A04D129
:1012000040F292313220FDF71DFF02707F221A70EA
:1012100008BD00BF5000002010B504788EB004F067
:101220000F0404A9224614F02CF9FFF7E7FE042C62
:1012300033D11B4C059A2368107893F878108842B4
:101240002BD1507893F87910884226D1907893F872
:101250007A10884221D1D07893F87B1088421CD133
:10126000107993F87C10884217D1517993F87D203A
:10127000914212D19DF8212093F87E309A420CD1F0
:101280000DF10F00FFF7B6FF9DF90F3004A9009391
:10129000237B227A606814F0C7F803200EB010BDDB
:1012A000581500202DE9F04387B0194C06460F462B
:1012B0000DF11700FFF79EFF65682B79032B20D0F7
:1012C0002B79062B14BF4FF001094FF00309236857
:1012D00003F142080EF012FC9DF917303A46CDF8A2
:1012E0000C9031460293237ACDE900034346284609
:1012F00002F072F840B1606807B0BDE8F04302F058
:1013000007B84FF00009E2E707B0BDE8F08300BF7F
:10131000581500202DE9F043304D87B004460F46A4
:101320006E68B3798BB3D5F8008098F8953033B9EF
:101330000378002B14BF0223012388F895303379FA
:10134000062BDAB225D0072A0CBF4FF002094FF066
:1013500001090DF11700FFF74DFF0EF0CFFB9DF9CE
:101360001730CDF80C903A46029321462B7ACDE9FE
:10137000000308F14203304602F02EF828B16378EA
:10138000DB0609D4686801F0C3FF002007B0BDE8A0
:10139000F0834FF00309DCE7A1690220FFF7E8FEC4
:1013A000B8B100222B6883F8962062696AB151783F
:1013B000C1F3031183F897101178527802F00F02ED
:1013C00041EA0222A3F89820E0E7FF2283F8972061
:1013D000DCE7686801F0CCFFD7E700BF58150020B4
:1013E00010B504468AB0FFF709FE237803F00F0317
:1013F000072B02D001200AB010BD6946204614F028
:10140000D3F8684614F078F99DF80030002BF1D13C
:101410009DF80130DB07EDD50C4C019922689DF851
:10142000110002F1780392F87E2016F06FF900287F
:10143000E0D020680121A03015F0BDFFFF216846F3
:10144000FFF768FF0130C0B2D5E700BF5815002094
:101450000D4A536810B51979022904D841F2AD41FB
:101460003220FDF7EFFD1979082902D941F2AE418A
:10147000F6E71B79126903F180439268033BBDE8EC
:10148000104052F8233018475815002010B5054C6D
:10149000637A2BB10EF0ACFE0DF0B0FD0023637249
:1014A00010BD00BF5815002010B5054C23792BB195
:1014B0000EF09EFE0DF0A2FD0023237110BD00BFB3
:1014C000A81C002010B5094CFFF7E0FF012263685B
:1014D0001A7100232268A2F8213182F82331FFF724
:1014E000E1FD2068BDE8104014F053BC5815002001
:1014F00008B5044B586801F03BFFBDE8084013F005
:10150000A8BD00BF58150020062938B51D469DF816
:10151000104019D908291BD802B18CB143689BB976
:1015200012B94378DB0615D40B4B5B68186813F0CF
:101530008AFF00B134B92DB905F06CFD00F001044B
:10154000204638BD0120F9E79DF814402C43F7E709
:101550000024F5E70124F3E75815002038B50D1EE7
:1015600004460CBF05200320104405F0C3FD094BC1
:10157000587270B15DB9033C012C8CBF50245524C6
:101580000DF010FD2046BDE838400EF025BE402489
:10159000F6E738BD58150020F8B53D4CFFF782FD41
:1015A000656801F04DFE63682860186820B940F254
:1015B00049413220FDF746FD13F024FF054610B9DE
:1015C00040F24B41F5E7236893F8A6306BB12368EE
:1015D0001A6D93F8A710C3F8102193F854200A430A
:1015E00083F85420002283F8A620206890F8A430C5
:1015F000034493F82471636880F820711A7952B11A
:101600001B79012B07D0002114F0F6F918B9BDE8B9
:10161000F840FFF757BF23681E4A93F8A530D05C07
:101620000EF0D0FB236893F8A420134493F82461B0
:10163000022E2BD004D8012E05D040F2FA71B8E763
:10164000F31E012BF9D801F0F5FD31460EF0D6FA64
:1016500028460EF039FD314601200EF0DDFB7B1EE1
:101660002A46384659425941FFF778FF62680821F7
:101670000023517121722168D3801372E37281F8C3
:101680009530A372237303231371F8BD0D20DCE79B
:101690005815002043C50400124A10B5536800B91C
:1016A00031B9184601F064FEBDE81040FFF70ABFEB
:1016B0001979082904D841F27D413220FDF7C2FC96
:1016C00019790C2902D941F27E41F6E71B7912699A
:1016D00003F180435268093BBDE8104052F82330C3
:1016E000184700BF5815002010B50B4C0521206885
:1016F00014F082F930B9606801F03AFEBDE810409C
:10170000FFF7E0BE2368012093F820110EF08AFD58
:1017100063680B221A7110BD58150020054B1A681A
:1017200092F85420920703D05B68186801F0B2BDAC
:10173000586970475815002070B5304D06466B68E3
:101740001A79032A0BD01A79042A08D0FFF7E6FF8A
:10175000044640B941F2B5313220FDF773FC1868F8
:1017600013F050FEF4E72B6893F8543013B941F2AC
:10177000BB31F1E776B116F070FC30B16B681A79C5
:10178000022A0ED841F23B31E6E7204616F080FCF3
:101790000028F3D16B681A79022A17D841F29B31DD
:1017A000DAE71A79082A02D941F23C31D4E71B79E9
:1017B00020462A6903F180431269033B52F8233023
:1017C00098470C2812D941F2CE31C5E71A79082A78
:1017D00002D941F29C31BFE71B792A6903F18043AA
:1017E0005269033B52F823309847EAE72B69DB68DC
:1017F000BDE8704053F82030184700BF581500204E
:1018000038B5FFF78BFF044620B940F21351322060
:10181000FDF718FC0B4DFF202B6893F820110EF0FC
:10182000EDF920460EF050FC2B6893F82031033B75
:10183000012B94BF282000200EF0ACFC6B6807221F
:101840001A7138BD5815002038B5134C0E20236886
:1018500093F820110EF0D2F9FFF760FF054620B98A
:101860004FF4A0613220FDF7EDFB0EF02DFC236854
:1018700093F82031033B012B94BF282000200EF069
:1018800089FC23682A46002193F82001FFF766FEB1
:10189000636808221A7138BD5815002010B5074C2E
:1018A000606801F035FDFFF7A9FB20680021A0303A
:1018B00015F081FDBDE81040FFF704BE581500206B
:1018C00007292DE9F043064687B00F469046456844
:1018D000634C23D11DBB002A49D1D4E9001091F8F3
:1018E000543013F0030218BF012213F00403827175
:1018F00003D033785A1E53425341C37191F8943048
:101900004BB12368D3F89000503017F085FA10B926
:10191000636801221A7207B0BDE8F0833DB329461F
:10192000707C13F0C7FA072F814661D1637A63B1E7
:1019300058B1B8F1000F52D0656815F01CFF63680C
:1019400068715B7923720123A37263685879082850
:1019500055D17168707C17F09CF962680546716812
:101960000532707C05F05CFB6368002859D0236861
:1019700093F8540010F003000AD093F84C30394625
:10198000019530466268927900924246FFF7BCFDAD
:1019900062682368907193F8540010F0040009D035
:1019A00093F84D30394601953046D279009242463F
:1019B000FFF7AAFD2B4B65681B68E8711BB1414618
:1019C00030469847287272686AB3717C236883F83E
:1019D0007E10116899679288A3F87C2023E0236821
:1019E00093F820110129A7D1284605F055FB607214
:1019F000637A002BA9D0B9F1000FA6D09CE704AA06
:101A00000DF10F0105F030FB20B940F6A73132206F
:101A1000FDF718FB04A99DF80F0017F03AF90546E9
:101A2000A5E7D88018726268137AB3B9D388003BEF
:101A300018BF0123B06800283FF46DAF072F7FF473
:101A40006AAF517908293FF466AF002B3FF463AFCA
:101A500005F040FB0123E3725DE70123EAE700BFE5
:101A600058150020C00000202DE9F84FDFF8C0A075
:101A7000914604468846DAF800201F468168807C3B
:101A800013F018FA92F848609AF80930054686F083
:101A90000106002B3AD092F854305B071DD592F81E
:101AA0004D30D3B192F84EB0BBF1080F23D0584659
:101AB00005F094FA3043C6B245B39AF80B303BB305
:101AC00015F063FE002304468AF80B3089F80040C5
:101AD00088F800503E70BDE8F88F636823B1DAF8EB
:101AE000043093F805B0DFE7DAF80430186813F033
:101AF000AAFC0028F3D1CDB19AF80A1031B9A06838
:101B000005F0CAFA04468AF8090038B90024DDE76E
:101B1000A168584605F0C0FB0446D7E715F02BFE38
:101B20000828F3D0DAF804305871CFE72C46CDE717
:101B3000581500202DE9F043874D87B004462E68E4
:101B400096F85730002B47D06F68BB7923B9FA79E4
:101B500012B93A7A002A3FD094F80080B8F1010F08
:101B600072D0B8F1020F00F0D380B8F1000F33D17A
:101B700096F8542091072FD00BB93B7A63B3637862
:101B800013F0100FC3F300170CBF012208229A4371
:101B900022D10022A3688DF814208DF81520002B87
:101BA00047D00DF1160305AA0DF115012046FFF7E8
:101BB0005BFF2B6893F841609DF8143083B9204691
:101BC000FFF724FA70B92B6893F85530023B012BCC
:101BD00002D89DF8153083BB032007B0BDE8F08321
:101BE00046F002065FB30DF117004FF00008FFF753
:101BF00001FBD5E9003903F142070DF07FFF9DF9A4
:101C000017303246CDF80C80214602932B7ACDE96D
:101C100000033B46484601F0DFFB0028DCD0A16909
:101C20000120FFF7A5FA0028D6D02B6883F896800C
:101C30003BE0FF268DF81630D4E7FE26D2E731468A
:101C40002046FFF72FFBC7E796F820216378022A8A
:101C50003DD103F01903192BBED196F854305A0721
:101C600039D40DF11700FFF7C5FAD5E9003703F1B4
:101C700042060DF043FF0023FF22214603939DF906
:101C8000173002932B7ACDE900033346384601F032
:101C9000A3FB0028A0D0A1690120FFF769FA002862
:101CA0009AD02B68012283F896206269002A4ED0D0
:101CB0005178C1F3031183F897101178527802F02C
:101CC0000F0241EA0222A3F89820022085E703F0E0
:101CD0001803182BC0E7616800232046B1FA81F190
:101CE0001A464909FFF7A0F900283FF475AFA36928
:101CF0002A689B781F2B04D892F84930002BB0D16A
:101D00006AE703F0E003402BABD192F84A30F5E7E5
:101D100096F854309B073FF45FAF637803F01803E5
:101D2000182B7FF459AF0DF11700FFF763FA0DF090
:101D3000E5FE0023FF22214603939DF9173002930D
:101D40002B7ACDE9000306F14203384663E7FF2210
:101D500083F89720B9E700BF58150020014B586859
:101D600001F006BB581500202DE9F04F044689B05C
:101D7000062900F2C580DFE811F06000E7000700E7
:101D8000C300C300C30026006E4D0EF0BBF82F68E1
:101D900097F85430980714D06E68B3798BB10DF171
:101DA0001F00FFF727FA9DF91F30022221460293F8
:101DB00030462B7A0193FF23009307F1420313F07F
:101DC00023FB03201FE05F4D6E68B379002B00F00A
:101DD00097802F6897F85420910717D50DF11F00B1
:101DE000FFF708FA9DF91F3030460622029321467C
:101DF0002B7A0193FF23009307F1420313F004FBB6
:101E0000002309202B7309B0BDE8F08FD30777D5E5
:101E1000570701D50EF076F80DF11F00FFF7EAF92C
:101E20009DF91F202B6802922A7A42330192FF22E9
:101E30000092062221466868C1E7424D2B6893F85C
:101E40005420560737D56968CA79002A33D04268CA
:101E500093F85B001678864255D1567893F85C006B
:101E6000864250D1967893F85D0086424BD1D67861
:101E700093F85E00864246D1167993F85F00864259
:101E800041D1507993F8602090423CD1627C93F824
:101E90005A00101A4242424193F8560001284ED08F
:101EA000002A4CD193F84E30082B02D04A799A423E
:101EB00045D00EF027F86E68B379002B3DD02F681F
:101EC00097F85420930720D50DF11F00FFF792F9E2
:101ED0009DF91F3030460022029321462B7A019350
:101EE000FF23009307F1420313F08EFA0123092028
:101EF0002B736B68DA79002A85D19B79002B82D10C
:101F00000EF000F85DE70022C6E7D60715D55007AA
:101F100001D50DF0F7FF0DF11F00FFF76BF99DF9EB
:101F20001F202B68214602922A7A42330192FF2217
:101F300000920022686813F067FA0320D9E70A20AC
:101F4000D7E700BF58150020644D81682A68807C5F
:101F500012F0B0FF92F854306E68074692F848903D
:101F6000590796F806A096F807B089F0010940F1E4
:101F70008E8092F84D30002B00F0898092F84E60F0
:101F8000082E00F08680304605F028F849EA000067
:101F90005FFA80F9002F7ED03046A16805F07CF909
:101FA00006462B6893F8542093F84180520749D590
:101FB000626893F85B10107888426ED1507893F87D
:101FC0005C10884269D1907893F85D10884264D1A2
:101FD000D07893F85E1088425FD1107993F85F1043
:101FE00088425AD1517993F86020914255D1627C50
:101FF00093F85A10501A42424241696849790829B7
:102000004DD093F84E30591A4B424B41002E48D1D7
:10201000B9F1000F47D02046CDE90423FEF7F6FFC3
:10202000DDE90423BBF1000F0AD0296891F85610AE
:1020300001294ED021B9002A4BD108B1002B4AD139
:102040000DF060FF2B6893F854309B073FF4B9AE56
:102050000DF058FFBAF1000F3FF4B3AE2046FEF783
:10206000D5FFD5F8009000B9FEB10DF11F0048EA88
:102070004608FFF7BFF89DF91F3002932B7A0193B2
:102080005FFA88F30093012209F14203D2E67679E0
:1020900076E7002685E73E4683E70022ADE700238A
:1020A000B4E70120BEE73046BCE799F85530023B63
:1020B000012B3FF686AE002F3FF483AE0DF11F00DB
:1020C000FFF798F89DF91F3002932B7A0193FE23B6
:1020D000D8E70028B4D00A2095E600BF58150020A4
:1020E00030B505468BB0FEF789FF2C782846694647
:1020F000294D04F00F0413F057FA2B68072C16D162
:1021000093F82011684613F058FA002221466846D9
:10211000FFF7D6FB2B6893F82031022B32D017D86B
:10212000012B1AD041F236213220FCF78BFF93F8B5
:10213000542012F0060FE8D093F8A420134493F82B
:102140002421012AE1D19621002018F089F8DCE74A
:10215000033B012BE6D8072C19E0062C02D00BD844
:10216000022C0BD821466846FFF7FEFD0446FFF718
:102170008DF920460BB030BD072C09D00DF0C2FE02
:102180000324F4E7072CFBD19DF80030012BF7D195
:102190006846FFF7CFFCE9E75815002038B5154D24
:1021A0002C6894F84830F3B16FF00043D4E9201262
:1021B0009A4208BFB1F1FF3F15D00FF0B1FCD4E94E
:1021C0002023904299410ED32B6893F848305BB995
:1021D0002D6804F043FF04460FF0A2FC064BE4FB1D
:1021E0000301C5E9200138BD012005F021F80028D0
:1021F000F9D0EDE75815002040420F0070B51E4D94
:1022000006462A6892F8233192F821015F2B4FEAA3
:10221000531100F03F0097BF184B00245B18DC7887
:102220000DF0D0FD2B6893F958000DF0BBFDFEB109
:102230002B682246996E01200DF050FE2B68214636
:1022400093F89630022B14BFFF2040200DF0D6FCEF
:10225000FFF764FA2B68064693F8951019B9024601
:102260002046FFF77BF93046BDE870400DF02CBFEB
:102270002246AA21DFE700BF5815002043C504000D
:10228000F7B52C4C0746226892F823315F2B4FEAB2
:10229000531197BF284B00255B18DD78936E13B15F
:1022A0000120FFF7ABFF2368D3F888000DF040FF53
:1022B000236893F85420910703D593F896100229C8
:1022C00005D052070ED593F89620012A0AD1042D85
:1022D00026D193F85930012B0CBF03210421002093
:1022E0000DF0A0FFD4E9006318689A36D7B913F04F
:1022F000AAF863680746186813F0ABF8216802462D
:10230000304691F8963091F820110091394613F03B
:10231000A7F9236883F820510023A37203B0F0BD0E
:102320002946DCE713F0A1F80146304613F08DF999
:10233000EFE700BF5815002043C5040008B5012091
:10234000FFF79EFF024B06225B681A7108BD00BFB3
:102350005815002008B50020FFF792FF024B052218
:102360005B681A7108BD00BF5815002010B50446FF
:10237000FEF7C2FE237A032B0AD1194B1B68986E15
:1023800020B140F63F113220FCF75CFEFFF736FF2C
:10239000237A012B06D003D9023B012B12D910BDA1
:1023A000FEF708FE0E4C236893F958000DF0FAFC76
:1023B0002368002283F89520FFF7EEF8BDE810406F
:1023C000FFF7ECBE064B1B6893F895301BB9BDE8D0
:1023D0001040FFF7BFBFBDE81040FFF7AFBF00BF21
:1023E0005815002008B5044B586800F091FFFEF71F
:1023F00005FE012008BD00BF5815002008B5FEF7F6
:10240000FDFD054B00211868A03014F0D4FFBDE895
:102410000840FFF757B800BF581500202DE9F341D9
:102420004C4D00230E4607462A6841F27070116D2C
:1024300053720B885381CB69A3F57A74844295BF9C
:102440004FF47A7040F2E240B3FBF0F3B3FBF0F3E9
:1024500098BF03F550639BB213848B8C5384CB8C51
:1024600093844FF47F43D3844FF6FF73138517B3E0
:102470000121304615F011FD01463078C0092C6865
:1024800094F8483004F11402FBB112F013FDE0B1EE
:102490000B6863618B88287A938004F10E02082808
:1024A0004AD004F10D0104F0DFFD88B941F2044186
:1024B0003220FCF7C7FD6946686915F0B6FB6B6909
:1024C00069461878C0F38010D9E700236361E2E71A
:1024D0002C68637B04F11A0843F00203637347B36B
:1024E0000021304615F0D9FC0368C4F81A308388FF
:1024F000A8F804302B6893F95810186D04F050FFB9
:102500002868154915F065FE28681449036D2A30BE
:102510001A88A0F8092093F89630C37215F062FE6D
:102520000221286801F028FAFEF7BCFD02B0BDE8E0
:10253000F08104F17800D7E794F87E306373A36FDD
:10254000C4F80E30B4F87C3093800023C4F81A30FD
:10255000E383CFE758150020114F0200CD4E020053
:1025600008B5FEF793FF044B00205969FFF756FFAB
:10257000BDE80840FEF73CBD581500202DE9F047A6
:1025800005468AB0FEF73AFD2B7803F00F03082BBF
:1025900005D04FF0010840460AB0BDE8F087694613
:1025A000284612F09FFF9DF80080B8F1000FF0D18F
:1025B0009DF8013003F00303032BEAD12D4C26686C
:1025C00096F84D30002B3BD096F84E70637A002B76
:1025D00039D14FF0000906F1780396F87E20019971
:1025E0009DF8110015F092F8B9F1000F01D1002803
:1025F000CFD0236893F8419003F1420A96F848300F
:1026000023B1384604F082FE024638BB52469DF89C
:1026100012A00299504612F04DFC134606464A4657
:10262000504615F073F8E0B120680121A03014F095
:10263000C2FEFEF72BFF29460120FFF7EFFEAAE7B7
:1026400063685F79C2E715F096F80828C1D0C31B0C
:102650002072D3F1000949EB0309BCE74FF00109EF
:10266000D5E7002E95D00299384604F015FE0028D3
:10267000DAD18EE7581500202DE9F8436D4F00237D
:10268000064689467869D7F80080037043700DF0DC
:1026900037FD054630B90025032005F083F92846AB
:1026A000BDE8F8837C69032E237834D123F00F032F
:1026B00043F0030323700C236370D8F878307869F3
:1026C000C0F80930B8F87C30A0F80D3098F87E10CA
:1026D00015F0BFFA0021786917F0D7FD3B6893F831
:1026E000482003F1420993F84180002A7FD14C46EB
:1026F000236841467869C0F80330A388A0F8073002
:1027000015F09AFA4C4BD3F80C32002B00F0848071
:102710000DF0F8FBBFE723F02F032222396843EACC
:102720004913627043F0050323700B6D1B6AC4F8F4
:102730000F300A6D936A180AE3741B0C20756375D9
:1027400092F87E00138E00284BD04FF0640CB3FB40
:10275000FCF3A375D36A002846D06420B3FBF0F3E2
:10276000E375C3F3072341F270702376D369A3F5B1
:102770007A7C844595BF4FF47A7040F2E240B3FB17
:10278000F0F3B3FBF0F398BF03F550639BB26376AD
:102790001B0AA376938CE3761B0A2377D38C63778B
:1027A0001B0AA377D2F89730C4F81F3092F89B30F9
:1027B00094F8242084F823300B6D22F01F0293F844
:1027C000A23003F01F03134384F8243004F0D2F93D
:1027D00094F8243003F01F0343EA401384F82430B4
:1027E0006BE740F2E24CB2E740F2E240B6E793F822
:1027F000542052070DD593F84D2052B193F84E0056
:1028000004F084FD044600283FF471AF4FF0010846
:102810006EE77B685879F3E7052E7FF440AF3B689D
:1028200021681A6DC2F80A10A188D1811B6D83F846
:10283000098034E75815002000A0085010B5002189
:102840000320FFF719FF18B9BDE81040FEF73ABEA4
:10285000074C0321206813F0CFF80028F4D00121A1
:1028600008460DF0DFFC636809221A7110BD00BF35
:102870005815002038B5184D6B68186812F0C2FD65
:10288000044620B94FF4AB613220FCF7DBFB6B68E8
:102890000A22002128681A7101F06EF82B680520C1
:1028A0001A6D237892F8964004EA531404F0010458
:1028B0002146FFF7E1FE18B9BDE83840FEF702BE39
:1028C0000421286813F098F80028F5D02B681B6DB8
:1028D00083F8964038BD00BF5815002010B5114C44
:1028E0000C220121636820681A7101F045F800216B
:1028F0000520FFF7C1FE18B9BDE81040FEF7E2BDA4
:102900000621206813F078F80028F5D0236801200C
:1029100093F820110DF086FC236801221B6D83F8CB
:10292000962010BD581500202DE9F041044690B0C6
:102930000D46FEF763FB237803F00F03072B06D049
:102940000124FFF70BFA204610B0BDE8F0812046C5
:10295000A14C06A912F028FE206806A99A3012F0B0
:102960009DFE23689DF8181093F89620914248D157
:10297000032D03D193F89720FF2A13D09DF8192037
:1029800012073ED50B9993F897004A78B0EB121FC7
:1029900037D1097802F00F02B3F8983041EA0222E9
:1029A0009A422ED12A46072106A8FEF789FF6368BE
:1029B000DA880AB91B7A23B30023089E8DF81430F5
:1029C0008DF815308DF81630F6B10DF1160305AA05
:1029D0000DF1150106A8FFF747F823689DF814606C
:1029E00093F8415045EA4605EDB29DF818209DF850
:1029F0001580012A9DF8163008D0022A7AD0002AC4
:102A00004BD0FFF7ABF914E0FF25EEE79DF8190076
:102A1000226800F0090792F89A10092F02D041B1FC
:102A2000070706D592F85420500704D463689B79B1
:102A30009BB9012459E06268D279002AF6D0324667
:102A400006A8FEF7F1FA0028F0D02068A03014F0B4
:102A5000D4FC0028EAD00C2447E0236893F85430D3
:102A60009A07E6D09DF819309B0700F1BC80FF2142
:102A700006A8FEF717FCDCE706A8FEF7C7FA002851
:102A800040F0B480236893F85530023B012BD0D836
:102A9000B8F1000FCDD0FE21EAE7236893F8543057
:102AA0009F07C6D09DF81930980721D56EB906A8A2
:102AB000FEF7ACFA48B9236893F85530023B012B76
:102AC000B7D8B8F1000FB4D0FE2563681B7A33B1D4
:102AD000424B1B681BB10D9808B10F9998472946C6
:102AE00006A8FEF717FC441CE4B2FEF7CFFC2AE769
:102AF000FF25EAE7226892F85420910799D061688F
:102B00008979002995D09DF8197007F009010929E4
:102B10008FD1920707F0020762D5002F38D026B375
:102B20000DF11700FEF766FB00210320FFF7A4FD5F
:102B30000646D4E9003803F142070CF0DFFF012319
:102B40002A4606A903939DF917300293237ACDE90B
:102B500000033B46404600F03FFC76B900283FF4B6
:102B600068AF606800F0D4FB63E7002B8AD006A84A
:102B7000FEF74CFA0028D3D184E700283FF459AF80
:102B80002068A03014F039FC0028EAD00B24ACE710
:102B90000DF11700FEF72EFB39460320FFF76CFD01
:102BA0000646D4E9003803F142070CF0A7FF0123E1
:102BB0002A4606A903939DF917300293237ACDE99B
:102BC00000033B46404600F007FC0EB10028D7D179
:102BD000606800F0CDFB2CE758150020BC000020F9
:102BE000002F3FF444AF002E3FF446AF29463FE7A5
:102BF000036D10B5044623B94FF456713220FCF72B
:102C000021FA0222074942721B884381FF2380F880
:102C100027304FF6FF73038515F0DBFA0023236599
:102C200010BD00BF114F0200F8B5184F0E4601212C
:102C300078610020FCF7ECFE054620B940F68301E0
:102C40003220FCF7FFF94FF49472002117F0CAFD0F
:102C500001210846FCF7DCFE044620B14FF49472D3
:102C6000002117F0BFFD3B6913B940F68D01E7E77E
:102C7000304612F031FA284612F02CFF24B12046DB
:102C8000BDE8F84012F026BFF8BD00BF581500207F
:102C9000014B024A1A61704758150020600100205C
:102CA000036810B523B940F66E113220FCF7CAF95B
:102CB000044A13606C3353601369BDE810401B680D
:102CC000184700BF5815002008B5044B586800F09D
:102CD0004FFBBDE80840FEF7F5BB00BF58150020CC
:102CE00038B5044690F8400000F0FD0004F14201C0
:102CF000003818BF012084F8410004F05BF894F814
:102D00004030023BDBB2012B94BF0123002384F847
:102D1000483015D804F0A2F905460EF001FF094B22
:102D2000E5FB030194F84830C4E9200143B10020D9
:102D300004F07EFA20B940F616213220FCF782F921
:102D400038BD00BF40420F000149363015F044BA8B
:102D5000EF4E020010B5084C0222636820681A7119
:102D600000F0D8FC38B9206812F016FB2068BDE8E6
:102D7000104013F00EB810BD58150020013808B5EA
:102D8000C0B20A4B41B1032801D8185C08BD4FF40A
:102D9000E8713320FCF756F9032802D80344187968
:102DA000F4E74FF461710620F4E700BF49C5040061
:102DB00008B511F0E3FE054AD2E84F3F0133DBB21C
:102DC000C2E8413F0029F7D108BD00BF70150020BF
:102DD000024BA0F108015868FFF7EABF7015002008
:102DE0002DE9F84F1E463C4B0D46934600211A78BC
:102DF00004689DF828709DF82C809DF930909DF80E
:102E000034A0016032B9A4F108015868BDE8F84F58
:102E1000FFF7CEBF1A2204F1090017F0E3FC0123EB
:102E2000A372BBF1060F4FD8DFE80BF00433394E25
:102E3000434E3D00E37A23F0130343F01303E372A0
:102E4000012304F10E0241462846237547F6FF731D
:102E500084F81890E38204F10D0312F0A7FAE37AE4
:102E60005B0736D5BA1E04F11C03012A8BBFAA6882
:102E700032681168E2618ABFE161B28892889A8003
:102E8000E7760023237215492046BDE8F84F15F078
:102E9000A3B9E37A23F0150343F01503CFE7E37AF0
:102EA00043F01003CBE7E37A23F0120343F012035D
:102EB000C5E7E27A4AF01A0A22F01B020AF01B0A5E
:102EC00042EA0A02E272BBE740F242413320FCF7D9
:102ED000B9F8FF23E376D4E770150020E12E010056
:102EE0002DE9F04F05468DB00C4600200121FCF77E
:102EF000CBFD064620B94FF4EF713320FCF7A2F862
:102F0000A83012F06CFD18B196F85430042B2ED175
:102F1000304612F0D6F850BBB64C04F1080604F166
:102F20000C07AB6A93B92846FFF752FF4FF40073C2
:102F3000ADF804309DF80430002063F307009DF8DD
:102F4000053063F30F200DB0BDE8F08FA96A0B6860
:102F5000B142AB624FF000030B704B708B70CB70C3
:102F6000DFD0B942DDD06068FFF722FFD9E7AF6A52
:102F700037B3A14B9F4226D0043B9F4223D007F199
:102F80003B0A4FF0000803F087FD8146B8F1000FBF
:102F900040F0008102A9504612F006FBB9F1000F83
:102FA00016D004F10D00EE7A16F0100613D09DF83D
:102FB00018600599324610F0C3FD4FF0010828E073
:102FC00005F1330ADDE74FF001084FF0000ADAE7B8
:102FD00004F11C00E7E7002FEFD09DF80830022B2A
:102FE000EBD0014695F83230E522504614F0B9FF97
:102FF00095F8323006460344504685F8323014F0D6
:10300000A8FF95F83280A8EB0000D0F1000848EB4B
:103010000008B9F1000F00F0C180EB7AD90604D4A2
:103020005B216AE7C8460026F7E713F0040FAA7A87
:1030300095F80DE004F1060005F10E0C30D0E97EA4
:10304000FE292DD11123E27084F805E023701301CD
:103050000233637001232371D5F80E30C4F80630B3
:10306000BCF8043083802173EB69C4F80D302B8CDD
:10307000A4F811302B7EE3745E4E06F1080A574522
:103080003BD12379022205F1280062F34613237114
:1030900012F0A8F902272846FFF79AFE04263FE01F
:1030A00006F10A030321E27053432170023384F8CE
:1030B00005E06370D5F80E30C4F80630BCF8043073
:1030C0008380267326442B7E7373EA7A12F00800FD
:1030D00002D004232371CFE702F00303032B01D1B5
:1030E0002071C9E7520701D50123F3E7022BF1D084
:1030F0000BB92171C0E7A221FFE606F10C094F458B
:1031000015D105F1280012F06DF96A7D6AB92379AD
:10311000042662F34613237102272846FFF758FE60
:103120008DF804608DF8057004E70026F4E747B3D6
:10313000B8F1000F20D005F12808404612F052F9EE
:1031400039467068FFF734FEAB6A0022534585F8B4
:10315000322096D04B4505D12379404662F3461381
:10316000237195E79DF80830022B05D1237923F0D0
:1031700068030127237191E72379012262F3461343
:10318000F7E7EE7A16F01006CAD0237967F34613F4
:1031900023717FE700287FF445AF0646042305F13D
:1031A0002301237006F11803AA7A5343E270221D0B
:1031B0000233637005F10B0353F8040B8B4242F8A2
:1031C000040BF9D195F814A095F815B003F0A2FC02
:1031D000C1F3402950464946FFF7D0FD6073BBF16B
:1031E000000F04D049465846FFF7C8FDA073E676A5
:1031F00042E700BF701500207C150020343270B506
:10320000054692B20C461E4611F080FC25B1034AD9
:10321000556014745674147070BD00BF7015002092
:1032200010B5034C606811F093FC237C237010BD33
:1032300070150020014B587C704700BF70150020AE
:1032400038B5134D686811F089FC044620B940F286
:1032500055113320FBF7F6FED5E84F3F013BDBB2BB
:10326000C5E8413F0029F7D104F10803342218468C
:1032700017F0B8FA47F6FF720121E462E283FF22F9
:10328000627584F82320E27C61F34612E27438BD53
:103290007015002038B5436A044693B90A4D686832
:1032A00011F05CFC606220B94FF4B7713320FBF77A
:1032B000C9FED5E84F3F013BDBB2C5E8423F002ADB
:1032C000F7D1606A3B3038BD70150020036810B537
:1032D00004468BB19A6A22B140F28B113320FBF77E
:1032E000B1FE596A41B101F108008342074B08BFA2
:1032F00022605868FFF75CFD216831B1034B083943
:103300005868FFF755FD0023236010BD701500209D
:1033100038B5046805469CB11349204614F065FF92
:10332000124B00221A735A739A73DA73EFF31082F6
:1033300072B6A16A0C3399B9A362E36202B962B6AC
:103340002C68616A49B101F108039C4203D0074B24
:103350005868FFF72DFD0023636200232B6038BD02
:10336000E16A0B60E9E700BFE12E01007015002063
:1033700070B50668044656B3716A154D41B101F146
:1033800008039E4202D06868FFF712FD00237362B3
:1033900021684E7DB6B100232B726B72AB72EB725B
:1033A000EFF3108272B6886A0A4B40B98B62CB6227
:1033B00002B962B62046BDE87040FFF7A9BFC86AEF
:1033C0000360F4E708396868FFF7F2FC266070BD17
:1033D00070150020781500202DE9F047046891460B
:1033E00006460D469A469DF820209DF82C8024B96B
:1033F00040F237313320FBF725FE664F3B78B3B9F7
:10340000B8F1020F0DD009D9B8F1030F0CD0336811
:10341000002B00F08A804FF45571EBE7FFF756FF61
:10342000F5E7FFF775FFF2E7FFF7A2FFEFE7636A43
:103430000BB94021DEE783F81180CB687BB1097CB2
:10344000238E0B4440F272618B4207DDFFF790FF41
:103450003368002B69D040F27131CBE7238601231A
:10346000A3729DF928302376B8F1000F60D1227540
:103470006B691BB15B78C3F30313A375EB6913B1DD
:103480005B88A4F819302A78511E4B424B41E17AEF
:1034900063F30001C1F34003022A08BF43F00103B4
:1034A00063F34101C1F34003002A14BF002303F07A
:1034B000010363F3C301AB68E1721BB1CBB243F00C
:1034C0000403E3722B6A13B193F90030E3756B6860
:1034D00043B104F10D0304F10E029DF824102846B7
:1034E00011F064FFAB688BB1A9F1020104F11C0279
:1034F000012995BFDAF800301968E361E16194BFF2
:10350000BAF804309B88938084F81B90A969B8F1BD
:10351000000F0FD179B38B784A7803F01F0352EA7A
:10352000032228D13046FFF7D1FE0020BDE8F08706
:1035300062759DE70022636A1A705A709A70DA7099
:10354000A26AEAB9A362E36289B14A78897801F094
:103550001F0152EA01220AD1A16A3A727A72BA7242
:10356000FA720D4A79B9A2620023E26233600B4914
:10357000204614F03AFE636A3BB94FF4D77139E73D
:10358000E26A1360DFE71A60EEE70023012063625E
:10359000CCE700BF7015002078150020E12E010057
:1035A00010B590F854308A1E012BD2B205D1022AF0
:1035B0002CD8184B33F8120010BD03291DD0022956
:1035C0001FD14FF4E1700024124B03EB4403DB885E
:1035D00003390344012903F196038CBF00202820FE
:1035E000022A4FEA400094BF0B4940F648021844B3
:1035F00098BF31F812201044DEE740F264600124E5
:10360000E2E740F2E6204FF4B073E1E740F648000D
:10361000D2E700BF52C5040052C50400014610B5F0
:1036200004460E480EF0A4FA202884F8170111D0A1
:1036300021460A480EF09CFA202884F81E010BD17E
:1036400094F817010EF084FA20B940F28F2121205E
:10365000FBF7F8FC002010BD0120FCE7015B020035
:10366000014B1870704700BF510000207FB590F8E3
:10367000143103F0FF0223B140F2B7212120FBF700
:10368000E1FC0C78039214F0010318BF8D68CDE9BA
:10369000012218BF0195A60707D504ADCE6805EB3A
:1036A00083050133DBB245F80C6C65072BD504ADFF
:1036B0000E6905EB83050133DBB245F80C6C013B69
:1036C000134D80F81D314B68C0F8C830C0F8F83091
:1036D00040F27123A0F8FC30002315F8011B0C42C6
:1036E0000BD004A900EB820601EB8201013251F8F4
:1036F0000C1CD2B22B39C6F8CC100133DBB2032B31
:10370000EBD104B070BD002BD9D14FF43471B5E7C3
:103710005EC5040090F823315F2B4FEA53112DE969
:10372000F04F044689B000F2A5808F4A0A4492F80F
:103730000F90B9F1040F04D100224FF0030980F873
:103740001F2194F9212103F01F0394F82271002A0C
:1037500047EA032794F82131B4BF4FF496721E2232
:10376000DB0902FB07F70CBF4FF01E0B4FF4967BF3
:103770000CF0CAF93D1A0CF009FA94F82131804690
:1037800005EB0B0A13F0400FB8440CBF4FF4FA7668
:10379000322613F041FE754B0644B5F5977F0AFBC0
:1037A00006F606F5742606F23F26B6FBF3F66AD354
:1037B00094F8153103F0FF0A002B5ED148460CF057
:1037C000B9FE6B4B4FF47A7253F8297007F5224318
:1037D000B133B3FBF2F5E2355D4405EB4605054434
:1037E00048460CF0A7FE019048460CF0ABFE494657
:1037F00083462046FFF7D4FE00F18C03019AA7EB25
:103800000B072B448DF808A08DF811A09B1A4FF4DC
:103810007A72B7FBF2F7DF1BD4E92C320397BB3B7C
:1038200042F1FF3213EB080342F100029B1B62F1ED
:103830000002CDE906324F4B1878FE2803D094F8E9
:1038400054305A0701D40EF0D9FA8DF8100002A9AD
:1038500094F81701C4F8D870C4F81851DDE90623AC
:10386000C4E92E230EF002FA38B940F20471212087
:10387000FBF7E8FB4FF0000963E70CF09FFB0EF04D
:1038800052F901205EE048464FF47A7A0CF052FE7D
:10389000374B53F8295005F2E737B7FBFAF72037D3
:1038A0005F4447443744074448460CF043FE0190C8
:1038B00048460CF047FE834649462046FFF770FE17
:1038C000A5EB0B0500F18C03019AD4F8D8903B448A
:1038D000B5FBFAF59B1A5D1BA94514D394F81C316E
:1038E000A8F1100802A802948DF818300223A8EB62
:1038F000060603978DF81030002305968DF81930D1
:10390000FFF7CEF9BDE71B4B93F800A0BAF1FE0F0D
:1039100003D094F854305B0702D40EF06FFA82465D
:1039200050460EF075FAA5EB09035146192B38BF26
:103930001923834228BF034618461D460EF0FDF9A1
:1039400018B1002009B0BDE8F08FD4F8D8302B446E
:10395000A3F18200C4F8D830C4F8E0000EF0D2FA27
:103960000028BBD1EDE700BF52C5040040420F0064
:1039700068C804005100002001292DE9F3470646DC
:1039800005D9022900F0A08040F6520150E001F074
:103990000104D0E92CA70CF0D5F896F820818146D7
:1039A0002046414614F018F8054640460CF0CAFD82
:1039B0000246002C3FD0A8F10203DBB2022B3AD81A
:1039C000574901EB43035B8A15EB09052CBF012125
:1039D000002115EB0A0547EB0107524951F8280071
:1039E00000F2E73010444FF47A72B0FBF2F02D1A77
:1039F00067F10007ED1847F1000715F0B8FA5430E9
:103A0000D6F810812C1AD8F81C9067F1000505F043
:103A100067F806F1E803834210D04A46CDE9004535
:103A2000D8E9720115F0B1FA81451DD240F27B311F
:103A30002120FBF707FB4FF4FC73C5E798F87D00E6
:103A400090B1D6E93A7A05F0A3F830B9B8F9EC317B
:103A5000A8F8EC01DF194AEBE37A4A4638465146AA
:103A6000CDE9004515F091FA2F4B1A68D6F81031C0
:103A7000824293F87E100BD9DE693218DE6279B982
:103A800041F66A018842198616D340F2E471CFE705
:103A900049B16422B0FBF2F151430246401AD962A7
:103AA0004FF4FA71EEE740F2E242B0FBF2F151431B
:103AB0000246D962401AE3E7121945F10005C3E94D
:103AC000722502B0BDE8F087D0F8103113B940F28A
:103AD000EF71ADE7002583F8F05190F8201183F8DD
:103AE000741083F87510FF2483F876400339D0F8FA
:103AF0001001012900F13C008CBF0021012114F0CC
:103B000056FCD6F8100115F062FFC6F8105186F881
:103B100016410CF053FA02B0BDE8F0470EF003B8BE
:103B200052C504007CC804008415002008B50B4B66
:103B300030B101280DD040F665012120FBF782FA53
:103B400018601A6841F669039A4206D940F66E0178
:103B5000F3E740F6C4121A60F3E708BD84150020AD
:103B60002DE9F04F04468FB01E468B460392BDF8F8
:103B700060800DF0D5FF81462046049111F029FEAA
:103B8000D4F8CCA00546002E00F02482002800F0D6
:103B90004282204611F0A8FF039B80F00106F6B296
:103BA000002B00F0188119F5FA630593049B43F18B
:103BB0000003069304F0E0FF04F098FF074604F1C9
:103BC000E8003946079004F063FFD4F8101111B1F2
:103BD000079811F058FF1FB1B7F92420A4F80C2161
:103BE000B5B1D4F8F050B7B1B868059BD7E900215A
:103BF00000938018069B2A4641F10001019315F0BD
:103C0000C4F9854208D240F267312120FBF71AFA45
:103C1000D4F8C850E7E73846079004F0B3FF059B97
:103C20000798D4F8C8C0C518069B43F10007B8F13F
:103C3000000F00F0CB801FFA88F842F2107329467B
:103C40003A46E8FB03120CF2CF730344B3FBFCF3D8
:103C50000CFB03F3EB1A67F10000C4E93A300123CF
:103C6000C4E92A124FF0000804EB0802204606932C
:103C700092F8241111F070FD0590069BD4E92A21D9
:103C8000521B61EB0701012A71F100004FF00000A7
:103C9000C0F290819245884100DB924604EB88088F
:103CA000D8F8CC20524594BFC4F8DC20C4F8DCA07E
:103CB00026BB1BB35900B4F90C0189B214F00EFCF9
:103CC000B4F80C21D4F810314FEAE07C121A12B289
:103CD000A4F80C2143B1A3F8EC21D3E97221121806
:103CE0004CEB0101C3E97221D4E93A322D184CEBB7
:103CF00007071B184CEB0202C4E93A32039B2BB1B5
:103D0000D4E93A23C4E92C57C4E93023059B4FF08A
:103D100000082A462046C4F8D8303B46C4E92E574E
:103D20008BF8098011F06BFD059B8BF80800CBF830
:103D30000430002E00F04981012304998BF80030F3
:103D4000D4E92A32B3EB090362EB0102012B72F1D1
:103D50000001C0F23181B34F9F4278EB020200DBD9
:103D60001F46D4F81031D4F8C880002B40F02981C8
:103D700007262046A8FB065611F02BFD002800F070
:103D80001D81D4E92C32ED1846EB0206A945049BAF
:103D9000B3410FD2B5EB0905049B66EB03066FF048
:103DA0000103AB424FF00003B34102D3AF4228BF3F
:103DB0002F46B846CBF81080D4F8DC00059B98421B
:103DC00034BF002001200FB0BDE8F08F4FF0FF316D
:103DD0006FF0004237E7002E38D06FF00043D4E98F
:103DE0002A129A4208BFB1F1FF3F2AD094F81C3141
:103DF0002046234493F8241111F0AEFC039B19F1E3
:103E0000AB0205468DF82030049B099008A843F1C9
:103E10000003CDE90C230223ADF828300DF060FF3C
:103E200010B94FF49661F0E6D4E92A320C995B1A86
:103E30000D9962EB01025B1B62F10003002BC0F2E3
:103E4000B2804D46049F012600230BE7D4E93A37A0
:103E5000D4F8C8500026A9EB03025919B2FBF5F2B9
:103E600005FB02F247F100075218A2EB090147F1E6
:103E70000007AA290DD8D4F8B810C91AB1FBF5F17A
:103E800005FB0133D31AB3FBF5F3AD1847F1000777
:103E9000E8E694F82411204611F05EFCD4F8B8202E
:103EA000D4F8C850099020468DF820608DF829601C
:103EB000D4E93A13521AB2FBF5F26A43521843F1AD
:103EC0000003CDE90C2311F09AFC29468DF8280057
:103ED00008A813F01BFD0346DDE90C57C2E651F8B4
:103EE000042F013302F12B0CBC459FBF821A08F14D
:103EF0000108BF185FFA88F8DAB29645EFD804EBEC
:103F00000803204693F8241111F026FC384404EBF2
:103F10008803D3F8CC30834209D3A3EB070ABAF164
:103F2000000F24DA4FF48D616FE62F466AE094F8B3
:103F30001D11D4F8C820414511D908F10108954256
:103F40005FFA88F808D204EB8803D3F8CC3003F189
:103F50002B029A461546E2E740F2424155E6954269
:103F6000F7D352009542F4D340F25F414DE6AD19CC
:103F7000059B20464FF0000643F10007D4E92C23AF
:103F800011F0C2FBD4F8C8305843D4E93A321B18B8
:103F9000204642F10002C4E93A323B462A4611F07B
:103FA000B3FB034660E6039B4D46049F01269A46F9
:103FB000984659E6824671E64746D2E6D4E9303261
:103FC000E1E64FF0FF352E46E0E68BF80060CBE9E6
:103FD0000457F1E6039B002B7FF4E5ADD4F8C870DD
:103FE00009F1AB05D4E93A23A9EB0206B6FBF7F6D3
:103FF0007E43B618A5EB060543F10003AF420593D7
:1040000093D8EF1B002394F81DE104F1C8016FF071
:104010002A00984670E7039B002B3FF417AF2E460B
:10402000C1E500BF0040420F0138C0B2032808B507
:1040300004D94FF461710620FBF704F8014B185CBA
:1040400008BD00BF6EC504000138C0B2032808B522
:1040500004D94FF461710620FAF7F4FF014B185CA4
:1040600008BD00BF8BC504000138C0B2032808B5E5
:1040700004D94FF461710620FAF7E4FF014B185C94
:1040800008BD00BFECC504000138C0B2032808B564
:1040900004D94FF461710620FAF7D4FF014B185C84
:1040A00008BD00BFF5C60400014B1868704700BF8B
:1040B0005C16002008B5034610465A1E032A10D885
:1040C0004A1E032A0DD8084A012951700CBF00214D
:1040D0000A211071937091721946FCF779F800204B
:1040E00008BD6FF01500FBE7AC060020074B5A8AAD
:1040F00038B142F01002987A5A82DA8A9A83987715
:10410000704722F0100298835A82F8E7AC0600202C
:1041100010B4094C637A58B143F004030029637268
:1041200010460CBF00230723637110BCFFF7DEBFEE
:1041300003F0FB03F2E700BFAC06002040EA4100B9
:10414000014BD870704700BFAC06002010B5044684
:1041500011F059FE08B9002010BDE04311F053FEE4
:104160000028F8D0E31683EAA4635A1E1A42F2D05C
:10417000E3B25A1E13405A1E1342ECD0A0B214F000
:1041800001FA0B28E7D8204614F0F8F91828E2D8ED
:10419000A3B2B3EB144F04D184EA142313F0FF1F2E
:1041A000D9D0044B6340581E1840003818BF012076
:1041B000D2E700BFD6BE898EF0B5070C164BA7F527
:1041C000AA4203EA9023543A012A20D927F4004056
:1041D00042F6AA22801A18BF0120002216211F24AD
:1041E000164687EA060562EA0505013511D0DD03AA
:1041F00001394FEA5303ADB245EA56064FEAC435DA
:104200004FEA5404ADB245EA5202EAD1F0BD0020B3
:10421000E3E70020FAE700BFE0FF3F00F8B50D46F6
:10422000074640F67A4CBDF81860A81FBDF81C1070
:1042300080B2604515D8941FA4B264458CBF00209D
:10424000012087B9194C247984B188B96FF450677B
:10425000EC19062C04D86FF450641419062C07D9F5
:10426000F8BD0020EDE797F87D40EDE70028F7D096
:10427000954218D803FB0111B1F5FA7F13DCA6F1C2
:104280000A0340F676409BB283420CD8104611F0E8
:10429000BDFE42F2107341435E43B6EB410F8CBF4B
:1042A00001200020DCE70020DAE700BF68160020CC
:1042B000304BF0B5B0F868700C4611461A88B0F86B
:1042C000666085B097425D8828BF1746964228BF32
:1042D00016461B2E2ED0B5F5A47F2DD040F64803F0
:1042E00001AA9D4228BF1D4611F0CDFEBDF80A303F
:1042F000BB4228BF3B46E380BDF80C30AB4228BF31
:104300002B462381BDF80630B34228BF3346638075
:10431000BDF80830AB4228BF2B46A380FF23237093
:10432000E3881B3B9BB2E02B08D940F2EE613920B9
:10433000FAF788FE1B2FCED105B0F0BD63881B3B7A
:104340009BB2E02B02D94FF4DE61F0E7238940F6FF
:104350004812A3F5A4739BB2934202D940F2F261D2
:10436000E5E7A388A3F5A4739BB29342E4D940F296
:10437000F461DCE768160020F0B502780346DFF848
:1043800094C001F108060A700025427840F2712EAF
:104390004A7082788A70D0F80320C1F80320B0F800
:1043A0000720A1F80720427A4A7294079CF820005F
:1043B00001F1220481F8490002F0010048BF0130F8
:1043C000520744BF0130C0B2EAB2904207D89CF80D
:1043D000393081F84830002381F84A30F0BD03EBD2
:1043E0000512013557890EFB07F746F8047F9789B8
:1043F0000EFB07F7F760D78924F8027F178AE7805A
:10440000578AA781978A6782D78A2783128BE2838C
:10441000DAE700BF68160020F7B5002304460E4611
:104420001746CDE900336846FBF768FB08B100206A
:1044300016E0009DA542F6D03046EB1C11F0C8FDF9
:104440003946AA7813F062F90028ECD005F10A0386
:104450006A7A04F10A01607A13F058F90028E2D070
:1044600003B0F0BD054A134692F8202053F8211BF3
:1044700011F8030BC0F3801013F048B9E81B0020BB
:104480002DE9F7430F461121804616461D46FBF7DE
:10449000FBFA0446002841D06946404613F077F9FC
:1044A00020B140F29C513920FAF7CCFD2B229DF827
:1044B0000010019803F048FB90BBDDF8048098F8E9
:1044C000E3309B072ED5284615F0B1F904F15B01C6
:1044D000A8B1154B1B6813B94FF4B661E3E72A4640
:1044E0003046984740B9A4F85860A4F85B7084F847
:1044F0005A50FF2388F8353103B0BDE8F0830B4BE9
:10450000D3F80090B9F1000F02D140F2B651CAE7DA
:104510002B4604F17D023046C847E3E70220EBE773
:104520004520E9E71A20E7E7840100208C010020FC
:1045300001281ED8022B0DD1A2F57A700F4B98429C
:1045400019D8A1F57A70984215D88A428CBF1220EA
:10455000002070470A4882420DD8012B0CBF40F260
:10456000527340F6C3139A4205D9A1F6C410054B05
:10457000E9E7122070473020704700BFA7F97002AA
:104580008FFD7002CBF3700210B504460A4810F09C
:10459000D2FE0A492046FFF769F8204610F0F2FDE6
:1045A00038B12046FEF79CFB204610F0C1FE0020EB
:1045B00010BD1220FCE700BF841600208C160020DE
:1045C0002DE9FF4106788046012E40F09A80314661
:1045D0000020FBF759FA054620B940F62C71392026
:1045E000FAF730FDB8F80430002B40F0828010F06C
:1045F00068FD00287FD195F81431002B7DD1284625
:10460000FFF7C2FF0446002879D1594F31463046A2
:10461000FBF73AFA97F83810064619B110B940F688
:104620004871DCE73A7F0023CDE9023312F0010341
:104630001CBFF86A0290520741BF04AA02EB830331
:104640007A6B43F8082C002945D096F81431002BDA
:1046500041D0B8F80230002B3DD13B7F304600936B
:1046600002ABBA6AB97F10F00DFEA0B3304611F06C
:10467000BCF906F14003804605F14002683653F864
:10468000041BB34242F8041BF9D12846FFF77CFF14
:10469000024610B140F66F71A1E7B8F10C0F07D1D7
:1046A0000146284611F068FBF8B940F6737196E7A9
:1046B000B8F1000F02D040F6787190E77B7F284672
:1046C000296D43F0040385F8543011F031FB60B9D3
:1046D00040F67A7183E7B8F804202846B8F802104B
:1046E00011F04AFB002808BF0724204604B0BDE8AB
:1046F000F0811124F9E73A24F7E70C24F5E71224B6
:10470000F3E701210020FBF7BFF9054610B940F699
:104710008D7164E711F0F8F804460028E5D195F8AA
:10472000543095F8A62022B195F8A720134385F8B8
:10473000A600053B012BD8D82B6D13B940F69D710F
:104740004DE701210846FBF79FF929464FF4947283
:1047500006460FF0F5F90423316D304686F85430E3
:1047600011F0E6FA0028C0D140F6A27137E700BF89
:10477000681600202DE9F04F9A4685B0754B044627
:104780000DF10809744F186888461B791646029087
:1047900089F8043097F8563013B1484602F07AFE93
:1047A0006E4D0021204613F054F8AB68A4F8008049
:1047B000E36396F84A2006EB4202B2F82AB0584664
:1047C00011F024FC01466FF4506000238344BBF1D8
:1047D000060F6BD9908C4FF0961284F87E302387A9
:1047E000626340F2E24211F011FC04F0D7F940F2AA
:1047F000E2430146A4F8DC312046E161C4F8D81157
:1048000015F0D5F8834602F085F98306297C53BF5D
:104810001B236B88AA881A46A4F86630504BA4F86C
:1048200068201B6884F84410A4F846B01BB194F9C2
:104830007C10404698473B79003B18BF012384F821
:104840007D30484B1B6813B14749208898470123A6
:104850006386464B1B6813B1454920889847454BF2
:104860001B6813B1444920889847444B1B680BB11F
:1048700020889847424B1B680BB120889847AB882B
:1048800004F114006A8869780333033201919BB202
:10489000297892B2009104F11801FBF779F9636964
:1048A00073B941F2DB113920FAF7CCFB4FF04D120E
:1048B00023870123626384F87E304FF47A7399E78B
:1048C000A36913B941F2DC11EDE711F061FB20623D
:1048D000BAF1000F04D003F091F920F07F40A062FC
:1048E00096F84A302046E96806EB4306338EA384E7
:1048F000F38EE38415F058F8494604F1960013F05E
:10490000E4F897F8563013B9FF2384F80532BB6DED
:1049100023B1012204F59171204698471949204698
:1049200013F045F803F06AF90C230121B0FBF3F210
:1049300002FB1300C0B2431DDBB2082B9CBF0D303D
:10494000C3B2204684F8A23012F083FF05B0BDE860
:10495000F08F00BF782D050068160020241B002072
:10496000A40100208801002070160020B80100205A
:10497000A2160020A8010020AC160020AC010020E7
:10498000B0010020421B0020034B044A1A60044B74
:10499000044A1A60704700BF7C01002011880100A2
:1049A0008001002009D5010008B50A4A0A4B1A60A7
:1049B0000A4B0B4A1A600B4B0B4A1A600B4B0C4A02
:1049C0001A600C4B0C4A1A6015F016F9BDE8084045
:1049D00014F010BF01DB01009001002094010020C1
:1049E000D5E2010098010020039E02009C010020F6
:1049F0006BA002008C0100208B98020010B50321EF
:104A00000020FBF741F8044670B90321FBF700F8DA
:104A1000044620B940F291313920FAF713FB034BD9
:104A200093F95C1014F0B3FC204610BD681600200A
:104A30002DE9F04F87B007468846008804A912F098
:104A4000A6FE064600287CD1059D95F87531002B01
:104A50006DD0B8F1020918BF4FF0010995F88F30F9
:104A6000232B95F8E13043EAD3030CBF89F0010A08
:104A70004FF0000AD90702D4BAF1000F63D0B8781A
:104A80009DF8104008B902F04FF88DF80B00F87847
:104A900008B902F049F82E4B8DF80C00D3F800B09D
:104AA000BBF1000F0BD00AF0010320460DF10B0201
:104AB0002946009303ABD847044600283AD19DF815
:104AC0000B20B2B39DF80C309BB3164695F87D20B1
:104AD00032B1B20703F0020337D5B3B302231E4647
:104AE000FF2285F82D21B9F1000F28D195F82C214E
:104AF00002F0FF041ABB85F82C8103A985F82E610A
:104B0000284685F82F31BB88A5F83031BA78ADF842
:104B10000E308DF80C20FA788DF80D2012F047FF3A
:104B2000002385F82D31204607B0BDE8F08F81467F
:104B300094E70924BAF1000FF5D00023C6E73A2420
:104B4000EEE70446EFE71A24EDE70924EBE700BFA0
:104B5000B401002038B512F0D8FD002502F04AFA61
:104B6000224C01F0EFFF13F015FB03F0DDFD02F026
:104B7000B1FC02F07BFC012001F088FF1C4B1D4AB8
:104B800029461D601C4BA4F854501A601B22DD837B
:104B90009A80F9221D8483F822501D77174B2283B7
:104BA0005868174A1B8922601422E06104F124002E
:104BB0002384A576A580A57515F014FE012342F285
:104BC000107204F13A0084F8243084F83930C4E9D2
:104BD0000A2215F0EDFA04F1440015F00EFB002254
:104BE000002384F86850C4E9182338BD68160020F3
:104BF0007801002003021B00241B00208BC5040049
:104C00001B004801064B41F64C521B215A61197496
:104C1000C3E9022241F288329A61FFF79BBF00BFCD
:104C2000241B002073B5344D0446AB68C363334B7B
:104C30001B79003B18BF012380F87D30304BC361E6
:104C400014F02FFA064601F065FF8306297C53BF56
:104C50001B236B88AA881A46A4F86630294BA4F84F
:104C600068201B6884F84410A4F846601BB194F9CE
:104C70007C1020889847244B1B6813B12349208857
:104C800098472349204612F092FE01236386214B68
:104C90001B6813B10021208898471F4B1B6813B174
:104CA0000021208898471D4B1B680BB1208898472E
:104CB0001B4B1B680BB120889847AB8804F114008C
:104CC0006A8869780333033201919BB2297892B2E2
:104CD000009104F11801FAF75BFF636923B940F210
:104CE000C5613920FAF7AEF9A36913B940F2C6617C
:104CF000F7E7002002B070BD241B002068160020DA
:104D000000093D00A4010020880100207016002049
:104D1000421B0020B8010020A8010020AC010020A7
:104D2000B00100202DE9F34104460E4614F070FB5B
:104D3000002800F0B080204614F0FBFB30B1B6F83C
:104D40000130013B7F2B01D9122004E0204614F0F2
:104D5000F4FB18B90C2002B0BDE8F081204614F035
:104D600032FA0028F6D1204614F0FBFA0746002854
:104D7000F0D1204605F0E8FF0028E5D042F210739C
:104D8000B6F80180F178204603FB08F814F0B8FB70
:104D900004213078FAF778FE054606213078FAF7D4
:104DA00073FE2DB140B141F67B413920FAF74AF943
:104DB00008B3054690F8BD70384E3368DBB1403516
:104DC000284614F047F8B0B1284614F025F890B9F9
:104DD0003FB1334B28461B68984760B141F68F417D
:104DE000E3E730493A46336828464969984710B1A5
:104DF00041F69441D9E7204614F08FFB014640B9B3
:104E00004246204604F09CFA002842D041F69D41DB
:104E1000CBE7204614F08DFB40B902210DF10600CE
:104E2000FAF7BEFD054658B90D2094E7204614F068
:104E300093FB0028F1D11C4B1B79002BEDD183E7AC
:104E4000002112F0BAFCBDF80630204629462B801E
:104E500014F0A0FB204614F07FFB88B9216A20469D
:104E600014F084FB01462846FFF7DCFE4246294643
:104E7000204604F065FA024620B14FF4E65194E76B
:104E80000121F0E7084B9B6D1BB105F59171284698
:104E9000984700205FE742205DE700BF7C010020CB
:104EA0009C010020241B002068160020024B1B6878
:104EB00003B118470C2070477801002008B502F0B4
:104EC00099FA11F033F9024B83F85C0008BD00BF7A
:104ED00068160020014B93F95C00704768160020AB
:104EE000B0F9002011B292B2F8B502F5A0639BB2FE
:104EF000B3F5206F37D8B0F902301DB29BB203F57D
:104F0000A06080B2B0F5206F2DD802F2F64040F2DA
:104F1000BE5480B2A04228D803F2F64080B2A0422C
:104F200023D800294FF00A04C4BF093211B2002D62
:104F3000C8BF093391FBF4F4C8BF1DB202F09EFA5A
:104F40000A2367B2064695FBF3F1384649B202F0F0
:104F500087FA074B1B6813B1A01B40B208B90020A9
:104F6000F8BD9847FBE73020FAE71120F8E700BFCB
:104F7000A0010020034B5A8802801B788370002018
:104F8000704700BF241B00207FB5837806461A2B8C
:104F900008D8042B04D9334A22FA03F3DB0705D4DB
:104FA00012251AE0292B01D03B2BF9D13088B0F51E
:104FB000706FF5D2694612F0EAFB88B9019B93F84D
:104FC000202102F0FF05C2B9B27883F82121FF2227
:104FD00083F82021684613F0B6F8284604B070BD67
:104FE00009213088FAF750FD0446002837D002A97D
:104FF000B0F8AC0112F0CBFB08B10C25EDE70821AD
:10500000B4F8AE01FAF740FD20B940F62E21392060
:10501000FAF718F803781BB994F8C831032BECD1D0
:10502000039B93F83621002AE7D194F8F02102F08F
:10503000FF05002AE1D1B4F8B021A3F8382194F893
:10504000B82183F83A21027D83F83B21B27883F8B6
:105050003C2184F8F021FF2283F83621BDE70225A8
:10506000BBE700BF200038040188A1F11B039BB2FD
:10507000E02B0CD8428844F24810A2F5A4739BB2EE
:10508000834204D8034B002019805A8070471220B5
:10509000704700BF68160020034B1A885B880280A7
:1050A00043800020704700BF6816002038B50278A2
:1050B000447802F0010302F0020254EA030101D134
:1050C000112038BDBAB98578002DF9D0002B18BF52
:1050D000002400E01D46204610F0C8FF0028EFD055
:1050E000284610F0C3FF0028EAD0054B00209C772B
:1050F000DD771884E5E7002BECD000242546EAE7AD
:10510000241B002013B50088694612F040FB18B13B
:105110000224204602B010BD684611F0AEF8002807
:10512000F6D0019890F832310BB13A24F1E790F8BB
:10513000DA3003F0FF04002BF7D190F8D1309B0751
:1051400006D1FF2380F83231684612F0FCFFE0E719
:105150000249D23013F046F8DBE700BF038C0200AF
:105160002DE9F84F03780446032B03D9122528466E
:10517000BDE8F88F4378032BF8D8437E8578002B61
:1051800050D1012DF2D101F0CFFC854340F09D803C
:1051900094F8029019F0010506D001232269A16854
:1051A000E078FFF7C5F9054619F0020F07D0022392
:1051B0002269A168E078FFF7BBF92843C5B219F06E
:1051C000040F00F0868094F803B00423D4F808A0FC
:1051D000226958465146FFF7ABF9284310F0FF0506
:1051E000C5D1B9F1050F0ED194F804900423E168FC
:1051F00062694846FFF79CF905460028B7D1CB45C0
:1052000063D18A4561D1237E013B062BAED80121B3
:105210000020FAF739FC054690B940F62D61392097
:10522000F9F710FF072DA1D8A90706D5022D9DD1AA
:10523000294B5B79002BA6D198E7002D96D0A2E7E9
:10524000A83010F0CCFB18B195F854309A073ED135
:10525000657EE278003DA178A06818BF0125012A8B
:10526000B4F800E014BFB2FA82F2022294F818C037
:1052700018BF5209CB071FD54B0726690BD56769A5
:10528000F319984207D243089E4228BF1E46831B4B
:105290009F4228BF1F46104B83F8215000251977E5
:1052A0005A77A3F81EE083F820C083F82410C3E9DE
:1052B0000A06C3E90C875AE7022902D1D4F8108004
:1052C000E9E74B0748BF2769E5E711254FE70C25BC
:1052D0004DE7002D97D04AE7681600202DE9F041F0
:1052E000054688B0002001F0D1FB2B78AC788DF812
:1052F00004306B7804F001068DF806408DF8053017
:10530000630748BF013601F00FFC844349D10DF11A
:10531000060102AA05F1030840F2712E10468C46E0
:10532000E3B29E4219D8214B93F8200093F839300C
:105330008DF81C00A8788DF81D3030F0050332D1AF
:1053400010F0050F2FD01A4CD8B2864217D801A8FA
:10535000FFF706FF08B0BDE8F08104EB84030134D9
:1053600018F803702B440CF8017F9F88DB880EFB34
:1053700007F70EFB03F340F8047F8360D0E711F8D2
:10538000010F01280FD8D068A0F6C410A04206D89B
:1053900052F8040F0133A0F6C410A042D4D9302033
:1053A000D8E71120D6E71220D4E700BF6816002006
:1053B000CBF3700200B589B0437940F271218DF8CA
:1053C000043083798DF8053001238DF80630037899
:1053D0008DF80730B0F801304B430393B0F8032049
:1053E0004A430D4991F820100592A2F6C4128DF897
:1053F0001C1000218DF81D1008498A4209D8A3F617
:10540000C4138B4205D801A8FFF7AAFE09B05DF8C6
:1054100004FB3020FAE700BF681600203C369C00F1
:1054200003780020024A003B18BF0123937670479F
:10543000681600202DE9F04F457A8BB00446A90785
:1054400006D46A070AD1122630460BB0BDE8F08FA9
:10545000994B1B7913B945F001054572072DF2D818
:1054600001F062FB35EA000040F08E8094F848308D
:1054700053B9012DE7D1A369904AA3F25373934224
:1054800000F27C81012602E015F00106F3D1AB07A2
:1054900045BF731CB1464FF0FF09DEB26F070AD556
:1054A000B31D874A54F82330A3F6C413934200F285
:1054B00065810136F6B204F1080704F122054FF0C8
:1054C00000085FFA88F39E422BD823789A1E022A9E
:1054D0005AD9012BB7D813B9A378012BB3D8637865
:1054E000032BB0D894F84930013B062BABD8724E51
:1054F00001210020FAF7C8FA96F838300546002B4B
:105500005BD101210846FAF7BFFA002818BF05460B
:1055100005F1A80010F063FA0746002867D00C26B2
:1055200092E7994532D0D7F804A03B6953458AD811
:105530006A8B2B8C9A4286D80120B5F814B0698802
:10554000EB892A89CDE900B00020CDE90213FEF7EE
:1055500065FE002800F01281B8F1000F28D02888DD
:10556000029988427FF46FAFE98891427FF46BAF74
:10557000AA89039B9A427FF466AF6B8A5B457FF4EE
:1055800062AF3B689A4513D011265DE7012E0FD11B
:105590003A694C49A2F57A738B4200F2EF807B683E
:1055A000A3F57A70884200F2E9809A423FF64BAF49
:1055B00008F101080437023583E7A83010F00FFA2C
:1055C00000289ED06FF00043D5E92A129A4208BF06
:1055D000B1F1FF3F95D1637A2846009304F1180397
:1055E000E26861780FF04EFE0746002889D0284611
:1055F0000FF06DFD08B13A2626E728460FF061FD51
:105600000028F8D1B37E4BB905AE0593736006232D
:105610008DF81A303046FAF771FA28B300210DF1EF
:105620001200FAF7BDF98046002800F0A58001239A
:105630002246BDF81210FFF79DF8404606F0BEFA6C
:105640000646DFB9E0B9617828460FF0D2FD04F1D3
:105650000309A278217828464B460FF072FD0028F6
:1056600040F08E8012260BE0059B93F8A520802A3F
:10567000D0D093F8BD30002BCCD050E70028E6D036
:10568000B8F8000001F002FB0021B8F80000FAF7BA
:1056900011FA00283FF4D8AE41F2B2413920F9F7AF
:1056A000D1FC4A46A1784046FEF7B6FE002800F03D
:1056B0008F800B26E4E700BF681600203CF67002DE
:1056C000CBF37002A7F97002637AE16813F001026C
:1056D0008DF8147006911FBFA069079001208DF806
:1056E00014009E070DD5022B09D1901D54F82000FF
:1056F00008909DF8140040F002008DF8140001326B
:10570000D2B258071BD59DF81400063203F00503EA
:1057100054F8222040F00400052B09928DF8140063
:105720000DD107981318994209D24B08834228BF1C
:105730000346C91A0793914294BF0991099205A99A
:105740002846FDF793FF94F848102846003918BF03
:1057500001210FF0F3FC94F8491028460FF0D4FC17
:1057600028460FF0E5FD4146284610F0E1FA08B161
:10577000002669E6072683E70D2665E6302663E600
:1057800017B92846FDF7ACFA4B46A278217828468F
:105790000FF03CFD667A022E04D001F0C5F90640F8
:1057A00006F00506314628460FF0B1FC17B9042370
:1057B00085F85430C5F850804A46A07810F008FCAF
:1057C000014628460FF03DFD2378002B3FF469AFDA
:1057D000012128460FF050FD012128460FF04FFD12
:1057E000002F3FF471AF042128460FF0D4FC0028AD
:1057F000BED10C2644E700BF10B5437994B0032B0B
:1058000057D823F00203027940F271218DF8063057
:10581000D0F806308DF80420CDF807304389027B9C
:10582000ADF80B3001238DF805208DF80D3003887D
:105830004B43049342884A430792A2F6C412847BE6
:10584000417B41EA0421ADF82810047CC17B41EA88
:105850000421ADF82E10847C417C41EA0421ADF88E
:105860003410047DC17C41EA0421ADF83A10417D39
:10587000847D41EA0421ADF84010C17D007E41EAFB
:1058800000210E48ADF8461000218DF84C108DF81F
:105890004E100B4990F820008A428DF84D000AD82E
:1058A000A3F6C4138B4206D801A8FFF7C3FD14B0BA
:1058B00010BD1220FBE73020F9E700BF681600207A
:1058C0003C369C0030B5044695B0002001F0DEF86F
:1058D00001A92046FEF750FD054601F025F99DF887
:1058E0000D4034EA000002D0112015B030BD14F094
:1058F000050F1CD0072C1AD801F016F98443F3D1F8
:1059000003AB0C49E2B2954203D801A8FFF792FD20
:10591000EBE71A69A2F6C4128A4206D853F8042F9C
:105920000134A2F6C4128A42ECD93020DDE71220FD
:10593000DBE700BFCBF370022DE9F047027896B0A9
:10594000054602F11003DBB20E2B3ED9437883F0FB
:1059500080017E2939D9FF2A00F1020407D1FF2BEB
:1059600033D1204616B0BDE8F047FFF7ABBFFF2BA1
:105970002BD0002001F08AF806212878FAF784F865
:105980000646002800F0128190F8BD3023B90C279C
:10599000384616B0BDE8F0876A7890F8A1309A4290
:1059A000F5D290F8A530802BF1D101210846FAF705
:1059B0006BF8034658B90121FAF766F8034630B987
:1059C00003A92046FEF7D8FC60B91227E0E703F1EF
:1059D000A80010F004F80028F2D0784B9B7E002B32
:1059E000EED1D4E79DF81540072CEED801F09CF8D5
:1059F00034EA000740F0DC80307CFEF725FB14F031
:105A0000010303D0012808BF8DF85670A10705D502
:105A1000022808BF8DF856300133DBB2620740F12F
:105A20009F80032840F09C808DF856300223644A02
:105A300013449B7A1C42C8D016AB9DF8561003EB5A
:105A40004102134632F8102C33F80A3C9A42BCD873
:105A500001F1180016AB16AC16AA03EB400002EBDE
:105A6000410204EB4101012430F84C3C32F8222C75
:105A700031F8281C019430F8460C00900020FEF705
:105A8000CDFB002800F096809DF80E30A3429CD8F4
:105A90009DF80D30032B98D800210DF10A00F9F77D
:105AA0007FFF0446002800F08780002303AABDF88A
:105AB0000A10FEF75FFE204606F080F80746002831
:105AC0003FD1204604F1030814F044FB736805F14C
:105AD000050AA362287910F07BFAA070D5F805308A
:105AE000C4F80330B5F80930A4F80730E87810F0AE
:105AF0006FFA6072337C84F8743084F87530FF2359
:105B000084F87630317C04F13C0004F10A09033951
:105B100001298CBF0021012112F049FCEB78023BE6
:105B2000012B20D84146A07811F01BFE4946804643
:105B300001F0F2FAF8B94946607A01F03BF9D0B9C0
:105B40001227208801F0A2F800212088F9F7B2FF7F
:105B500000283FF41DAF41F281313920F9F772FA84
:105B6000431EDBB263E74946607A01F023F900285F
:105B7000E6D04FF00808AB787BB186F8BE80EB78B2
:105B8000C6F8C840023B012B8CBF0023012386F8D6
:105B9000BF306B7886F8A530FAE652462979204660
:105BA000FEF73AFC0028E8D00B27CAE74227EFE6C9
:105BB0001127EDE63027EBE60D27E9E66816002011
:105BC0008BC5040073B506230025CDE900558DF87B
:105BD00006306846F9F792FF08B1002610E0009DF4
:105BE00095F8A530802BF4D095F8BD60002EF0D04C
:105BF00095F80931002BECD195F8A430002BE8D1B1
:105C000001210020F9F740FF044620B941F2E541A7
:105C10003920F9F717FAA8300FF0E1FE244B93F87A
:105C2000383083B3F0B194F85430053B012B19D8C8
:105C300020460FF0DAFE054610B141F2F041E7E7E9
:105C40002046FCF7D5FF94F854302A46294623F025
:105C50000403204684F8543010F08EF8C8B941F29D
:105C6000F541D5E701210846F9F70EFF044610B9C2
:105C700041F2FC41CCE7A8300FF0B1FE68B90C2529
:105C8000284602B070BD30B9002EF8D0FF2385F849
:105C9000A4300025F4E7002EF8D120460FF0A5FE31
:105CA00005460028ECD12046FCF7A2FFE8E700BF3C
:105CB00068160020F7B5067804460F46EF2E03D984
:105CC0001226304603B0F0BD90F901204378002A37
:105CD000F6DB82789207F3D113F0100048D19D06CD
:105CE00003F0030241D5002AEAD119074FD503F08A
:105CF0006702012AE4D1627A013A062AE0D8A27A40
:105D0000032ADDD813F0040102D1023A012A03D894
:105D1000E27A012AD4D811B9A27C032AD0D8227DF4
:105D2000002847D0012ACBD1237E012BC8D80028D8
:105D300050D06378D90703D500F012FE002850D068
:105D40006378227D03F01803082B5AD1022A48D128
:105D500003213046F9F798FE0546002857D013F086
:105D600032FA00285FD00C26ABE7032ABDD1A7E7A3
:105D700013F0600FA4D103F00702052A05D003F049
:105D80000F010D22CA40D2079AD51D07B3D421793D
:105D9000E278E57942EA0122617942EA0142A17999
:105DA00041EA0521257A41EA05418A4288D81F2A1D
:105DB000A1D885E7022A04D103F06F03092B7FF4F1
:105DC0007FAFA37D013B022B3FF67AAFE37D0F2B24
:105DD000AAD975E700F0A8FE820707D4237D022B1D
:105DE00001D111266DE7A37D022BFAD000F09CFEB5
:105DF00043079ED4237D032BF3D0A37D032B98D19F
:105E0000EFE7022AA4D0237F002BA1D0E9E70321EA
:105E10003046F9F7FDFD0546002843D0224B93F9A3
:105E20005C1013F0B4FA0021304613F04EFF28BB8B
:105E3000284613F06FFB21463870E074284604F0C2
:105E4000DDFFE37E0646002B3FF43BAF00287FF4E6
:105E500038AF0246E96C6846F9F77AFF3246E86CDB
:105E600001210EF0C7FEE96C68460422F9F770FFC5
:105E700032463146E86C0EF0BDFE22E7403012F0AB
:105E8000E9FF0028D4D0637813F0330F7FF418AF04
:105E9000A67D2846296A13F069FBFEF7D5F88642ED
:105EA000C6D060E707260CE76816002030B50279F7
:105EB0008BB00346042A4FD84088B0F5804F4BD8AA
:105EC000264900241144ADF800408DF808408A7C32
:105ED0004D7B42F010028DF8244042EA4502CD7D10
:105EE000097F42EA850242EAC102694602F01F02C6
:105EF0008DF80020BDF80020ADF809201A888DF833
:105F00000E00000A8DF80B20120A8DF80D408DF856
:105F10000C208DF80F008DF810405A7BD3F8070045
:105F20008DF811205A79059002A88DF812209A79DF
:105F30008DF81320B3F80B209B7BADF818208DF85B
:105F40001A307F238DF81B304FF00113CDE9073451
:105F5000FFF7B0FE0BB030BD1220FBE78BC504008D
:105F6000F7B5B0F801200546B0F803309A4202D9DF
:105F7000122003B0F0BD052AFAD9052BF8D9B0F8E4
:105F80000530002B40F09D8003210078F9F77CFD5F
:105F90000646002800F0978013F0C3FA0028E7D1E6
:105FA000304613F0D9FA0028E2D1304613F0B5FAA2
:105FB0000028DDD1304613F0B8FA01460028D7D1C9
:105FC000287813F082FE0446002850D10621287854
:105FD000F9F75AFD0746002850D1BCB906202F78A2
:105FE0000EF04FFD00285DD006213846F9F710FD70
:105FF000002857D080F8BD400446374B214638462C
:106000001B68984706F12803C4F88830E28D94F89D
:10601000300094F834104FF6FF7301F0FF070029A9
:1060200055D19A4247D000280CBF23273B27A068B0
:106030000EF072FEB5F80320014640F2E24073799B
:1060400042432046009713F08BFE00283DD004F118
:106050004001284610F075F873793046237413F028
:1060600059FA0146204613F08DFE002081E74030AA
:1060700012F0D2FE0028A9D00C207AE790F8BD30AB
:1060800043B10146287813F099FE134B394628781E
:106090001B68984706F12803C7F88830002387F863
:1060A000BD309AE704213846F9F7B2FC04460028CF
:1060B000A3D107205DE794F83530002B18BF0927DE
:1060C000B5E7112055E7422053E7452051E79A42B2
:1060D000A9D10927ABE700BF800100202DE9F743D4
:1060E000074603214078F9F7CFFC0546002800F069
:1060F000B98004217878F9F7C7FC0446062178783E
:10610000F9F7C2FC06462CB1C8B141F63A61392014
:10611000F8F798FF18B90C2003B0BDE8F0830446E7
:1061200090F8BD803B7804F1400913F0010F484618
:1061300000F08B8012F070FE18B10020ECE7804672
:10614000F0E7284613F0EDF90028E4D1284613F0D3
:1061500003FA0028DFD1284613F0DFF90028DAD14E
:10616000284613F0E2F90028D5D13B78C3F3400369
:10617000A373B8F1000F32D06B794846627B237469
:1061800095F846301B0963F30712627302F03AFB7D
:106190000028C1D156B1B8F1000F07D00FF0F8FEBA
:1061A000334BC6F890001B7E86F8A3300FF0F0FE4C
:1061B000206001F023FD20F07F406060284613F04E
:1061C00002F80028B9D0B8F1000F32D0294B484668
:1061D0001B6898470028B0D041F68D6197E7A0680A
:1061E0000EF072FD002896D1E28D94F8300094F8FC
:1061F00034104FF6FF7301F0FF07002934D19A42A3
:1062000011D000280CBF23273B27A0680EF084FD87
:106210006B79014600972046226F13F0A1FD0028FC
:10622000AAD1452078E794F83530002B18BF09270C
:10623000EBE7114B42464846596902F0E9FA00285B
:106240003FF47BAF41F6926161E7B8F1000F04D0F3
:1062500003B0BDE8F04313F063BF03B0BDE8F04303
:1062600012F04DBE422057E79A42CAD10927CCE727
:10627000681600209C010020241B00202DE9F0411D
:1062800088B005460C461422002103A814F0AAFA8F
:1062900028782070B5F80120B5F803309A4203D968
:1062A000122008B0BDE8F081052AF9D9052BF7D9ED
:1062B000B5F80530002B40F00481864B5B7E1BB99E
:1062C000EB7A0BB10720ECE70321F9F7DDFB06467B
:1062D000002800F0F88013F024F90028E0D13046BF
:1062E00013F03AF90028DBD1304613F016F90028F4
:1062F000D6D1304613F019F90028D1D106212878DB
:10630000F9F7C2FB044600286FD1E979002973D060
:106310008029C5D801292B7A04D0052BC0D96A7AE7
:106320009A42BDD203FB01F2B5F801008242B7DC0C
:10633000EF7A002FB4D0687A421ED2B2FD2AAFD8CD
:10634000012FAA7A0BD0012AAAD9A3EB000C4FF097
:106350000A0807FB02FE08FB0CFCE645A0D88DF8F6
:106360001D1040F2E24195F800C04B4348430493AE
:106370007D238DF81CC05A43574B059006928DF82B
:106380001E70B5F803001B684143727903A8984753
:10639000002864D0002C40F0868006212878F9F788
:1063A00037FB044600288DD04C4B9DF81C101B6811
:1063B000984706F12803C4F88830012304F140010E
:1063C000284603AD84F8BD300FF0BBFE737930462C
:1063D000237413F09FF801462046903413F0D2FC4A
:1063E0000FCD0FC42B6823605BE0403012F014FD2A
:1063F00000288AD00C2054E7002C32D106212878BE
:10640000F9F706FB044600283FF45CAF344B214605
:1064100028781B68984706F12803C4F88830E28D75
:1064200094F8300094F834104FF6FF7301F0FF0732
:1064300000294AD19A421DD000280CBF23273B27B0
:10644000A0680EF069FCB5F80320014640F2E24076
:10645000737942432046009713F082FC80B94520AF
:106460001FE794F8BD30002BD9D02146287813F0CF
:10647000A5FCCBE794F83530002B18BF0927DFE7E0
:10648000002304F14001284684F8BD300FF059FE86
:1064900073793046237413F03DF80146204613F01B
:1064A00071FC0020FDE694F8BD30002B85D121461B
:1064B000287813F083FC094B9DF81C1020461B68BC
:1064C00076E71120EDE64220EBE69A42B4D10927A7
:1064D000B6E700BF6816002094010020900100205C
:1064E000800100202DE9F04F804600788DB0EF2824
:1064F00003D912200DB0BDE8F08F08700321F9F721
:10650000C3FA0190002800F01D81062198F80000D0
:10651000F9F7BAFA044608B90C20EBE790F8BD3059
:10652000002BF9D098F8019009F1FF330E2BE0D839
:1065300090F8BA30802B00F0078108F1020600279E
:1065400010220021354608A814F04CF995F800A057
:1065500008A851460FF042FD0028CAD1514608A8AC
:106560000FF048FDEB78013704331D44FBB2994529
:10657000ECD804F1A8030593B4F85230B146ADF855
:106580001C3094F85430ADF81E300023009398F876
:1065900001209DF800309A4217D8BDF81E3094F8BB
:1065A00054209BB29A42E7D1BDF81C30B4F8522077
:1065B0009BB29A42E0D10025A83498F80120EBB2B2
:1065C0009A4200F2A380002094E799F800A094F882
:1065D000A170BA458DD21AF0800F8AD199F80220A5
:1065E00099F80130134494F8A220934281DC99F881
:1065F0000330F92B3FF67DAF94F8A3209A42C0F008
:106600009B80514605980FF0E9FC002884D194F84E
:10661000BBE001460246D3B29E4518D800293FF49C
:106620007BAFB4F8B8B0BDF81C30ABEB03031BB2C2
:10663000002B59DC68D1BDF81E2094F8BA1092B234
:10664000914251D80BF1010292B2049248E094F8C1
:10665000BA3013440132B3FBF7F507FB1533DBB255
:10666000534508BF41F00101D5E794F8BA201A4418
:10667000B2FBF7F107FB1121BA42049AC9B2B8BFC5
:106680005A46039100210292BDF81E20BDF81C500D
:10669000BDF81EC092B2ADB21FFA8CFC01328C4420
:1066A0000A440CF1010CD2B2674507DC0135B2FB9C
:1066B000F7FC07FB1C2CADB25FFA8CF292450AD1B5
:1066C000039A924507D1029AAD1A2DB2002DD8BF78
:1066D00040F00100C0B20131CAB29645D4D80133AE
:1066E000DAB29645C1D888B3019A4946194B20467B
:1066F00052791B689847009B0133009340B399F887
:1067000003300433994442E700239BE7377820465F
:10671000013539460FF06EFC73788DF82070311D0D
:106720008DF82130B378F2788DF82230089B98F8F4
:106730000000F9F757FC08B90720DBE6F3780433CB
:106740001E443AE74220D5E64720D3E64620D1E66C
:106750004520CFE6980100200278034672B14278C6
:1067600062B142881A2A09D982881A2A06D9006891
:10677000034A106000209B88938070471220704766
:10678000241B002002680020014B9A60704700BF64
:10679000241B002002680020014BDA60704700BF14
:1067A000241B00200378A3F10A02112A9BBF024A8E
:1067B0000020122013747047241B00200378FF2B45
:1067C00015D14378FF2B12D18378FF2B0FD1C378DB
:1067D000FF2B0CD1037923F0E0021F2A07D11F2BD6
:1067E00005D05B09034A002082F820307047122050
:1067F000704700BF681600200378012B9DBF03F08F
:106800000103034A0020122098BF82F839307047F4
:106810006816002002680020014B5A61704700BFD3
:10682000241B0020014B18760020704768160020BA
:10683000014B58760020704768160020024B1B68F9
:1068400003B1184711207047BC01002008B505208E
:1068500000F028F913F0CCF9014B024A9A6508BD03
:1068600068160020B142010008B52B21012001F07B
:1068700043F9182000F016F906F066FC034B044AB1
:106880001A60044B044A1A6008BD00BF840100204E
:1068900039B40100880100202799020008B504F0EE
:1068A0004FF902F04BFE0248BDE8084004F032B94F
:1068B000D416002008B502F093F805F071F9FEF740
:1068C00009FB01460248BDE80840FCF7ADB900BF2E
:1068D000D416002008B5034806F000FEBDE80840C5
:1068E000FEF752B8D416002008B5054807F0E8F8BE
:1068F000FEF74AF8FEF758F8BDE8084001F018B86E
:10690000D416002008B510F0FEFE074B184603F51C
:106910008471F9F787FF02200EF0C8F80020BDE867
:1069200008400EF0C3B800BFD416002010B50C20EC
:10693000084C00F0B7F8282000F0B4F804F5037014
:10694000054910F09CFC04F504700449BDE81040B2
:1069500010F095BCD4160020C0010020C801002012
:10696000014B93F80A027047D416002010B5072097
:106970000B4C00F097F80C2000F094F804F503702D
:10698000084910F07CFC04F50470074910F077FC0E
:1069900004F505700549BDE8104010F070BC00BF5B
:1069A000D4160020D8010020E0010020D0010020F2
:1069B00010B5094C0D2000F075F8084904F5037076
:1069C00010F05DFC04F50470054910F058FC24201B
:1069D000BDE8104000F066B8D4160020E8010020A1
:1069E000F001002010B52B20084C00F05BF82420AB
:1069F00000F058F804F50370054910F040FC04F568
:106A000004700449BDE8104010F039BCD4160020D1
:106A1000F80100200002002038B5094C0D4600F0B6
:106A20005BFFD4F80C02C4F8045110F020FCFEF710
:106A3000E9F801F0FBF8012384F8183238BD00BFF3
:106A4000D4160020014B93F818027047D41600208A
:106A500010B50D4CD4F8100210F009FCD4F8140253
:106A600010F005FCFEF776F8202000F02FF82F201C
:106A700000F02CF8262000F029F8292000F026F854
:106A8000002384F8183210BDD4160020014B83F87F
:106A900019027047D4160020014B93F81902704771
:106AA000D4160020C208074900F0070001238340E4
:106AB000885C03438B5404490B78934238BF1346D8
:106AC0000B70704758000020EE1800200F4B01217A
:106AD00010B503EBD002C40800F0070001FA00F083
:106AE000195D21EA0001195509490B78A34205D126
:106AF000002012F8014914B100B10B7010BD002B39
:106B0000FAD0013B0120DBB2F3E700BF58000020C0
:106B1000EE180020014BD3E9000170475800002017
:106B20000048704760000020054B1868C0F3C02281
:106B3000C0F30020400040EA820040F001007047AE
:106B40005800002008B50CF00FFA0023074A32F86D
:106B50002310814205D302EB83029378044A137019
:106B600008BD01330C2BF2D10023F7E7BCC50400AC
:106B7000EF180020024B1878072828BF072070471D
:106B8000EF18002010B54468238884F88311A4F816
:106B9000843194F87400FDF767FA84F8860194F85C
:106BA0007500FDF761FA054984F8870104F5BD70A9
:106BB00011F018FB002384F82C3110BD1D74020065
:106BC00030B5C1F30723CCB21E4985B0C5B2C0F3BE
:106BD00007220978019049B91946204610F029FC8E
:106BE00020B91146284610F024FC10B32A40224058
:106BF00003EA02010B46880720D411F0010203D1F9
:106C0000C1F380018900CAB2990719D413F00100B9
:106C100003D1C3F380039B00D8B2042A04D1BDF88A
:106C20000630012B08BF0322D2B242EA002005B091
:106C300030BD05EA030102EA0403DCE70222E3E7D0
:106C40000220EAE7F0180020406807490388A0F80E
:106C5000763190F86C3080F8783190F86D3000F231
:106C60006D10037311F0B8BA57740200064B00227E
:106C700083F850204FF6FF72A3F85220A3F8542057
:106C8000A3F85620704700BFF2180020064BB3F857
:106C90005220824201BF002283F850204FF6FF723B
:106CA000A3F85220704700BFF2180020014BA3F850
:106CB00054007047F2180020084B4FF6FF72B3F8EB
:106CC0005210914206D193F85020012A04D003605B
:106CD000012070470023036000207047F218002055
:106CE000074B93F85020012A1BBF0120B3F8542012
:106CF000002083F8500018BFA3F85220704700BF4F
:106D0000F2180020014BA3F856007047F21800203B
:106D1000074B0246B3F85610B3F85200884205D12B
:106D200093F8500018B1012013607047002070479D
:106D3000F21800200A4BB3F85210B3F856209142D3
:106D400001D0002070474FF6FF72A3F8522093F84D
:106D50005020002AF5D00022012083F850207047EF
:106D6000F2180020064BB3F85210B3F856209142A7
:106D700003BF93F85000B0FA80F04009012070473B
:106D8000F218002050B90A4A0120134603F8010BFB
:106D90000868C2F801008A889A807047012805D1E6
:106DA000034B0A68D8719A608A889A81704700BF3D
:106DB0004A19002050B90B4B187888B1D3F801203C
:106DC000B3F805300A6001208B807047012806D196
:106DD000044BD87920B19A689B890A60F3E70020B8
:106DE000704700BF4A19002010B9044B187870474B
:106DF000012806BF014BD879002070474A190020AE
:106E0000F7B58A8800238DF80600ADF804200868DD
:106E10000B4A8DF807300146147802F5A872019DDF
:106E2000D8B2844201D8082007E052F8087F013325
:106E30005668AE4208BF8F42F2D103B0F0BD00BF2A
:106E400058190020084B0146002230B55C7803F247
:106E50000113D0B2844201D8082004E013F8015F86
:106E600001328D42F5D130BD58190020F0B5254DC5
:106E700089B095F8984105F29911684622460CF0C0
:106E80005FFE2146684610F05FFC0446B8B300EB95
:106E9000400102A8C9B2F8F757FB631E95F8A1613B
:106EA0000124DBB295F8981105E0721CB2FBF1F0F9
:106EB00001FB1022D6B206F120020DEB020010F801
:106EC000202C002AF1D103EB430100F8204C06EB03
:106ED000460220312A44694411F8187C82F8A271D4
:106EE00011F8177C11F8161C82F8A37182F8A4110E
:106EF000013BAA19DBB282F89941FF2BD2D109B02C
:106F0000F0BD00BF5819002070B5064688B00C4689
:106F1000002A4ED0294A92F8A131D01890F8991140
:106F200019B9FF212820F8F78DF803EB430101334D
:106F3000114491F8A251E57091F8A35191F8A41170
:106F400025716171002180F8991192F89811B3FBB5
:106F5000F1F001FB103382F8A13192F8C23123B96C
:106F6000174902F5DD7011F03AF965790D2200211B
:106F7000684605F03F0545F04005657113F032FCA9
:106F8000E37804AA69468DF80F30304623798DF8EE
:106F90000D508DF80E30042313F072FB9DF81F3056
:106FA00023709DF81E3063709DF81D30A37008B0EB
:106FB00070BD03216018F8F7C7FAD6E7581900200A
:106FC0006D6E0100044B5A78824286BF1B1893F8FD
:106FD0004A010020704700BF58190020044B5A781E
:106FE000824286BF1B1893F842010020704700BF01
:106FF00058190020064B00224FF461711A8083F863
:10700000C32183F8C421A3F8C61183F8C2217047B5
:1070100058190020014B93F8C401704758190020FB
:1070200010B51446FFF7ECFE082813D0FFF70AFF4F
:10703000094B5A7882420DD904B12070184490F857
:107040003A3190F84A01012B08BF40F0010000F0EE
:10705000010010BD0120FAE758190020014BB3F8D8
:10706000C6017047581900200A4B30B55C7884423D
:107070000ED9184490F802012B3003EBC004A57917
:107080000D7053F8300010600120A388938030BD4C
:107090000020FCE75819002070B506460D4609F09F
:1070A000A7F807F0ABFF0A4890F8C34164B14178F4
:1070B00061B100F1820302303246002D08BF18464C
:1070C00007F03EFF07F0D0FF204670BD0C46FBE7FF
:1070D0005819002008B5064B024603EB01130121A5
:1070E00003F1820007F02CFFBDE8084007F0BCBFA9
:1070F000581900200246074810B590F8C34124B142
:10710000417821B1023007F01BFF204610BD0C462C
:10711000FBE700BF5819002008B5084B5A78824297
:107120000AD91A1892F8422132B903EB00108230C2
:10713000FFF7EAFE012008BD0020FCE758190020F7
:1071400008B5084B5A7882420AD91A1892F84A218F
:1071500032B903EB00100230FFF7D6FE012008BD64
:107160000020FCE7581900202DE9F74F2F4C9A46D4
:10717000804689466378834256D9231893F8425152
:1071800085F00105F9B193F84A31E3B945F00207FA
:107190000135BAF1000F18D1FA070AD5062104EB20
:1071A0000810524601FB0841823001F58571FFF756
:1071B000ABFEBB0734D504EB0810524649460230FB
:1071C000FFF7A2FE2CE02F46E3E794F8A1614FF011
:1071D000010B002DE0D0A31993F89911019399B9EF
:1071E0000092DAB100F0F2FC019B06EB4601009A36
:1071F0004FEA102C83F899B1214481F8A201000CC8
:1072000081F8A3C181F8A401013694F89831013DB9
:10721000B6FBF3F103FB1166F6B2DAE747F00407B9
:10722000384603B0BDE8F08F0027F9E75819002071
:10723000F8B50646174C48B3617804F5A17010F014
:1072400083FA94F89851074604F29910294610F0F1
:107250007BFA2D1AEDB2AF421AD800256278EBB254
:107260009A4201D80120F8BDE21892F842215AB999
:107270000621324601FB034104EB031301F585713E
:1072800003F18200FFF740FE0135E7E70546E5E739
:107290000020E8E758190020F0B51B4E89B00746DA
:1072A0000D46737883422CD9331893F8424144BB7E
:1072B0000D222146684613F095FAEB7806EB07108D
:1072C00004AA8DF80F3069462B7982308DF80E3084
:1072D0006B798DF80D30042313F0D2F92A789DF8DC
:1072E0001F309A420AD16A789DF81E309A4205D121
:1072F000AC789DF81D30E31A5C425C41204609B031
:10730000F0BD0020FBE700BF58190020074B5A785A
:10731000824209D91A1892F842212AB9062202FBA0
:10732000003000F585707047002070475819002024
:10733000064B5A78824281BF1B1893F83A01B0FA83
:1073400080F0400998BF0020704700BF5819002006
:1073500030B5002442F21075A0F84040B0F8444027
:107360004C43B4FBF2F4A0F84440541E05FB034325
:10737000B3FBF2F3A0F84230084BB3FBF2F3013356
:10738000A0F84830838F05FB0344436B5943B4FB9B
:10739000F2F4B1FBF2F18463416330BD005A620242
:1073A000034B80F87C101B680BB1008818477047AE
:1073B000080200200B2808B504D940F2C711292083
:1073C000F7F740FE014B33F8100008BDF4C5040088
:1073D000074B93F900301844142804DC10F17F0F98
:1073E00003DB40B27047142070476FF07E00704797
:1073F000201B0020084B1B785B425BB2184414280A
:1074000004DC10F17F0F03DB40B27047142070479B
:107410006FF07E00704700BF201B00207F2307B560
:107420000DF107008DF8073008F0F0FE03469DF9D6
:10743000070053B1094B5B785B425BB218441428D8
:1074400006DC10F17F0F05DB40B203B05DF804FBF2
:107450001420FAE76FF07E00F7E700BF201B002042
:10746000014B187059707047201B0020024B0022FE
:107470001A705A70704700BF201B0020014B93F90F
:1074800000007047201B0020014B93F9010070475A
:10749000201B0020054B1B7833B9054B1A681B795C
:1074A000026003710120704700207047221B0020FA
:1074B00068000020054BFF221A70054A0168116020
:1074C0000179117100221A70704700BF221B002041
:1074D0006800002007B5064A1068127900906846D7
:1074E0008DF80420FFF7E6FF03B05DF804FB00BF52
:1074F000782D050003464078B0B1DB783F2B0BD8E0
:107500000A4AD35C03F07F0290420CD08CBF01206A
:10751000002000EAD310704703F10A02D2B2022A17
:1075200001D8B63BECE70120704700BF0CC6040051
:107530003F2908B5C17005D80C4B5B5C03F07F0395
:10754000437008BD01F10A03DBB2022B04D8074BDC
:107550000B4413F8B63CF1E7FF2904D040F2434155
:107560002A20F7F76FFD0123EAE700BF0CC60400ED
:107570002DE9F347894669461546984610F007F904
:10758000044620B9019E35B9012386F895300120C3
:1075900002B0BDE8F0877769294638460DF0B0F8AB
:1075A00001460028F4D0174B5B88AB4227D33846FE
:1075B0000DF0E2F996F8953082460480002B847035
:1075C0000CBF4946022110F07DFD41462A460AF1D2
:1075D00003000CF0B5FA294638460DF0CCF818B97E
:1075E0007E212B20F7F72EFD9DF800302BB1684649
:1075F00010F0A9FD019BA3F8CA410023C5E720466E
:10760000C6E700BF241B0020034B93F82200C043B1
:1076100000F00100704700BF241B0020044B93F8CA
:107620002200C0F3400080F0010000F0010070472C
:10763000241B002083230B70014B1B78CB707047F9
:10764000481B00202DE9F84FD0F804800D46D8F8EB
:10765000186030460DF082F9044618B9FF21102059
:10766000F7F7F0FC014630460DF086F9B4F800B0AB
:1076700082461FFA8BF9B9F1000F02D140F20311D3
:10768000EDE71E4BC71C1B688BB9B8F80030A5F896
:1076900006B0AB8000236B729AF8003003F003034E
:1076A000012B0FD0022B0DD040F21D11D7E74A4617
:1076B0003946B8F80000984704460028E5D120462E
:1076C000BDE8F88F30462B720DF05CF9044610B916
:1076D0004FF49371C3E7B9F1FB0F02D940F23511B2
:1076E000BDE7286810B94FF49B71B8E74A463946A0
:1076F0000CF026FA30460DF0A0F8E0E70C0200206E
:107700002DE9F34705468A460527DFF86C81DFF847
:107710006C91DAF8103053B11B7A1BB9802110201C
:10772000F7F790FCDAF81040B4B900207EE0DAF800
:107730000440237A012BF8D0EFF3108372B6DAF805
:1077400004201268CAF8042003B962B6CAF81040CF
:10775000237A0BB9A621E2E7267AF6B22772731EC6
:107760000B2B78D8DFE803F074061E36713F4E3FCE
:107770003F3F3F65636813B94FF4D771CFE72046A9
:10778000294698470420EFF3108272B6237A052B1E
:10779000D9B24FF0000368D12372CAF81030B2B9E1
:1077A00062B614E0636813B940F2B711B7E729462F
:1077B000204698470346ADF80400C0B2C3F3072340
:1077C000012B4BD0022BDED10023CAF81030002849
:1077D0009FD02BE0636813B940F2BF119FE72046AA
:1077E00098470020CFE7D9F80030002BF9D0324677
:1077F000606829469847A6F10A0204205342534183
:107800005B00DFE763680BB9B52188E70D22002430
:107810002A70012219885869AA70A5F803106A71A4
:10782000AC710DF00AF80420CAF8104002B0BDE8AF
:10783000F087D8F80030294620469847034668B1BB
:1078400000230220CAF81030F0E74FF4FB7166E71E
:1078500040F2F91163E74FF4FE7160E726720028E9
:10786000E4D1002B7FF455AF5FE711B940F21D2141
:1078700055E7184693E700BF1402002010020020CD
:1078800038B5134C14220021201D12F0ABFF012546
:10789000257404F108031422002104F11800C4E93E
:1078A000013312F09FFF84F8245004F11C03094AAD
:1078B000C4E906330023E362236384F83430C4F858
:1078C0003530C4F8393084F83D30136038BD00BF1E
:1078D000481B00200C02002010B5084C2378FF2B19
:1078E00004D04FF4A0711020F7F7ACFB0CF058F85F
:1078F0002070BDE81040FFF7C3BF00BF6D0000203F
:1079000010B5034C20780CF065F8FF23237010BDF0
:107910006D000020014B18780CF06CB86D00002051
:10792000014B024A1A60704714020020457601009C
:10793000014B024A1A60704710020020E5E6010080
:1079400010B506490446FFF7DBFE28B92046044976
:10795000BDE81040FFF7D4BE10BD00BF601B002083
:107960004C1B0020134610B5027A22B140F2992137
:107970001020F7F767FB0A4601460248BDE81040B1
:1079800010F00ABC4C1B0020044890F834301BB99E
:1079900003492C3010F01DBC704700BF481B00206D
:1079A0008B8102000346064890F83E203AB190F8D9
:1079B0003D2022B9034900F8353B10F00ABC70475E
:1079C000481B0020357601000A4610B5037A23B122
:1079D00040F2A1211020F7F735FB014607230248AA
:1079E000BDE8104010F0D8BB601B00201346027A9F
:1079F0000AB1037270470A460146014810F0CCBB39
:107A00004C1B002003460846F0B4B3F86020B3F8DE
:107A1000544093F875509442B3F85810A5F10305FB
:107A2000B3F84A7028BF1446B3F86220EDB2B3F839
:107A30004E608A42A3F84A4028BF0A46012DB3F897
:107A4000501087BFB3F852C015464FF4296C4FF45D
:107A50002965A142A3F84E5038BF2146624538BF80
:107A60006246A742A3F85010A3F8522026D1741BF7
:107A700018BF0124B3F85C20B3F85610B3F848607F
:107A80009142B3F84C5028BF114693F87420033A42
:107A9000012A15D9B3F85A20B3F85E70BA4228BF4C
:107AA0003A468E42A3F84810A3F84C2002D19542E2
:107AB00000D144B10549F0BC10F094BB0124D9E7D2
:107AC0004FF42962EDE7F0BC704700BFF18102007E
:107AD0000B8BA2F809001046A2F80B304B8BA2F8D2
:107AE0000D308B8BA2F80F30CB8B0249A2F81130EE
:107AF00010F072BB9F82020008B50B4A0B460B497F
:107B000070B1492B04D940F2FF212C20F7F79AFAE3
:107B1000012008701178994238BF1946117008BDCC
:107B200008701B21FAE700BF6E000020871B0020B1
:107B3000014B1878704700BF871B0020014B187855
:107B4000704700BF6E0000202DE9F047044617463D
:107B500090F874908A4690F87580058F59BBC68E50
:107B6000043613212088B6B2F7F78EFF40B3BAF17E
:107B7000000F22D194F8741010F06BFBB0F804A041
:107B80004946384610F04DFB0F4B0746B4F85000FD
:107B90001B78063541469842354438BF184655444F
:107BA00010F03FFB38440544E069A8422CBF002098
:107BB0000120BDE8F087868ED2E794F87510DBE7E8
:107BC0004FF0960ADCE700BF6E000020094AD2E9B8
:107BD0000003434083EAB01181EA43214FEAF343B3
:107BE00011605360044B58434FEAF06000EB800093
:107BF000704700BF881B0020BB79379E094AD2E935
:107C00000003434083EAB01181EA43214FEAF34382
:107C100011605360044B58434FEAF06000EB800062
:107C2000704700BF70000020BB79379E10B50A4C2A
:107C300008210948F7F788FCD4E900321343F7D04C
:107C4000064CFFF7DBFF2060FFF7D8FF236860607A
:107C50001843F6D010BD00BF70000020881B002024
:107C600038B5A0F10C0314460D46DBB220463F2B7D
:107C700096BF0C4AFE21D15C10F09BFC88B985B1FF
:107C80002978342909D03F2909D0272908BF26217E
:107C90002046BDE8384010F08CBC3221F8E73E2188
:107CA000F6E738BD4FC60400174B184A9A60184AC9
:107CB000DA62184A1A61184A5A61184A9A61184ACF
:107CC0001A63184A5A62184ADA64184A9A64184AB7
:107CD0009A63184B184A9A60184A1A62184A5A60EE
:107CE000184A1A60184A9A62184ADA62184ADA6020
:107CF000184A9A61184A1A63184A9A64184ADA6448
:107D0000184A5A62704700BF180200201787020005
:107D1000278A0200FB890200BF890200D18301008B
:107D200095850100958401004B8B0200738B020046
:107D3000358401002403002033870200F18A020009
:107D4000478702004B880200858A0200438A0200AE
:107D5000A78A0200678A0200218C0200C18B020000
:107D6000AB8B02000B8B0200054B064A1A65064AD4
:107D70005A65064B064A1A65064A5A65704700BF9F
:107D800018020020F1880200C388020024030020AA
:107D9000A98802007D890200054B064A9A65064AB9
:107DA000DA65064B064A9A65064A1A66704700BFAE
:107DB000180200204D7502004576020024030020C1
:107DC000BF7402009B760200024B034A1367034A0A
:107DD00013677047E186020024030020300400206E
:107DE000034B044AC2F8A830034AC2F8A8307047CF
:107DF000E186020024030020300400203F2A2DE900
:107E0000F34105460C4643D83F2A44D8DFE812F038
:107E100048009900B200BD00D40093009300E00038
:107E2000E200E80093009300ED00F800E200430058
:107E30004300FC00930093000F010F012501250171
:107E40002C01430043006B0180018D0193019901D6
:107E5000A401A601A801AA01B501BD01EC01EE0132
:107E600043004300C501F601F401DE01D401D6014F
:107E7000D801DA01E001E401E201E80193004300E6
:107E8000E601DC01EA01F801FA014300F001F20128
:107E9000FF2A00F0B98140F2DD415120F7F7D2F816
:107EA000456841F27073D5F81412B5F80E22A1F5A9
:107EB0007A7098420BD84FF47A73B1FBF3F303F561
:107EC00050639BB264200126B2FBF0F20CE040F25A
:107ED000E2406FF45066B1FBF0F39BB29E19062EA0
:107EE000F0D90026B2FBF0F2E3711B0A2271237273
:107EF000B5F8183263721B0AA372B5F81A32E3722E
:107F00001B0A237395F8173133B905F5037305F58B
:107F10000472284610F024FCB5F80C3263731B0A77
:107F2000A373D5F810324EB16422B3FBF2F3637140
:107F3000C3F30723A37102B0BDE8F08140F2E2422F
:107F4000F3E74668D6F800324B6096F804320B72BD
:107F5000406890F817313BB910F0CDFB6B68B3F86F
:107F600088301844A6F80602B6F8063263721B0A77
:107F7000A372E0E70378012B436802D193F818312C
:107F800001E093F821312371D5E74368D3F8482203
:107F90004A60D3F84C228A60B3F850228A81D3F821
:107FA0002822C1F80E20D3F82C22C1F81220D3F8D1
:107FB0000831C1F81630BEE74268D2F8E6314B60AE
:107FC000D2F8EA318B604368D3F80C31CB60B2E76A
:107FD0004368D3E7084602B0BDE8F04100F094BA28
:107FE00002B0BDE8F04100F09FBA10230B71592395
:107FF0004B7100238B717E23CB7130230B729AE778
:10800000436893F81231BEE7027843684AB993F89F
:10801000182132B193F815210A7193F81431637164
:1080200089E793F81321227193F81231F7E7436837
:10803000B3F860200A71120A4A71B3F81A218A71E2
:10804000120ACA71B3F85C200A72120A4A72B3F8B3
:1080500018318B721B0ACB726DE7436893F82E219F
:108060000A7193F82F31DAE7476897F80A82A8F186
:108070000303012B31D897F87430DA1E012A2CD86B
:10808000B8EB030818BF4FF0010897F80B020FF088
:1080900034FA0646B8F1000F22D197F80A020FF021
:1080A0002CFA8046686890F817316BB946EA0803E5
:1080B00013F0FF0306D010F01EFB6B68B3F8883096
:1080C00003449BB2A7F80832B7F808326671A3716F
:1080D0001B0A84F80480E3712DE74FF00008D4E711
:1080E0004FF00008DEE723784168204643F0200384
:1080F00023700A7C4B7C01A9032A03F01F0308BFED
:10810000002243EA82138DF804300FF0F3FF12E7E8
:10811000436811211888F7F7B7FC00F15B0120468E
:1081200002B0BDE8F0410FF0F6BF084602B0BDE86E
:10813000F04112F02DB8084602B0BDE8F04112F04F
:108140002FB8374B1B68002B3FF4F5AE294620466D
:1081500002B0BDE8F0411847324BF3E7324BF1E78C
:10816000324BEFE7324B1B68002B3FF4E4AE024684
:10817000232002B0BDE8F04118472D4B1B68002BAF
:108180003FF4D9AE02462420F3E7294B1B68002BAD
:108190003FF4D1AE02462520EBE743681121188851
:1081A000F7F772FC00F17D0200F15B01204602B09E
:1081B000BDE8F0410FF0BBBF1E4BC3E71E4BC1E74C
:1081C0001E4BBFE71E4BBDE71E4BBBE71E4BB9E77F
:1081D0001E4BB7E71E4BB5E71E4BB3E71E4BB1E78F
:1081E0001E4BAFE71E4BADE71E4BABE71E4BA9E79F
:1081F0001E4BA7E71E4BA5E71E4BA3E71E4BA1E7AF
:108200001E4B9FE71E4B9DE74368204693F897223D
:10821000D3F8981202B0BDE8F0410FF06EBF00BF76
:108220003C050020440500204005002048050020B2
:108230004C05002050050020540500205805002062
:108240005C05002060050020640500206805002012
:10825000700500206C0500207405002078050020C2
:108260007C050020880500208C050020900500205A
:10827000940500208005002084050020980500203A
:108280009C0500203F2803D8064B53F82000704778
:1082900000F10A03DBB2022B01D8B638F4E7002064
:1082A000704700BF180200203F2803D8064B53F840
:1082B0002000704700F10A03DBB2022B01D8B63868
:1082C000F4E70020704700BF2403002030F8023C90
:1082D000F7B505460E4630F8A84C73B10122684642
:1082E000ADF801408DF80020ADF80330FCF7DEFD5D
:1082F00018B195216320F6F7A5FE1D4B1B6813B13D
:10830000A5F1280098471B4B1B680BB120469847E6
:10831000194B1B680BB1204698470A230027A6F883
:1083200003403370B7706B7A55F8900C73710CF092
:108330008EFA08B9BA21DDE72046FEF7A7FC3946D8
:108340002046F7F7B7FB02212046F7F7B3FB18B931
:108350000A4B1B6803B198474FF40173002003F0E8
:1083600004021B0A62F3070063F30F2003B0F0BDA1
:10837000A0050020A4050020AC050020A8050020D1
:10838000F7B5456804464FF6FF776E690DF10201B7
:108390000DF101023046ADF802700CF007FA01A9A8
:1083A00030460CF025FA40B101980CF0E9FA61680A
:1083B00000220272FFF708FBE8E7044905F1A80074
:1083C00003B0BDE8F0400FF007BF00BFCD82010051
:1083D00038B54368044693F88E201C2A24D1002225
:1083E00083F8CF2083F8CA2083F85222436893F899
:1083F000D01003F5D7701D8869B10C4983F8D020DF
:10840000A3F8B85183F8B7210FF0E3FE63680020AA
:1084100083F88E0038BD012283F8B711A3F8B85154
:10842000034983F8BA21EFE70220F3E7AB890200A2
:108430009D89020038B50578446825B994F88F30D5
:108440002BB101201AE0D4F88030DB07F9D44A6858
:108450000E4B896813400E4AC4F8E030C3F307633B
:108460000A4043F00803C4F8E42084F8E33010F035
:10847000E9F825B9042384F88F30002038BDD4F8FA
:10848000803043F00103C4F88030F6E72FC904F7C9
:108490006FDB0080436810B593F88E20042A2ED13C
:1084A0004A6800788C68C3F8E020C2F30762C3F81A
:1084B000E44042F0080283F8E320002283F8CA2057
:1084C00083F88E2008B983F8330193F83421A2B9D8
:1084D00093F8902102F0FF007AB91A8883F891018D
:1084E00003F5C470A3F892214A68C3F894218A68FE
:1084F0000449C3F898210FF06CFE002010BD012044
:10850000FCE700BFCF8A020010B50446FEF702FB6D
:10851000034A044B02400B406260A36010BD00BFE1
:108520002FC904F76FDB008037B50C464568FEF7AE
:10853000F1FA084B084A03400A4095F8E01000930E
:108540000B4001928DF800306B4603CB6060A16058
:1085500003B030BD2FC904F76FDB008038B5DB04F2
:10856000154604D5037D13B10023436338BD446B26
:108570000134446310F035FB836B9C42F6D3002337
:10858000034943632846BDE838400FF02BBE00BFC7
:108590003D8B020070B544680546067894F88E302D
:1085A000012B09D026B994F88F302BB101203FE080
:1085B000D4F880309807F9D494F8D1309A0715D4BC
:1085C0000A79D80784F8DB20B1F80520A4F8DC206C
:1085D000B1F80720A4F8DE2043F0020284F8D1208D
:1085E00010D5194904F1D2000FF0FCFD94F8D130F8
:1085F000D90712D4EEB994F88F3043B150214020FE
:10860000F6F720FD94F83231002BEAD1EEE7012392
:1086100084F88F30284610F015F894F88E3000203A
:10862000012B4FF0000304BF84F88E3084F8CA3069
:1086300070BDD4F880309A0701D55521DFE743F0AB
:108640000203C4F88030E5E7038C020070B545688A
:108650000446FEF7E3FE054B014685F88D001B68D6
:108660001BB12046BDE87040184770BDB40500201E
:10867000024B1B6803B11847704700BFB0050020CC
:10868000F0B51F4D00242B7814709BB1013B6D6831
:10869000DBB21E1B012E0FDC05EBC40655F834704F
:1086A00076688E4208BF874227D0B84271EB060633
:1086B00012D214700020F0BD1E197710C6F34706C1
:1086C00055F837C005EBC70E8445DEF804708F41BE
:1086D0002CBF33463446DCE705EBC30455F8335072
:1086E00064688C4208BF854206D0A84271EB04043E
:1086F00028BF01331370DDE71C4601201470DAE750
:10870000B01B002010F0070208B503D063214820F9
:10871000F6F798FC18B1034B197258601A70C8002C
:1087200008BD00BFB01B0020014B00221A7070472B
:10873000B01B00200A460648822302F8033B036868
:10874000C1F803304368536083689360704700BF8B
:10875000B91B002016220021014812F043B800BFC7
:10876000B91B0020F7B51E4C02AB03E90300637D83
:10877000A3B39DF800300D462BBBD1E9727610F003
:10878000F6FB95F87420174B543053F822304FF411
:108790007A7203F2E733B3FBF2F3DB192A8846F16E
:1087A00000061B18228046F100066360A660B5F83B
:1087B000883002220C4904F10C00638003B0BDE84C
:1087C000F040FFF713B9530608D50B882380D1F882
:1087D00048326360D1F84C32A360E8E703B0F0BDE3
:1087E000B91B00207CC804003587010008B50022B1
:1087F000034B1A6007F0E2FBBDE8084009F093B9AB
:10880000D01B0020014910F07BBA00BF318E02005E
:108810002DE9F043044689B00F469146037C012BB5
:1088200040F0828002464149007909F0C3F920B93D
:108830004FF4FA710B20F6F705FC09F071F90546C3
:108840000E4600F099F949463846A76200F058F9FB
:108850000146804604F1200000F01AF940F6B833D2
:10886000ED1846F10006B9F1010F4CD100F038F9CE
:108870008269002A52D0216B7B1E90460B44B3FBC9
:10888000F1F34B43DB1BD2E9000761EB0101181840
:1088900041EB0701CDE90056226B10F076FB07464D
:1088A000B8F924000221A4F844000FF017FEB4F830
:1088B00044303F18A3EB0003A4F844304FEAE073C0
:1088C00043F100037F193D4646EB030600F05AF9D9
:1088D000204610F0E8F90027A36803905B68206841
:1088E0008DF8087098478DF811708DF81000CDE95B
:1088F000065602232374204602A910F013FA3846C4
:1089000009B0BDE8F083B8F1000FDFD0D8F8083027
:10891000D8E90021981841F10001BBE7B8F1000F38
:10892000D4D028463146B5E70C20E9E7318E020065
:10893000024610B5072928D8DFE801F0042A2727C6
:1089400013182124438A0133438210F065FA01464B
:108950009368106819B9DB68BDE8104018479B6838
:10896000FAE783685B69BDE810401847094B1B684C
:10897000002BF8D140F251110B20F6F763FB83680E
:108980001B69F0E74FF4B171F6E740F26511F3E7C8
:1089900010BD00BFD01B002038B504460D46037C37
:1089A000032B0AD1022303740C490246007909F013
:1089B00001F938B940F2113101E040F20E310B20DB
:1089C000F6F740FB20462DB110F0F1F9BDE8384034
:1089D000FFF70CBFBDE8384010F0AFB9318E020090
:1089E000024B0022C3E90022704700BFD41B0020C5
:1089F00008B5044B186810B9FFF7F2FF08BD0C204A
:108A0000FCE700BFD41B0020024B187A003818BFC7
:108A100001207047D41B002013B5CDE90012054B8F
:108A2000FF225A7200F11003DDE9000183E8030020
:108A300002B010BDD41B0020C3693BB983692BB9B8
:108A4000034B1B681B1A584258417047012070475E
:108A5000D41B002030B50D4AFF231372D0E9065312
:108A600073B1D0E902149D610C44D9682144D960E6
:108A7000816939B1CB610023C0E90633137230BD7F
:108A80001560F5E7002BF6D0D960F4E7D41B002081
:108A900010B5124AFF231372C16189B9136883614B
:108AA00003B1D86110600023C169C36099B1CB687C
:108AB0007BB18468A3420AD230213720F6F7C2FA8C
:108AC0008B6988618361002BEDD0D861EBE71B1BBC
:108AD000C3600023CB600023137210BDD41B0020A1
:108AE000014B1868704700BFD41B0020034B0020C7
:108AF0001B6803B9704718469B69FAE7D41B00202E
:108B00000B4B002230B51B6804464FF0FF35104672
:108B100023B911B9002808BF104630BDDA68A24257
:108B200003D3AA423CBF154618461A469B69EFE795
:108B3000D41B002070B50F4CFF232372036A1BB1B6
:108B400081689D68A94203D2E5213720F6F77AFAB9
:108B5000C2698669DA619E6152B193619A691AB1FC
:108B6000D361C26811444A1BDA600023237270BDCE
:108B70002360F3E7D41B0020014B01221A717047D8
:108B8000D41B0020014B00221A717047D41B002017
:108B9000014B1879704700BFD41B0020F8B54FF087
:108BA000000C0446284E084686F809C000213568A6
:108BB0000B4685B9757A002DF6D15BB1984225D365
:108BC000013CB0FBF3F11C4403FB01F5B4FBF3F4EF
:108BD0008C420ED9F8BD2F690BB19F4207D23B469C
:108BE00027B94FF4A3713720F6F72CFAA98AAD699B
:108BF000DFE7B5FBF3F603FB165626B9B5FBF2F635
:108C000002FB1656DEB10139ED1AE1E7451E1D449F
:108C1000B3FBF4F4B5FBF0F5AC42DBD3B3FBF5F6F4
:108C200005FB16374FB9B6FBF2F702FB176727B9FA
:108C3000B6FBF1F701FB17671FB10135ECE72846DA
:108C4000C8E73046C6E700BFD41B0020094B53F8E5
:108C5000203003F5224370B5B13316464FF47A72D3
:108C60000C46B3FBF2F5344407F064FC2C4420447A
:108C700070BD00BF68C804002DE9F04F99468BB065
:108C80000023044688461746069390F875B00EF008
:108C9000C3FB054694F87F00FEF78CFB054410F0FB
:108CA00066F994F88F3000F14D06ADB2442B3BD0FD
:108CB0000E2B39D094F88EA0AAF14402D2F1000A0A
:108CC0004AEB020A002F5FD194F80432032B5BD1E8
:108CD000BAF1000F58D0B4F8A032434554D1D4F8BB
:108CE0000C322046B4F8DC21C4F8F831E369C4F84A
:108CF000FC31B4F85A321344C4F8003202F0F8FAE6
:108D000041F64B53D4F8A82294F8B4129A428CBF7F
:108D10000023012359B9E1698A421ED020880493B7
:108D200011F053FA049B18E04FF0010ACAE72088BB
:108D300011F048FA20B940F293713020F6F782F929
:108D4000B4F8B0326386B4F8B2328381B4F8A0329A
:108D5000C7814381013B03823B4694F87E20002A71
:108D600036D1002B35D1D4F8A42284F87E300223EA
:108D7000E262B4F8A22284F804322286D4F8A8224F
:108D8000E261D4F8AC22626204F50A73B4F888C0D8
:108D90000493A8EB0C0CB4F858320FFA8CFCA8EB37
:108DA00003031BB2002B1FDAD4E99023C4E99423F8
:108DB0000023012284F81F32634694F80412032929
:108DC00000F2BC81DFE811F0120023016B004401C6
:108DD0002BB14FF04D12626300222287C3E74FF0A0
:108DE000961223876263BEE74A46E6E794F8751059
:108DF00094F8D6010EF0F0FD8346E06A2946584407
:108E00000AF066F82946C4F80802E0690AF060F83A
:108E100094F87E3007A95B00DBB2034408A8C4F8CD
:108E20000C3207F045FA079B0093DDE90823D4E9EB
:108E3000940109F07CF80546204610F0EBF8D4F8D0
:108E40005C32E26A94F875000693049207F07AFBAC
:108E5000069B00F52240049A203BD4F80812B1305A
:108E600013444FF47A725B1A30319B1BB0FBF2F063
:108E70005B4432465B1B1B1A94F875000693238EE5
:108E800003EB4101FFF7E2FED4F85C22069BC4F835
:108E900010029B1ACC2B5DD840F2FC414DE7E36AEF
:108EA0002946D4F8FC0118440AF012F82946C4F8FF
:108EB0000802E0690AF00CF894F87E305B00DBB23F
:108EC00003442046C4F80C3210F0A4F8E36AD4F846
:108ED000FC511D44B4F8DC31002B40F09480B9F112
:108EE000000F00F0908094F8750007F02BFBD4F889
:108EF0000812D4F8483200F522406D1A94F8752013
:108F0000B130203D1D44A74B53F822204FF47A7313
:108F100002F2E732D4E990BCB2FBF3F2A5EB0B0509
:108F2000B0FBF3F01544AD1B2D1AD4F8F831D4F88A
:108F3000002294F8750002FB0311238E3246069539
:108F4000303103EB4101FFF781FE0123C4F8100229
:108F500084F80432E56904F13C00D4F80C32A93DF0
:108F60000699ED1AD4F81032AD1B9D4228BF1D465C
:108F7000002384F82832C4F8D851D4E994325B181D
:108F800042F10002C4E98E320FF0D5F92844A4F86A
:108F90005882C4F82C02D4E98E23C4E9942302F049
:108FA0009FF920B1D4F82C321E33C4F82C32B4F817
:108FB000C831A3EB08031BB2002BD4BF002201224F
:108FC000520084F83022BAF1000F40F0BA80B9F1B3
:108FD000000F40F0B98094F80432002B00F0D080EC
:108FE000E16904F50A70D4F80C32C91A0EF08EFC4F
:108FF00080B2002800F0C480149B03B118800120C7
:109000000BB0BDE8F08FD4F808126D1A8DE7D4F8D4
:109010000C02E269D4F80012121AD4F8F8515A433B
:10902000D4F8083206923033B4F8DC2105FB013362
:109030006244521A218E013A00FB0233324694F800
:10904000750001EB4301FFF701FEC4F8100281E750
:10905000E16959430691B9F1000F2DD0B4F8DC0154
:1090600050BB84F81F02D4F80C0200FB131E94F8C6
:109070008E300490262BCDF818E003D094F88F3072
:10908000262B0AD1B4F8A032A8EB03031B0404D4A6
:1090900094F8A332002B18BF9B46B4F8DC017AB3D6
:1090A00070BBD4E99251D4E99023AA4273EB010139
:1090B00008D34FF4AA6140E694F81F0200287FF419
:1090C00049AFD0E794F87520203D364B53F8223055
:1090D000D4E99012CDE9021203F2E7324FF47A712B
:1090E00003F52243B2FBF1F2B1330592029AB3FBCE
:1090F000F1F3AD1A059A1544ED1AAD1B75440695AA
:1091000000EB0C05049B324658465D4330356D003C
:109110002946FFF79BFD41F64B53C4F81002E06966
:1091200098423FF617AF06AB32462946009304F546
:1091300004730EF06EFC84F81F020BE74FF4AD6170
:10914000FBE5B9F1000F1BD0B4F8F00110B3B4F88F
:10915000F21194F8F4214D1CA4F8F21101FB022243
:1091600090420DDD002B0BDD0023A4F8F25184F8B2
:109170003032FEF72BFD00F00700013084F8F401D7
:1091800004F50A7194F8200208F070FD20B940F24D
:10919000B151D2E50146DCE787F0010784F81C7283
:1091A00000202DE768C80400F7B5044618B9E2218D
:1091B0003020F5F747FF072900F2BC80DFE801F017
:1091C0000484464641BA33B708F046FEC4E952016A
:1091D000204602F015F8D4F83C01A43808F092FEBD
:1091E00010B940F27B21E3E7204610F0A2F90546D2
:1091F000F8B90146204610F010F900F1AE06D4F897
:109200003C01B04209D2301A0321192838BF192075
:1092100008F093FD051E18BF0125C4F83C612046E7
:1092200010F0C4F93DB1204603B0BDE8F04010F0A5
:10923000BEB90025F3E7D4E95223C4E94C2303B0B7
:10924000F0BD03B0BDE8F04007F03EB810F034F9CF
:10925000002307460E4684F8413108F061FC0722DE
:10926000A7FB023502FB0655D4F834210192D4F84D
:1092700030219B18019A45EB0205D4F8142132B134
:1092800057EA060203D0984271EB050216D2022279
:1092900084F84021D4F85021D4F854C1121A6CEB50
:1092A000010C94F860E1BEF1000F09D1012A7CF1B4
:1092B000000E11DA204601F0ABFF05E00122E7E7DE
:1092C000012A7CF1000CF5DB94F8100108F040FC59
:1092D000002384F85831B2E7984271EB050E0ED2A4
:1092E0003E430CD01B1A65EB01019A427CEB010056
:1092F00005DB012B71F10000A4BF1A468C460F4913
:10930000012394F81001914284F859314FF0000381
:1093100084F8383173EB0C03B8BF0A4604F59C712E
:1093200008F010FE00288AD140F2EF6140E74FF4C8
:1093300080713DE74FF482713AE700BF0040420F71
:109340002DE9F04104460E46154690F8583103F0D9
:10935000FF071BB10C273846BDE8F08101464E4897
:1093600008F006FC20288046F4D05722394604F243
:10937000111011F037FA84F81081C4F81461FF233A
:1093800084F8583136B1FEF739FC00F0070001309F
:1093900086F8F40102234FF00008A4F8403184F865
:1093A000388109F0EBFD00F14906204610F0C1F8C4
:1093B0000146B6B2002846D00EF02EF800F5CD6179
:1093C000284689B209F084FD2844C4F83C0108F01D
:1093D000A7FB30184FF00106A4F8268041F10001E8
:1093E00084F81861C4E95201204610F0B9F828B396
:1093F000A5F2AA453146204610F00FF82D1AC4F800
:109400001C514FF0FF356FF0004194F81001D4E982
:109410005223C4E95451002504F59C71C4E94A2340
:10942000C4E94C2384F8595142F2107208F08AFDC5
:1094300060BB40F2EB113020F5F704FE3046AE3D44
:1094400010F088F9DAE72046DFF850800FF0E5FFEA
:10945000AE30C4F83C01B8F8000048B1E08C38B137
:10946000FEF7CCFBB8F80030B0FBF3F202FB1300C0
:10947000064408F055FB361841F10001C4E9526179
:10948000002DBED0AD1941F10001BEE729462046AE
:1094900010F08FF85FE700BFA9910100E01B0020EA
:1094A000F0B5002385B0CDE9003303238DF80630F5
:1094B0006846F6F723FB88B11F4E01230027B370DF
:1094C0000223CDE902778DF80E3002A8F6F716FBDD
:1094D0000546C8B10023B37005B0F0BD00980FF089
:1094E000A9FDE5E790F8200208F0F2FB94F82002CD
:1094F00008F098FC94F8200284F8045208F028FB45
:10950000202384F82032DBE7029B002BDDD093F888
:109510002022202AD9D018884FF6FF739842D9D03C
:109520000221F6F7B1FA04460028DBD140F23711E8
:109530003020F5F787FD00BFE01B0020044B002220
:10954000DA709A7042F210721A80FFF7A9BF00BF5A
:10955000E01B0020014BD870704700BFE01B0020CB
:10956000F0B5044685B090F8D33103F0FF05002B29
:109570006AD190F80432032B66D108F0D1FAD4E90D
:109580009023801A61EB0301012871F100035BDB7A
:109590006FF00103834275EB010104DA40F2E551FB
:1095A0003020F5F74FFDE269B4F888300AB1B0FB1E
:1095B000F2F2013313449BB2A4F81832B4F8CC3160
:1095C000B4F818229B1A1BB2002B3DDD94F8200240
:1095D00008F07EFB002837D0FF2384F81D32B4F852
:1095E000C2300DF10E07B4F88850184E1D44B4F87F
:1095F000C030013DED1AADB2336863B1B4F8181252
:1096000000222046013989B29847B4F8183218442C
:1096100080B2A4F81802B4F81832EB1A1B0413D461
:10962000B4F8181200230122204689B20097FFF7F0
:1096300023FB012808D1B4F81832BDF80E201344DA
:109640009BB2A4F81832D7E705B0F0BDB8050020EA
:10965000014B1880704700BFE01B00200C4B4FF4FB
:109660007A7253F82130023903F2E733C9B2B3FBFF
:10967000F2F3022900F1FF3210B54FEAC21296BF91
:10968000044CF02134F81110134400FB013010BDDC
:109690007CC8040090C60400D928F0B5054628BF50
:1096A000D925BDF814600446303501F5A57006F0E3
:1096B0000207ADB2FF2D28BFFF2516F0010621D10C
:1096C0000FBB002B00F0C580911EC9B2022996BFC6
:1096D0007B4D40F6480135F811100844D92C7FD94C
:1096E000D93C951EF721A4B2EDB2002B00F0CF803B
:1096F000F634022DB4FBF1F400F2C680714B33F85E
:1097000015306BE0EFB1911EC9B2022997BF6E4DC3
:109710004FF4147105EB4101C9880144D01E0128A2
:1097200037D801F614409830002E3BD0023AD2B21E
:10973000022A97BF644BC02303EB42035B8A1844A1
:109740004EE053B1911EC9B2022997BF5E4D40F65B
:10975000480105EB41018989DFE7042A05D1691D2C
:1097600089B2890101F5C871D7E7032A05D1691DBE
:1097700089B2090101F5BF71CFE7022A0BBF05F1DC
:109780000B0105F10A0189B289B20CBF8900C90039
:10979000C3E7022A01F19C0114BF4FF4B070B4205A
:1097A0000844C0E7EBB1911EC9B2022996BF474DEC
:1097B00040F6480135F81110D92C084410D9D93C8D
:1097C000951EF721A4B2EDB24BB3F634022DB4FBD3
:1097D000F1F459D83C4B03EB45031B8B03FB04000E
:1097E000F0BDF12C214628BFF121042A05D1133107
:1097F00089B2890101F5C871DEE7032A05D1133169
:1098000089B2090101F5BF71D6E7022A0BBF1931F0
:10981000183189B289B20CBF8900C900CCE7B4FB0A
:10982000F1F3022DDBB239D8294931F8151001FBCB
:109830000300C3EB4311C3EBC103E41AA3B2002B33
:10984000CED00833042A9BB22BD19B0103F21A43DA
:1098500075E7042A06D10535ADB2AD0105F5C87529
:1098600028443BE7032A05D10535ADB22D0105F5A6
:10987000BF75F5E7022A0BBF0B350A35ADB2ADB2A5
:109880000CBFAD00ED00EBE740F69213A6E7B4FB8A
:10989000F1F3022DDBB201D80E49C6E740F6921172
:1098A000C5E7032A03D11B0103F5467347E7022AE4
:1098B0000BBF9B00DB0003F5BB7303F5CD733EE7E5
:1098C0009CC60400A8C6040090C604009CC6040000
:1098D000A8C60400A8C60400042937B5144617D149
:1098E0009B0103F53473417990F844500139C9B2B2
:1098F00003291AD8194A0A44907FE201CA3203FBAD
:109900000422174B9A4215D940F272712D200FE0B4
:10991000032903D11B0103F5E773E4E702290BBF19
:109920000B330A339B00DB00DDE740F2D631062023
:10993000F5F788FB1E23B2FBF3F205F03F03110A93
:10994000D2B241EA401143F04003002063F3070024
:1099500062F30F2061F3174003B030BD90C60400DE
:10996000C3BF03000346074A1068D3F86920C0F854
:109970000320B3F86D20A0F8072093F868100EF0CC
:109980005BB900BFE81B0020D0F8803073B50BB185
:1099900001221A604388DB0726D50023134E056A8F
:1099A000CDE9003302238DF80630FF2386F82030FE
:1099B0006846F6F7A3F8B8B9009CA542F8D005F1BF
:1099C0000A036A7A04F10A01607A0DF09FFE00280A
:1099D000EED0A37886F82030D4F80330C6F82130D2
:1099E000034BB4F807209A8002B070BDE81B00203A
:1099F000091C002038B5084D044600F16901062312
:109A0000286800220EF02AFA94F868102868BDE849
:109A100038400EF011B900BFE81B002007B50EF06A
:109A20001BF88DF807000548012306220DF10701F8
:109A300000680EF013FA03B05DF804FBE81B002089
:109A4000034B986910B140300FF0E6B9704700BF82
:109A5000E81B0020034BD86910B140300FF0DCB98F
:109A6000704700BFE81B002070B504460E46134641
:109A7000807F6588324615F0040118BF04F1770134
:109A8000FDF772FB4107054621D4C2070BD5012320
:109A9000A07F84F86830FDF739FC0368C4F86930AA
:109AA0008388A4F86D30AB0701D4012070BD094B49
:109AB00001211868D4F8773084F87610C0F809309E
:109AC000B4F87B30A0F80D300EF0C3F8EDE70020BD
:109AD000ECE700BFE81B002010B50446084694F8E8
:109AE000D8306BBB2378082904F1DB0284F8D93025
:109AF00016D004F1DA01FDF7B7FA20B940F64A7141
:109B00002D20F5F79FFA94F8DA3043F0020384F839
:109B1000DA3004F1D0000B49BDE810400EF059BB1B
:109B2000094B1868034613F8031BC1F3801184F82E
:109B3000DA10D0F80310C4F8DB109B889380E8E7B4
:109B400010BD00BFE9910200E81B002070B504467B
:109B50000E461546FCF7A0FF98B92378A4F8C1601B
:109B600084F8C030637C84F8BF500BB194F848305F
:109B700004F1B60084F8C3300249BDE870400EF02D
:109B800028BB70BD0D93020010B504460E498C3001
:109B90000EF01FFB0D4904F1C4000EF01AFB94F8FF
:109BA0009520B4F896102046FFF7D0FF084B00220E
:109BB0001A71084B1B682BB12146206A0222BDE8AE
:109BC0001040184710BD00BFA9920200D3910200B7
:109BD000E81B0020C005002003292DE9F0430546BD
:109BE00085B0174607D14388980723D40024204620
:109BF00005B0BDE8F083428890F88830D107DBB229
:109C0000F4D5002BF2D14FF00108DFF8D49099F889
:109C10001260C6B10DF0AFFD0828387016D002AA48
:109C20000DF10701FDF720FA38B940F6D4612D2077
:109C3000F5F708FA4FF00208E7E702A99DF80700D8
:109C40000FF027F806463B78082B08D1D9F800100A
:109C500011F8030BC0F380100FF01BF80646D9F87B
:109C6000001005F1700395F86F2011F8030BC0F395
:109C700080100DF04BFDD9F80010044611F8030BCD
:109C8000C0F380100DF06DFD8146FDF751FB40B132
:109C9000B9F1080F1BD04846FDF794F980F0010395
:109CA000D8B23A78082A14D01CB9AC7FA21A544210
:109CB00054416A8853079AD4002897D176B92C7DED
:109CC000444518BF002C0CBF012400248FE700205E
:109CD000E7E780F001022240D4B2EAE7344686E7A3
:109CE000E81B0020032973B5044604D005292BD0B6
:109CF000012002B070BD08230DF107028DF8073076
:109D0000FFF76AFF0028F3D0237C23B19DF80710EA
:109D10002046FFF7E1FE114D0622042620462B685F
:109D20005A701E70FFF71EFEA16D94F85C20286823
:109D30000DF0A8FF28682E7106F0C6F900212868EA
:109D400010F0A3FA0020D4E7054B1B68002BF9D0D4
:109D5000984780F00100C0B2CBE700BFE81B0020AD
:109D6000BC05002038B5B0F848300446194D013321
:109D7000C3F30E03A0F84830AB7C2BB106F038FAE1
:109D800005F03CF90023AB7400232B7194F8893063
:109D90002BB101212046BDE838400FF092B9637C19
:109DA000B3B1B4F848209A4212D3012120460FF0F3
:109DB00088F963882046DB0747BF236A4322432292
:109DC0004FF6FF7148BF1988BDE83840FFF7BEBEA7
:109DD0000021DFE7E81B002010B5094C2379012B97
:109DE00002D02379022B05D1A37C1BB106F000FA27
:109DF00005F004F9A06ABDE81040FFF7B3BF00BF4B
:109E0000E81B00200346074A906A03B909B9FFF727
:109E1000A9BF1379D26A03F180431269033B52F858
:109E200023301847E81B0020F7B5404C2379012B5D
:109E300007D02379022B04D040F65C412D20F5F7A2
:109E400001F9A26A166A0EB196F87D60B8B321686E
:109E500002F1690392F8682011F8095BE8090DF036
:109E600055FC60B305F00F052068052D3BD190F837
:109E7000243003F01F03102B35D9A76ABB7C93B3A2
:109E800008230DF10702294638468DF80730FFF701
:109E9000A3FEA0B197F8E9308BB9226807F1EA0177
:109EA000D31C233253F8040B934241F8040BF9D12D
:109EB0001B8807F1E1000B801D490EF08AF901258E
:109EC000A37C1BB106F094F905F098F865B3A06A7D
:109ED0000FF0D5F810B306F015F8E36A9B6803B0ED
:109EE000BDE8F040184731460DF0DBFE0028E6D013
:109EF0002379A06A012B05D02379022B02D040F6EA
:109F000035419BE723792946E26A03F18043526990
:109F1000013B52F8233098470546D1E7A06A03B0C9
:109F2000BDE8F040FFF71EBF03B0F0BDE81B002006
:109F300001920200F8B504460F4619B300F130054E
:109F400028460FF0B1FBA0B963881A072ED5284622
:109F50000FF0BFFB064628460FF0A6FB301AC0B232
:109F60000FF0F8FB494A93680344284693600FF0CA
:109F70007AFB28460FF07CFB05F024FF2179252091
:109F800005F03CFE414E002394F8762030680370C3
:109F900043706388103B0D2B68D8DFE803F06367DC
:109FA0005F0C674467676767676767442046BDE87B
:109FB000F840FFF7D7BE06234370202303702046E6
:109FC000FFF7D0FC638823F008039BB2152B05D064
:109FD00094F85420216D30680DF045FE306806F08D
:109FE00073F80021306810F050F903232179002024
:109FF000337105F011FF054607B9F06063881B0750
:10A0000004D50FF0A4FB0544C4F820516388103B2D
:10A010000D2B36D8DFE803F038352F2F352F3535A7
:10A0200035353535352F0C2321214370034603F890
:10A03000091B52B1D4F877200121C0F80920B4F8E7
:10A040007B209A800DF005FEB9E7226FC0F8092049
:10A05000B4F874209A8094F86F10F3E70623037025
:10A060004370ACE7022303700623F9E740F2366140
:10A070002D20F4F7E7FF21790120BDE8F84006F034
:10A08000D1B840F6CF41F3E7F8BD00BFE81B002090
:10A0900038B543880446102B04D10121BDE838406F
:10A0A000FFF748BF0B4DAB7C23B104F07BFF402092
:10A0B00006F092F8286806F007F8608810F00400AF
:10A0C00002D1217906F0AEF8002006F063F80123F2
:10A0D0002B7138BDE81B002003292DE9F743044606
:10A0E00005D0052900F08880FFF73CFE80E00823BA
:10A0F0000DF103028DF80330FFF76EFD002879D0D3
:10A10000237C23B19DF803102046FFF7E5FC0123D3
:10A11000B4F802803E4E00251F464FEA9812306880
:10A12000294662F3861707224370C8F3801802702D
:10A13000C5700DF0BDFE2A46394630680DF0BFFEF1
:10A140002046FFF757FC30680DF024FFB4F85C3070
:10A15000C0F1FE05AB42B4BFDDB2EDB2AB422AD9CD
:10A1600047F010070022A5F1030930683946023D87
:10A170000DF0A5FE30680DF097FE411920465FFAFC
:10A1800089F9C9B20FF082F80422C0F307238DF8D1
:10A190000400C0F307400DEB02018DF805304D4679
:10A1A00003238DF8060030680DF058FE0022394672
:10A1B00030680DF084FEB8F1000F06D094F913203A
:10A1C00094F844106079FFF729FC2A46A16D3068A5
:10A1D0000DF0A9FEFF203582617905F00FFD072300
:10A1E0003068337105F070FF0021306810F04DF8D1
:10A1F000002009E0204677E7064B1B68002BF7D0CC
:10A20000984780F00100C0B203B0BDE8F08300BF02
:10A21000E81B0020C405002010B5154CA37C1BB121
:10A2200005F0E6FF04F0EAFEA06A0EF028FF034600
:10A23000A06A1BB1438803F018031BB9BDE81040A6
:10A24000FFF790BD2379012B07D02379022B04D08F
:10A2500040F65E312D20F4F7F5FE2379E26A03F132
:10A260008043D268013BBDE8104052F823301847C4
:10A27000E81B00202DE9F04F44888BB016460546B8
:10A2800014F0030204F002030291019204F00402AC
:10A290001DD0E10705D54BB140F263612D20F4F7E5
:10A2A000D1FE002BF8D04FF0020A12E01FFA82F81C
:10A2B000002A00F0A5804FF0010A002E00F0F68081
:10A2C0004FF000084FF00109C34601210EE0DDF810
:10A2D00004A092B2002B55D0002AEED1002E00F03F
:10A2E000E580904693464FF001091146012714F08E
:10A2F000400003D0002E00F0E780012047EA41042F
:10A300008C4F0022012144EAC9043B6844EA0B1443
:10A310005A70597044EA481444EA8014072004F043
:10A320007B041870A046002E40F0EC80DE70002305
:10A330005146386801930DF0BBFD38682146019AFB
:10A340005FFA84FA0DF0BBFDE00702D52846FFF75F
:10A3500051FB1AF0020F0ED0029B3868002B00F060
:10A36000DF8005F17701062301220DF077FD012141
:10A3700038680DF06EFC0023002B00F0DD8040F605
:10A3800045018BE704F0200B002A4ED126BBB5F81F
:10A3900054208AB1BBF1000F40F088802F794FF034
:10A3A00000084FF0010B033F012F94BF0027012746
:10A3B0004FF0010941469AE7BBF1000F76D1FFF754
:10A3C0003FFB0028EAD1FFF745FB01460028E5D115
:10A3D000B046B346B14689E7FFF732FB804610B975
:10A3E000FFF738FB8046BBF1000F66D12F794FF0A5
:10A3F00001095946033F012F8CBF0027012776E74B
:10A40000077966B9A7F1020C4FF0010AB046314650
:10A41000DCF10007D346D14647EB0C0767E7023F64
:10A42000B246C34618BF0127C2E74EBBB5F8542059
:10A43000AAB1BBF1000F21D12F79033F012F94BFA7
:10A440000027012729794FF000084FF0010B03394D
:10A45000012994BF002101214FF0010947E7BBF119
:10A46000000F0BD1FFF7ECFA0028E5D1FFF7F2FA65
:10A4700081460028E0D1B046B34626E73746E1E7FB
:10A48000FFF7DEFA804610B9FFF7E4FA8046297933
:10A49000033901298CBF00210121BBF1000F14BF3A
:10A4A000002701F001074FF0000BD5E74FF0010B3B
:10A4B000B04631463746D94619E74FF0000B4FF00A
:10A4C000010959465F4612E7B5F8540030B12879C2
:10A4D0000338012894BF002001200FE7688800F0AE
:10A4E00023000028F3D10391FFF7AAFA039900286B
:10A4F000EDD1FFF7AFFA03990028E8D1019B002BBB
:10A50000E5D1FAE6DA70FFF7A5FA00283FF40FAFBD
:10A51000FB6993F8BD30002B3FF409AF0A2307E72E
:10A5200005F17001062301220DF098FC95F86F10DB
:10A530001EE700BFE81B00201AF0080F19D06A6C54
:10A5400005A98DF81530C2F30B22BDF81430386818
:10A5500062F30B0395F84620ADF814301209C3F3EB
:10A56000072362F3071303228DF8153002230DF041
:10A5700075FC1AF0200F00F0AF80D5F84831029337
:10A58000D5F84C310393FB69002B52D09B46DBE995
:10A59000189AFFF75FFA78B1F86990F8BD0058B1E2
:10A5A0000BF140000FF0D0FD30B9DBF8700010EB7C
:10A5B000090081464AF1000A9BF810C0A2487B6955
:10A5C00050F82C004FF47A7C029900F2E730B0FB8F
:10A5D000FCF2D3F16E0C60EB0000BCEB010C0399B4
:10A5E00060EB010012EB0C0C9DF8151040F100001F
:10A5F0001CEB090201F0BF01D5F83CC14AEB000099
:10A60000B2F5161F70F1000A0DDAB2F5703FACEB2F
:10A61000030C70F1000A4FEAEC7E0DDB94457EEBF3
:10A62000000EC0F2088121F020018DF815100022E3
:10A6300016E0D7F818B0AAE7944521F020017EEB88
:10A64000000E8DF81510F2DA9DF8151011F0200F9C
:10A650000CBF1E214FF49671B2FBF1F2C2F30C0253
:10A66000BDF8141062F30C01DBF87020ADF8141083
:10A6700040F2E241B2FBF1F2ADF81620DBF8172010
:10A680009BF81B1006929DF81C2061F304028DF8C4
:10A690001C20FCF76FFA9DF81C2060F347128DF820
:10A6A0001C209DF8152022F080028DF81520DBF883
:10A6B0000020BBF85230CDF81D209BF80420013358
:10A6C0008DF821209BF805208DF822209BF806208C
:10A6D000ADF824308DF82320012E53D1B5F8543035
:10A6E000002B4FD06B8899074CD4DFF860B1DBF8B2
:10A6F00000000DF0D9FB00F1010AB5F85410034633
:10A700005FFA8AFABBF81020CAF1FF008A1A824267
:10A71000AABF6FEA0A0A5FFA82FA5FFA8AFA51451B
:10A7200025D96A88D20722D444F01001019A3868EA
:10A73000AAF1030A884602930DF0C1FB029B5FFA5F
:10A740008AFA2846191D5144C9B20EF09FFDC0F384
:10A7500007238DF81000C0F307408DF81130042254
:10A760008DF81200032304A938680DF077FB5246D8
:10A77000296DDBF800000DF0D6FBBBF810309A44D1
:10A78000ABF810A018F0200F5FFA88F406D02F481D
:10A790001223052205A900680DF060FB63060CD5A5
:10A7A000002E4DD105F130002C790EF09DFF0146B1
:10A7B00095F913202046FFF731F9FFF74BF90028F0
:10A7C00036D0224CE36993F8BD308BB30721206863
:10A7D0000DF063FB092340F2E24203703223437021
:10A7E000E369D3F890308370E369D3F890301B0AA3
:10A7F000C370E369B3F892300371E36993F893305F
:10A800004371E36993F8A1308371E369D3F894301D
:10A81000B3FBF2F3C371E369D3F89830B3FBF2F3FF
:10A8200003727D22E369D3F89C30B3FBF2F34372E9
:10A830000BB0BDE8F08F41F020018DF8151003E753
:10A840006C7995F84410B3E77CC80400E81B00203D
:10A850002DE9F74304460F4690F8440005F0B2FA9C
:10A860006179FF20764D05F0C9F9002F4DD1286898
:10A870000DF0D9F994F80480064604F130000EF08A
:10A8800028FFB8F1040F31D1B60106F53476E96836
:10A89000638801EBC011CA3106FB00111E074FF09F
:10A8A000000048BFAB68696144BFC918696162793B
:10A8B00005F014FB638898072ED07FBB61790120D7
:10A8C00005F0B0FC94F8761001222046FFF7D2FC88
:10A8D000286805F0F9FB002128680FF0D6FC062354
:10A8E0002B7101236B7103B0BDE8F083B8F1030F46
:10A8F00003D1360106F5E776C9E7B8F1020F0BBFC1
:10A900000B360A36B600F600C1E762794FF4A5713E
:10A9100000200FF0A5FCCDE7002FD3D0C3F34007F4
:10A92000C3F380129907286887F001074FF00703E7
:10A9300048BFD4F858804FF000064FEAC7074CBF15
:10A94000B4F85C90D4F85080314647EA821758BF7B
:10A95000B4F854900370012307F04807C6704370A1
:10A960000DF0A6FA3246394628680DF0A8FA3A07E3
:10A9700017D5626C01A9BDF80430C2F30B22286818
:10A9800062F30B0394F84620ADF804301209C3F3C8
:10A99000072362F3071303228DF8053002230DF01D
:10A9A0005DFA28680DF0F6FA2B8AC0F1FE06A9EBD5
:10A9B0000302B242B4BFD6B2F6B2334499452BDD9E
:10A9C000002247F0100128680DF079FA28680DF090
:10A9D000E1FA2B8AC0F1FE062868A9EB0303B34213
:10A9E000B4BFDEB2F6B20DF05FFA81192046013134
:10A9F000C9B20EF04BFC0422C0F307238DF804000B
:10AA0000C0F307400DEB02018DF8053003238DF8EC
:10AA1000060028680DF022FA63885B0606D594F9D3
:10AA2000132094F844106079FEF7F8FF298A324623
:10AA3000286841440DF077FA2B8A1E442E8247E79E
:10AA4000E81B002010B5084CB0F85C30228A9A420E
:10AA500005D00121FFF7FCFE0723237110BDBDE8DF
:10AA60001040FFF77FB900BFE81B002038B54388CE
:10AA700004461E4D13F0020F0FD1DB070DD42A8AB6
:10AA8000B0F854309A4203D1BDE83840FFF76AB9B4
:10AA90000121BDE83840FFF7DBBE0020617905F0F9
:10AAA000C1FB6388617913F0020F0CBF22200C20D8
:10AAB00005F0A4F802232B71AB7C4BB104F072FAC1
:10AAC0006379033B012B94BF4520402005F084FBB4
:10AAD0006379033B012B94BF2820002005F05AFB2B
:10AAE0002868BDE8384005F0EFBA00BFE81B002039
:10AAF000074810B5037903F0FF0433B92422214637
:10AB000004300FF06FFE204610BD0C24FBE700BFA1
:10AB1000E81B002010B50023084C23712060FFF7CC
:10AB2000E7FF20B140F2EF212D20F4F78BFAE36A22
:10AB300013B940F2F221F7E710BD00BFE81B002077
:10AB4000014B024ADA627047E81B002088B201001C
:10AB50002DE9F34704460E46002968D10A4690F8CD
:10AB60007610FFF787FB404D28680379D90623D577
:10AB7000C3789A0620D00DF056F8074604F130004D
:10AB800094F804800EF090FD421C3B464146D2B240
:10AB90002046FEF7A1FE0422C0F307238DF804002F
:10ABA000C0F307400DEB02018DF8053003238DF84B
:10ABB000060028680DF052F93EB304F1300A286807
:10ABC000D5F80C800DF02FF8814650460EF081FD2F
:10ABD00007465046013F0EF067FD4A46391A207974
:10ABE000C9B20EF09EFD638880441B0708D5AB6890
:10ABF0000121204698440EF010FC4044C4F8200186
:10AC000022794146002005F069F9286805F05CFAD0
:10AC1000002128680FF039FB26B92179304605F06C
:10AC2000FBF8E86005232B7102B0BDE8F08700F166
:10AC3000300528460EF038FD28B9638818070CD572
:10AC400028460EF010FD28460EF012FD05F0BAF869
:10AC50002179252004F0D2FF85E7204602B0BDE827
:10AC6000F047FFF77FB800BFE81B002070B5164E15
:10AC7000012504463030B5710EF016FDE8B9638841
:10AC8000DA0615D4B2799AB103F02303B4F854204C
:10AC9000134305D020460021BDE87040FFF7D8BD22
:10ACA000FEF7CEFE0028F5D1FEF7D4FE0028F1D144
:10ACB0002046BDE87040FFF755B829462046BDE85C
:10ACC0007040FFF745BF00BFE81B002070B5124D74
:10ACD0000026012104462E826E710EF09EFBAB68A9
:10ACE0000344AB60B4F848300133C3F30E03A4F857
:10ACF0004830FCF76BFF4FF47F7394F87610B0FB8D
:10AD0000F3F202FB1300AB6832461844A8602046F9
:10AD1000BDE87040FFF7AEBAE81B002010B5094C43
:10AD2000A06A4388092B07D1FFF7D0FFA06A012151
:10AD3000BDE81040FFF70CBF0121BDE81040FFF750
:10AD4000F9B800BFE81B00202DE9F041467D04461C
:10AD5000B31E06F0FD06DBB2012B8CBF4FF00008DE
:10AD60004FF00108371E18BF0127012B15D800F13D
:10AD7000700190F86F000CF0F4FC054663889B06A8
:10AD800012D4082D0BD166BB04F169013046FCF7E3
:10AD900011F848B90020BDE8F0810825EEE7284603
:10ADA000FCF71CF90028EED1A57784F81D8084F803
:10ADB0006870FCF753F9054606F0B2FE00220E4B10
:10ADC00084F87620E5FB0301C4E91801114620460A
:10ADD000FEF74AFE0028DED140F27A412D20F4F73A
:10ADE00031F9237F002BD5D0D4F81630C4F8693060
:10ADF000638BA4F86D30D7E740420F002DE9F04F88
:10AE000007469DB00C46054610AE0FCF0FC60FCFBC
:10AE10000FC697E80F0008AF86E80F0038466E7936
:10AE20000EF007FCA37A61780393237801F07F0A80
:10AE30000493D146237D013BDBB2022B00F28E80CE
:10AE4000704AC906134493F8228008D4A37D013BBD
:10AE5000DBB2022B00F282801A4492F82260637EF9
:10AE600003F0FD03012B04D1B8F1030F28BF4FF00D
:10AE70000308A37E03F0FD03012B02D1042E08BFBB
:10AE80000326617A38460EF0DBFB237D227F3846AD
:10AE9000022B02F101020CBF617D0121D2B204BF7D
:10AEA0000131C9B20EF0CEFB1AF0080F6CD1384652
:10AEB0000EF00FFC63788346DA0654D4F4F730FFC3
:10AEC000824641465846FEF7C9FB012301463246F9
:10AED0005046CDF80090FEF7DFFB40F27122217959
:10AEE00000F29920E378B0FBF2F043EA01236179A4
:10AEF000504343EA01435343984239D84FF0000B83
:10AF000094F818A00793A37CE86C05930AF1FF332B
:10AF1000D3F1000A4AEB030A09F0FEFE0690E86C42
:10AF200009F00AFF0699079B814238BF014688B2A3
:10AF300068B308A90C9306930A910AA9ADF82C905E
:10AF4000CDF834B08DF838808DF839600EF067F99F
:10AF5000069BE0B945201DB0BDE8F08F40F29A3164
:10AF60000620F4F76FF82822494600F099F9B4E773
:10AF7000E179A37943EA0123217A43EA0143534368
:10AF8000834228BF0346B9E700239B46B8E7CDE9D3
:10AF9000123B059B0DF1400C049A8DF85430039B35
:10AFA0008DF845602E468DF850A08DF855308DF8FF
:10AFB0004020ADF842908DF84480BCE80F000FC6E9
:10AFC000BCE80F000FC69CE80F0086E80F0097E86A
:10AFD000030028630020A986E37A03F0FD03003B09
:10AFE00018BF012385F86F30E3682B67238AA5F823
:10AFF000743095F84630E27D62F3071385F84630E9
:10B00000A9E700BF90C604002DE9FF41564E044653
:10B01000327902F0FF0312B90278FF2A04D140F618
:10B02000B9112D20F4F70EF83382B3607371B37148
:10B0300080F889304D4B684604F1300500934C4B45
:10B0400001934C4B0293F36A5B68039305F026F877
:10B0500004F042FE05F0CCF803F0D0FF464804F0BF
:10B06000A7FE464805F014F828460EF0FCFA2846DC
:10B070000EF0FEFA04F0A6FE2179252004F0BEFDB4
:10B0800094F9130004F08EFE04F15001E06C09F015
:10B09000CFFD074604F15801E06C09F0F0FD804651
:10B0A000002F3AD094F82430BBB3B4F94850ED43A4
:10B0B000ED0F637F13B963885B0709D56FF0004319
:10B0C000D4E918129A4208BFB1F1FF3F2FD1ADBBAE
:10B0D00094F88B301BB947EA0807FFB2AFB1638819
:10B0E00013F0100511D1606CC0F30B200EF049FA7B
:10B0F00094F8463084F84500C0F3032023F00F0392
:10B10000034384F8463084F88B5030680330FBF7F3
:10B11000F1FFB07404B0BDE8F081B8F1000F04D0C5
:10B1200094F82550002DC0D1C3E74546C1E706F08D
:10B13000F7FCD4E9182390429941C8D3012229464B
:10B140002046FEF791FC50B1FBF788FF054606F05C
:10B15000E7FC0B4BE5FB0301C4E91801B8E7002D40
:10B16000B6D040F6F6115CE7E81B002019A20100FA
:10B17000299E0100059E0100D6BE898E55555500B9
:10B1800040420F0037B504461C4DFFF73DFF042138
:10B190002078F4F779FC0621A8612078F4F774FC94
:10B1A000AB69E8612BB120B140F62D212D20F3F7DA
:10B1B00049FF20460EF05CF8618811F0100118D0AC
:10B1C00000212046FEF7B6FE94F88A305BB168464F
:10B1D000FCF760F938B1694604F136000CF075FCF3
:10B1E000002384F88A30204603B0BDE83040FEF7E3
:10B1F000CBBB2046FFF7ACFCE6E700BFE81B002016
:10B20000024B9862DB6A1B68184700BFE81B0020EE
:10B2100043881A0710B504460ED5036A3C220F492D
:10B220008C3042721B884381FF2380F827304FF611
:10B23000FF7303850CF0CDFF63882046DB0747BF13
:10B24000236A3C223C224FF6FF7148BF1988FEF763
:10B250007DFCFF2384F8893010BD00BFA992020055
:10B26000599302006794020091A001005F930200CD
:10B270006DAC01006DAA010045AA0100899B010087
:10B28000E59C0100D9A0010085B10100D99D010014
:10B290001DAD010060B2010068B2010080B2010082
:10B2A0000138022808B503D9C3212F20F3F7CAFEBD
:10B2B00013290A4B05D811290CD8102907D0D12100
:10B2C000F3E71529FBD103EB4003D88801E033F8FD
:10B2D000100008BD03EB40039889FAE7B6C60400E6
:10B2E000024B9869003818BF01207047181C0020D5
:10B2F000D0F8A832C269934273B5044612D1D0F88F
:10B30000AC62426AB61A18BF012694F8B422002A29
:10B3100042D020880EF056FF30B940F67E413120F1
:10B32000F3F790FE0126F0E7B4F8B022638E9A425C
:10B330001CD1B4F8B23282899B1A18BF012394F849
:10B340008E50442D16D094F88F20442A10D000251A
:10B35000022120460CF031FA002D44D0002384F85D
:10B360008E30032384F8923002B070BD0123E6E7EB
:10B370003343ECD01D4B1B6813B940F68941CEE72F
:10B38000A5F144020021684601945542554101222D
:10B390008DF800209847DBE7002ED8D02288A3F54F
:10B3A0007A7104F5CE70A4F8A62141F27072914230
:10B3B0000F4995BF4FF47A7240F2E242B3FBF2F3C9
:10B3C000B3FBF2F398BF03F550639BB2A4F8A83126
:10B3D000B4F8AC32A4F8AA31B4F8AE32A4F8AC3167
:10B3E0000CF000FFB3E784F88F50BAE7C8050020DF
:10B3F0002B88020070B5027805464368BAB9D3E9D4
:10B4000072640DF0B4FD6B68543093F87420094BEE
:10B4100053F822304FF47A7203F2E733B3FBF2F3BE
:10B420009B1944F10001181841F1000170BDD3E9E6
:10B430009201FBE77CC80400012A70B50C46064661
:10B44000114605D9931E012B61D940F27D2106E0FA
:10B450000521F4F719FB054620B940F21F21AA2067
:10B46000F3F7F0FD50300DF0FDFC002840F09C801B
:10B47000237EAA7A62F303032376AB7C13B9EB7ABB
:10B4800003F00103227E63F304122276FBF772FBC2
:10B49000237E60F347132376E87DF8F7F5FD013846
:10B4A000424B05F10C01C0B21B5C6376AB7C73B1FF
:10B4B000E87A0CF056F9082801D1122070BD04F189
:10B4C0001A01FBF73DFE38B94FF41071C7E7EB687E
:10B4D000C4F81A308B88E383E37840F2E24223F029
:10B4E0008003E370AB6FB3FBF2F395F89220A38077
:10B4F000A37A62F34713A3722B680020C4F80B30C1
:10B500002B79E3736B792374AB796374D6E70EF010
:10B5100073F9054603213046F4F7B6FA064615B925
:10B5200040F257219BE710B94FF4167197E7437D1E
:10B530006A7B003B18BF01231B0143EA1213227EE2
:10B5400022F01F0213432376FBF714FBA37A00F0CB
:10B55000070060F34713A372237E60F3471323763B
:10B56000287CF8F791FD0138104B04F11A01C0B2A4
:10B570001B5C6376737F7BB1B07FFBF7CDFD00284A
:10B580009BD0E37840F2E24223F08003E3702B6F1C
:10B59000B3FBF2F3A380AFE7D6F86930C4F81A30F2
:10B5A000B6F86D308B80ECE7422087E7F9C60400DF
:10B5B0002DE9F74F037806468A46D0F8049033B158
:10B5C000B9F8C0301BB1012003B0BDE8F08F3046A0
:10B5D000FFF710FF88469AF85A100746012904D948
:10B5E0008B1E012B59D90220EEE70521BAF858002D
:10B5F000F4F74AFA03460028F5D090F82C20002AE8
:10B60000E1D1B0F87E2000F11F0B7D1E806FAAF8FB
:10B6100071200544D3E920412D1BB5FBF0F5ADB2F7
:10B6200002EB050CA5FB00051FFA8CF30419AAF820
:10B630006DC0A3EB020345EB0105002BB8BF5B42D5
:10B64000012B04DD002824DA4B4B9842BBDBB9F810
:10B65000C020A742B9F8883078EB0505A3EB0203B8
:10B66000AAF87B307368B3F88820AAF86F20DBF85B
:10B6700000109BF80400CAF861109AF8651060F396
:10B6800004018AF865103FD340F20131AA20F3F794
:10B69000D9FC3A4B984296DCD9E7BAF858000EF03C
:10B6A000ABF8024600289ED090F83530002B8AD1A6
:10B6B000B0F8523000F1170BAAF871300133AAF834
:10B6C0006D302F4B017C53F821404FF47A7304F214
:10B6D000E734B4FBF3F4D0E918356E3345F10005D7
:10B6E000E4189AF85A3045F10005032BAFD14030E9
:10B6F00001920EF029FD0028A9D1019A136F1B19A0
:10B700001C4645F10005A2E7E41BB4F5960F0CD9E1
:10B71000D969A1F59603013B2344B3FBF1F31A4425
:10B720009BB201FB1344AAF86F20164900209AF837
:10B730005E308C4294BF00220122B4F5161F62F3E2
:10B7400045138CBF0122002262F386138CBF4FF495
:10B750001612002203F0E003A21A8C4294BF1E24AA
:10B760004FF49674B2FBF4F28AF85D20C2F304221F
:10B7700013438AF85E3027E7C1B4B3FF3F4B4C0058
:10B780007CC80400C3BF0300F7B501231F4E002788
:10B790003370CDE900776846F4F7B0F90546E8B1B3
:10B7A0000023337003B0F0BD90F8F10106F090FA79
:10B7B00094F8F10106F036FB94F8F10184F8F051A9
:10B7C00006F0C6F910B940F2C1111BE0202304F5C0
:10B7D000E47084F8F131FDF73DF9DAE7009B002BC6
:10B7E000D9D093F8F021002AD5D018884FF6FF73EE
:10B7F0009842D5D02946F4F747F904460028D3D11A
:10B800004FF4E9713520F3F71DFC00BF3C1C00200C
:10B8100038B50D4B0D4653F82040084604F092FE13
:10B820004FF47A7304F58564033D0444012DB4FBA1
:10B83000F3F404F1D6048CBF002528250DF097FB06
:10B840002044284438BD00BF7CC804002DE9F84FCF
:10B8500091F88EB09A4605460C46ABF14403164665
:10B86000012B1BD991F88F90A9F14409B9F1010F6F
:10B870008CBF4FF000094FF00109BAF1000F04D05E
:10B8800000220121204601F00DFC94F8F031032B39
:10B8900000F29280DFE803F0058D848D4FF00109FE
:10B8A000EBE726B940F247213520F3F7CBFB4FF009
:10B8B000000801232046474684F8F0310EF048F88E
:10B8C000634B1B6823B151462046984708FB00771D
:10B8D000FDF75EF9002872D10221B4F9EC010CF0F9
:10B8E000FDFDB4F8EC311B1AA4F8EC310026D4E9C4
:10B8F0007232FB1842F100021B1842EBE072C4E9FD
:10B900007232C5E904322E7094F88E20A2F10C0335
:10B91000DBB21A2B55D84F4EDE4006F0010694F8E4
:10B920008F30442B08BF46F0010620460EF066F922
:10B9300030B1002E49D194F8F001012818BF02203F
:10B940000023287204F13C006B720CF0F4FC686078
:10B95000BAF1000F79D0ABF10E0BBBF1010F8CBF28
:10B960004B4649F00103002B6FD1414628460BF0AE
:10B97000CDFF1FFA80F920460EF040F982466EBBDB
:10B9800081452BD307FB00F12E72D4E972325B188C
:10B9900042F10002C5E90432CFB940F2CF2183E77A
:10B9A000D4F8F8810323D4F8107284F8F0314744B6
:10B9B00086E7E769B84683E74FF4207174E7002013
:10B9C00094E7442AABD10126AFE70020B8E741460F
:10B9D00028460BF09BFF82441FFA8AF90122494650
:10B9E000204601F05FFB1A4B1B687BB1012120460A
:10B9F000984708FB00F84844D5E904321FFA80F95B
:10BA000013EB080342F10002C5E90432FDF7C0F868
:10BA1000B8B94FEA4901B4F9EC01B1F5803FB4BFC0
:10BA200089B24FF6FF710CF059FDB4F8EC311B1AD6
:10BA3000A4F8EC31D5E904321B1842EBE072C5E9F9
:10BA40000432D5E90423C4E97223BDE8F88F00BFAE
:10BA5000CC050020050000042DE9F0410D46044608
:10BA600020B94FF483713520F3F7ECFA072900F27F
:10BA70008D80DFE801F004817474708B7A8890F80F
:10BA8000F03113B94FF48771EDE701F049FA00285E
:10BA90007FD0414B1B680BB120469847132120886B
:10BAA000F3F7F2FF034694F87400002B4DD0022800
:10BAB00049D004D8012807D0D621B420D4E7C21E2B
:10BAC000012AF9D81E3300E00A339F8894F87510D4
:10BAD000CB1E012B98BF2825FFF79AFE2B30523D35
:10BAE0008742EEB2E56988BF3B1A2C4F98BF00230E
:10BAF0007A78ED1A1AB9E36B9D4228BF1D4604F10E
:10BB00003C000CF018FC00F12B080220A5EB080506
:10BB100006F07EF9022125EAE575854228BF054633
:10BB2000284606F00AF900B9A844002332464146E7
:10BB300020460CF0ABFC7860E06906F0E3F930B920
:10BB40004FF480718FE71433BFE79627BEE7BDE857
:10BB5000F04101F095BABDE8F04104F0B5BB012217
:10BB60000021BDE8F0410DF002BF012006F0DEF932
:10BB7000BDE8F04109F09CB990F8F031042B08D0F1
:10BB80004FF49A716FE740F239116CE740F23D11C2
:10BB900069E7BDE8F08100BFD00500203C1C002013
:10BBA000024B0022C3E90022FFF7EEBD3C1C00203F
:10BBB000014B5870704700BF3C1C002038B504464C
:10BBC00020B94FF4D2713520F3F73CFA90F8F031F8
:10BBD00003F0FF0513B140F2A511F4E790F8F1313D
:10BBE000202B02D04FF4D371EDE70146044805F055
:10BBF000BFFF202884F8F10114BF28460D2038BD6E
:10BC000059BA010008B503F09DFF044B5A688242FF
:10BC10002ABF1878002080F0010008BD3C1C0020DD
:10BC200037B50446042900F28480DFE801F00316EA
:10BC3000121B7D00404B1B7803F0FF024BB9012122
:10BC40000DF095FE04F0BAF903B0BDE8304005F000
:10BC50006ABF042384F8F031F4E7032384F8F03159
:10BC600003B030BD41F64B5540F2E241D0F81432FA
:10BC7000C269AB42ADF8041090F820128CBF0025C9
:10BC80000125C0F8F82129B99A421CD000880EF08D
:10BC90009CFA18E000880EF095FA20B940F2313194
:10BCA0003520F3F7CFF9B4F81C3200256386B4F8D9
:10BCB0001E328381B4F80C32C5814381013B03827B
:10BCC0007D23ADF8043094F87E30EBB9EDB9D4F8AB
:10BCD000103204F5E470D4F81422E362B4F80E32A2
:10BCE000E2612386D4F8183284F87E506362638E52
:10BCF0005343009302AB13E90600FCF78DFE204688
:10BD00000DF026FE0223A9E74DB14FF04D136363FA
:10BD1000002323874FF47A73ADF80430D7E74FF050
:10BD2000961325876363D2E703B0BDE830400DF07A
:10BD30000FBE40F28631B3E73C1C002038B5194BEA
:10BD40001C895A6804431C8100F00304032C04D1AD
:10BD500040F626213620F3F775F910F0020418BFDB
:10BD6000D960C50748BF196124B1C978062906D032
:10BD70000B2910D0820644BF08221A7538BD92F8EC
:10BD80008E101A29F6D1002400250121C2E93C4574
:10BD900082F89410EEE792F88E101429EAD100216F
:10BDA000F6E700BF441C00200D4A0146107D98B9FB
:10BDB0000129536807D1B3F86420B3F848309A4298
:10BDC0000DD8FFF71FBF1289520707D593F89000CF
:10BDD000073818BF012070470020704701207047C6
:10BDE000441C002037B590F88E200446A2F144038D
:10BDF000012B1DD990F88F300E3A443B012ADBB25B
:10BE000014D8012B8CBF00230123B4F88820B4F888
:10BE10000C12013292B291422FD194F8202272B3C7
:10BE200043B940F22F213620F3F70CF9012B24D827
:10BE30000123EAE72B4B1B6813B94FF40C71F2E7AF
:10BE40000021684601948DF800109847002584F879
:10BE50002252022120460BF0FCFC03212046FFF772
:10BE6000DFFE94F88E30A3F14402012A02D90E3B82
:10BE7000012B2ED8002384F88E3003B030BD2388E8
:10BE800041F2707204F5CE70A4F8A631D4F81432E1
:10BE9000A3F57A719142144995BF4FF47A7240F23A
:10BEA000E242B3FBF2F3B3FBF2F398BF03F5506346
:10BEB0009BB2A4F8A831B4F81832A4F8AA31B4F8A7
:10BEC0001A32A4F8AC31002384F8A5310CF08AF9B9
:10BED000BCE794F88F30443B012B98BF84F88F5017
:10BEE000CBE700BF180600202B880200244B70B55A
:10BEF0005C6894F80A520DB994F8745094F80B6287
:10BF00000EB994F8756084F8745084F87560FF2356
:10BF100084F876301B4B1B6813B12946204698479E
:10BF2000194B1B681BB12A4631461548984704F146
:10BF30003C0600211248FAF725FE30460CF0FBF9CA
:10BF400004F2511105462046FBF75CFD2046042112
:10BF5000FFF766FE30460CF0EEF9854204460CD23F
:10BF600005F04CFF0146601B192838BF192005F069
:10BF7000E4FEB0FA80F0400970BD0120FCE700BF8C
:10BF8000441C0020E00500202406002000231E2978
:10BF900080F8161180F817310ED92439C9B21B293F
:10BFA00003D8104BCB40DB0705D40023A0F8C630E4
:10BFB000012380F8CA30704701220B4B8A4013409E
:10BFC000002BF8D115290AD01129EED190F81821AB
:10BFD00012B1A0F8C6307047A0F8CC207047A0F886
:10BFE000CC307047092949098712084910B50B79E7
:10BFF0004268162B92F88E100FD8112B01D8002012
:10C0000010BD4FF4A802DA40D207F8D5024601214C
:10C010001846BDE810400DF05ABD1D3BDCB2222C85
:10C02000EDD8222BEBD801A454F823F0C5C00100B1
:10C03000FFBF0100CDC00100FFBF0100FFBF010035
:10C04000FFBF0100B9C00100FFBF0100FFBF010039
:10C05000FFBF0100FFBF0100FFBF0100FFBF0100E4
:10C06000FFBF010057C10100FFBF0100FFBF01007A
:10C07000DFC00100FFBF010003C10100FFBF0100DD
:10C080002BC10100FFBF0100FFBF01003FC1010044
:10C09000F5C00100FFBF0100FFBF010017C1010093
:10C0A000FFBF01005BC10100FFBF0100FFBF010036
:10C0B000FFBF010053C101002929A0D1284B1B68F3
:10C0C0005BB99CE733299AD1264BF8E72D2996D105
:10C0D000254B1B68002B92D0104698478FE73529D7
:10C0E00001D04C298BD1214B1B68002B87D02E21EE
:10C0F000984784E7362982D11C4B1B68002BF7D167
:10C100007DE737297FF47BAF184B1B68002B3FF48A
:10C1100076AF3021ECE738297FF471AF134B1B6801
:10C12000002B3FF46CAF3921E2E73B297FF467AF86
:10C130000E4B1B68002B3FF462AF3221D8E7412938
:10C140007FF45DAF094B1B68002B3FF458AF3521DE
:10C15000CEE7074BB3E7074BB1E7074BAFE700BFAD
:10C16000DC050020EC050020F4050020100600206E
:10C170001C0600202006002034060020034610463E
:10C180000A1E08BF1F221F2B70B529D8112B03D8F8
:10C19000032B4AD0002040E0A3F112010D29F9D869
:10C1A00001A454F821F000BF1DC2010095C1010097
:10C1B0001DC2010095C101001DC2010095C1010011
:10C1C00095C1010095C1010095C1010095C1010013
:10C1D00095C101008DC2010095C101009FC20100FF
:10C1E0003B2B15D8222BD5D9A3F123040121E4B28E
:10C1F000A140314C21425AD1490740D13B2BC9D1F2
:10C200002E4B1B68002BC5D01146BDE87040184767
:10C21000A3F1FE0253425341580070BD0246002173
:10C220001846BDE870400DF052BC446894F88E305A
:10C23000182B01D0152B3CD194F8D030002B38D1DD
:10C2400084F8CF3084F8CA3094F8B63103F0FF0593
:10C2500023B14FF474713620F2F7F4FE238884F88A
:10C26000B721A4F8B83184F8BA5184F8525214496D
:10C2700004F5D7700BF0ADFF84F88E508AE71149B2
:10C280000C68002C86D01946234605E00E4B1B682F
:10C29000002B3FF47FAF1D21BDE8704018470B4BCA
:10C2A0001B68002B3FF476AF1F214068F4E7084974
:10C2B000E6E70220B1E700BF00A84C0030060020EE
:10C2C0009D890200D8050020E8050020F005002027
:10C2D0000C06002043680246097993F88E30053B2E
:10C2E000DBB2472B96BF0248FE20C05CFFF746BF7B
:10C2F000FCC604002DE9F347A04F0E46804639895D
:10C300007C688D0504F1800554BFB4F8C02000227C
:10C3100028465CBF013292B2A4F8C0200DF02FFA7B
:10C3200030B10B4604F5A47221462846FCF716F9F5
:10C330003B8903F4C06343B194F892302BB90121D7
:10C34000204684F89210FFF76BFCB8F1000F40F024
:10C35000EA81002E40F0E7813B897D685C0707D5C4
:10C3600095F89020072A02BF012285F890607A751F
:10C37000980714D5FB68D8780123072885F817316A
:10C380000AD0112824D0FBF78FFF034628B940F2CA
:10C39000C4513620F2F756FE794B784898473B89CE
:10C3A000190740F1BA807C6894F816312A2B35D8E9
:10C3B0001B2B0FD8012B59D0032B62D0002B43D05D
:10C3C00094F81631FE2B40F08C8040F2D151E0E71A
:10C3D0006C4BE2E71C3B0E2BF2D801A252F823F083
:10C3E0009DC40100C1C30100C1C30100C1C301005C
:10C3F000C1C30100A5C40100B3C40100C1C3010051
:10C40000C1C30100C1C30100C1C30100D1C4010007
:10C41000C1C30100C1C301009DC401003C2B5ED01B
:10C420003F2BCDD1B4F88830B4F80C229B1A1804F5
:10C4300002D4002384F8223294F88E30442B0DD19C
:10C44000002384F8CA30BBE7B4F88820B4F80C1293
:10C45000521A1204B4D484F82232B1E794F88F301F
:10C46000442BADD145480CF0FEF8A9E7B4F888306C
:10C47000B4F806229B1A1904A2D4002384F88E3043
:10C480009EE794F88E201A2A04D84FF0A463D34074
:10C49000DA0795D4002384F85232DEE7002384F8CB
:10C4A0003531CEE7384B1B68002B89D020469847A2
:10C4B00086E7002384F83631344B1B6823B104F53A
:10C4C0009B7104F58E7098472C480CF0B2F877E712
:10C4D0002F4B1B68002B3FF473AF2848E7E72D4B29
:10C4E000F7E7FE2384F8163194F88E30262B3CD0E3
:10C4F0002FD80C2B33D00E2B35D094F88F30442B03
:10C5000004BF452384F88F3094F89030082B01BF86
:10C5100002237B75002384F890303B89DB074DD5DF
:10C520007B683C6993F88E1093F8D0000DF0BCFA4C
:10C5300030B1E278112A7AD8174BD340DE0776D58E
:10C540002046FAF7D7FF48BB21460C480CF0B7F855
:10C5500033E0402B0BD0442BCFD1452300E00D23FB
:10C5600084F88E30C9E70F23FAE72723F8E7002382
:10C5700084F8443101480CF05CF8BEE7441C00200C
:10C580008F9A0200739A0200F8050020FC05002033
:10C59000000600202806002074280200E0780D28FC
:10C5A0003FD011283FD007283FD0FBF76BFE034652
:10C5B0000028C9D02146A948984706463B7D1C075C
:10C5C00014D595F88E1095F8D0000DF06DFA04464C
:10C5D00078BB009069460320F4F7B6FA009B2BB1B4
:10C5E0001C720C2229460098FBF7BCF92846FFF77D
:10C5F000F9FB7D6895F81631FE2B40F0948095F894
:10C600009030073B012B40F28E8095F8203103F0EB
:10C61000FF0483B10023A5F8C4300223A5F8163126
:10C6200081E08F4BC6E78F4BC4E78F4BC2E70826EC
:10C63000C4E70826DAE795F88E3043B995F8BE20AE
:10C6400022B31222A5F81621A5F8C63068E0252BE2
:10C6500000F0A88010D8142B5DD009D8032B00F06F
:10C660009B80132B00F08F80113B0C2B5BD90DE0CE
:10C670001A2BF9D106234FE0322B00F0A08046D8C8
:10C680002E2B00F09A80312B00F0A38095F88F308C
:10C69000332B00F2EB801E2B00F29D80013BDAB2BF
:10C6A000052A40F2C98095F81631FE2B3BD17C68F3
:10C6B00094F81631FE2B00F0B28195F88E3093BBC2
:10C6C00095F805327BB395F88F000BF0E5FF044633
:10C6D00048BBB5F888300A2B25D96846FAF7DAFE48
:10C6E00008B3052205F1970168460EF06BF80028A3
:10C6F00000F0A8830098C5F800029DF8043085F882
:10C7000004320123A5F8163185F805420BE03E2BD3
:10C71000BCD1342382E70B23A5F81631A5F8C64017
:10C72000012385F8CA307C6894F8203123B994F845
:10C730009030073B012B04D8B4F8C4300133A4F87F
:10C74000C43094F8CA1021B1B4F8C6300133A4F84B
:10C75000C63094F9CE2022B1B4F8CC300133A4F81D
:10C76000CC30B8F1000F40F0C5837B7D022B00F088
:10C77000BD83012B40F0698394F89130002B40F089
:10C780007983002181E3D5F82432C5F808310323E9
:10C79000A5F81631002357E795F8113185F81831BF
:10C7A00007233BE705F502700AF0B2FE0146284672
:10C7B000FFF7ECFBA5F8C640B5E72123ACE7012362
:10C7C0001121284685F81831FFF7E0FB85F88E40E7
:10C7D000A9E7272322E71F3B142B3FF664AF01A2F2
:10C7E00052F823F027C9010027C90100A7C601009C
:10C7F000A7C601009DC90100A7C60100A7C6010088
:10C80000A7C60100A7C60100A7C60100F7C901001D
:10C81000A7C60100A7C60100A7C60100A7C6010060
:10C82000A7C60100A7C60100A7C601000FCA0100E4
:10C83000D7C90100FBC90100052B3FF634AF01A2A7
:10C8400052F823F0F7C8010015C90100E5C801003E
:10C85000EBC90100A7C60100F3C90100441C002078
:10C86000D5C20100539B0200EDBF0100353BDAB297
:10C87000172A3FF618AF172B3FF615AF01A252F853
:10C8800023F000BFFFC90100A7C6010003CA0100D1
:10C89000A7C60100A7C60100A7C60100A7C60100E0
:10C8A000A7C6010007CA0100A7C60100A7C601006C
:10C8B000A7C60100A7C601000BCA0100A7C6010058
:10C8C00013CA0100A7C60100A7C60100A7C6010040
:10C8D00017CA0100A7C60100A7C601001BCA0100B4
:10C8E000FFC9010095F8103185F818310723A5F824
:10C8F0001631002314E00C230022A5F8163195F818
:10C90000D130A5F8CC2043F0010385F88F2085F8BD
:10C91000D130C8E61323A5F816310023A5F8CC3092
:10C9200085F88F30BFE695F82331002B7FF4BBAE3E
:10C9300095F82231BBB195F88F3005F5917105F26C
:10C940000A22262B28D095F88E30263B012B8CBF4F
:10C950000023012328460BF0F7FC202385F88F30B5
:10C96000002385F8223195F88F30202B7FF49BAE81
:10C9700005F251112846FBF745F8B5F85E30A5F8E9
:10C980001831B5F86230A5F81A311523A5F816311B
:10C990000023A5F8CC3086E60123DBE795F82C319F
:10C9A000012B13D095F82C31022B7FF47CAED5F8F7
:10C9B0002E11EA6EAA480AF0ADFD05F502700AF0E4
:10C9C000A7FD01462846FFF7E1FA6CE695F82D3100
:10C9D000002BE7D1EBE700241121284685F8184108
:10C9E000FFF7D4FA85F88F405DE60923A5F81631E4
:10C9F00059E61B237BE72423F8E71E2377E72F2341
:10CA000075E7312373E73423F0E73A23EEE7272372
:10CA1000ECE73F23EAE72C23E8E73C23E6E794F83A
:10CA20008E30002B7FF449AE94F822323BB394F859
:10CA3000203203BB94F88F000BF02EFE8246F0B933
:10CA400094F88F30312B1AD094F8203283B1122110
:10CA50002088F3F719F8036913F400791DD04423F3
:10CA6000A4F8C6A084F88E30012384F8CA303F238E
:10CA7000A4F8163177E094F83431002BDAD094F82A
:10CA8000523203F0FF0133B394F89330B3B194F80A
:10CA9000943073B940F2BF617BE4724B1B6813B9E9
:10CAA0004FF4D66175E41A216D48984784F82292B4
:10CAB00059E00A23A4F81631002306E0D4F8242212
:10CAC000C4F808210322A4F81621A4F8C6300123D3
:10CAD00084F8CA3047E094F8333103F0FF022BB1F9
:10CAE0000823A4F81631A4F8C610F0E794F83431FE
:10CAF00003F0FF0173B194F8E730DB0905D02B2375
:10CB0000A4F81631A4F8C620E1E7574B1B6853B3CD
:10CB1000534831E0D4F8543283B31F2294F88F0085
:10CB2000FBF79EF850BBD4F8543233B113F8512CB4
:10CB3000012A05D040F2EF612BE440F2EB6128E4DA
:10CB400013F8283C03F0FF0113B14FF4DE6120E439
:10CB500094F8E33098060CD51F23A4F8C61084F887
:10CB6000CA20A4F8163195F81631FE2B7FF4DBAD00
:10CB7000A3E53E4B20461B689847F4E794F8323112
:10CB800073B194F8D13013F00302ECD10C2143F0CF
:10CB90000103A4F8161184F8D13084F8322187E714
:10CBA00094F822311BB394F8233103BB94F88F30EF
:10CBB00004F5917104F20A22262B16D094F88E30D7
:10CBC000263B012B8CBF0023012320460BF0BCFB2E
:10CBD000002384F82231B4F85E20A4F81821B4F8B8
:10CBE0006220A4F81A2114226DE70123EDE794F8DE
:10CBF0002C31012B66D194F82D31002B62D194F8A1
:10CC00008F000BF049FD00285CD194F874104B1E86
:10CC1000DBB2032B09D81648034493F848C094F8B4
:10CC20007530013BDBB2032B04D94FF46171062050
:10CC3000FFF7B0BBBCF1020F94F82E210CD0BCF171
:10CC4000030F0BD0BCF1010F04D1012A14BF002245
:10CC500001227AB916232DE7022AF7E7042AF5E71D
:10CC6000441C00201806002020060020F4050020A7
:10CC7000FCC60400034493F8482094F82F31022A9C
:10CC800017D0032A17D0012AE4D1012B14BF0023A7
:10CC90000123002BDED0B4F8883004F50272B4F81A
:10CCA00030010AF019FC014640B99548F9F76AFFCE
:10CCB00059E7022BEAE7042BEDD0CBE7282384F8D1
:10CCC0008E3050E794F8353103F0FF025BB18D4BA5
:10CCD0001B688B489847FE2801463FF444AF204626
:10CCE000FFF754F93FE794F83E3103F0FF090BB129
:10CCF0001D2305E794F8363103F0FF026BB30921D9
:10CD0000B4F83801F2F7C0FE10B984F83601CFE666
:10CD100090F8F03103F0FF0213B984F83621C7E62A
:10CD200090F8C831032B14D8DFE803F00202050D98
:10CD300084F83691BCE694F83C3180F8F131002358
:10CD400084F83631B4E62223A4F81631A4F8C6904C
:10CD5000BDE640F28361FFF71CBB94F83F3103F05E
:10CD6000FF0163B194F8E530DB0901D02E23C7E65B
:10CD7000654B01220C2162481B689847F3E694F842
:10CD8000403103F0FF020BB13623AAE694F841319B
:10CD90000BB13023B4E694F85C3253B10D212088F6
:10CDA000F2F772FE08B9392384E690F81232002BAC
:10CDB000F9D094F8443103F0FF010BB1382379E640
:10CDC00094F8423103F0FF020BB1322389E694F864
:10CDD00043310BB1352393E694F845318BB194F888
:10CDE000223273B994F8E4305A0608D5474B1B68D1
:10CDF000002B3FF4B8AE42489847272338E6444B0F
:10CE000084E694F84631BBB13B22002194F88F00B0
:10CE1000FAF726FF814678B912212088F2F734FE0E
:10CE200003699B0705D53B4B35481B6898473B2357
:10CE30008AE7394B1B686BE6384B1B68002B7FF485
:10CE400048AF90E685F8050260E45EB1F0064FD485
:10CE500031074FD4B2074FD1B3064FD440F6AC21BF
:10CE6000FFF797BAC9B1B4F8C610B4F8C830994200
:10CE700013D9222384F8B1302148FBF781FA00232B
:10CE80000221A4F88E3084F892302046FEF7C8FEC6
:10CE900002B0BDE8F047F9F74DBF2AB1B4F8CC2095
:10CEA000B4F8C8309A42E4D8B4F8C420B4F8C23018
:10CEB0009A420FD2B4F8C420B4F8C8309A42D8D2FB
:10CEC00094F89220B4F8C0304AB9052B7FF659ACDB
:10CED0003E23CFE794F82031002BCAD1EAE7B4F81B
:10CEE000C2209A423FF64DAC0823C3E71623C1E7A0
:10CEF0001E23BFE73D23BDE72A23BBE72323B9E772
:10CF0000441C0020D4050020140600200406002044
:10CF1000080600202C06002034060020E40500202E
:10CF2000F0B5534D0026044685B02E702F4668603C
:10CF300000882E812E756E75F9F7B8FE2088F9F7F6
:10CF4000E1FE94F88F30262B12D1B4F88830B4F873
:10CF500008229B1A19040BD484F88F60FEF7C6FFD1
:10CF6000B0B900210846FFF7C5F9002005B0F0BDB3
:10CF700094F88E30263B022B0AD8B4F80822B4F875
:10CF800088309B1A1A0403D4002384F88E30E5E716
:10CF900094F88E300C3B012B16D8B4F88830B4F8D6
:10CFA00006229B1A1B040FD404F5007104F19600AD
:10CFB0000AF08BFD94F88E300D2B04BF002384F80B
:10CFC0008E30FF2384F8CB30B4F8F221214604F1EF
:10CFD0008000013292B20AF0BFFD20B140F2B511DB
:10CFE0003620F2F72FF8A4F8F20120460CF017FDD6
:10CFF0000646002839D194F81641FE2C23D003A808
:10D00000F9F75AFE10B940F6EB01E9E75022314634
:10D0100003980DF0E7FB039E032130460BF052F816
:10D020003378214623F0100333700398FAF780FA1F
:10D03000224603990E48FAF7E1FEF9F751FE10B9BE
:10D0400040F6F701CCE70B4B0B4A00930B4B97E8EC
:10D050000300F3F70BFC6B6893F88E1093F8D00085
:10D060000CF022FD08B1F3F7F9FB01207EE700BFC9
:10D07000441C0020F5C201003DBD0100A9BD010016
:10D0800008B5074B58680CF0CAFC18B9BDE8084051
:10D09000F3F72EBD0021BDE808400846FFF72AB986
:10D0A000441C0020F8B5B0F8F23100F180070446C6
:10D0B0000D460B441646A0F8F231B0F8C0300B44D0
:10D0C000A0F8C03038460CF05AFBA0B1D4F8B43008
:10D0D00038460B442146C4F8B4300BF082FDD4E945
:10D0E0002D239A4207D30023164904F5A470C4F8EF
:10D0F000B4300BF077F894F8CA3023B1B4F8C630E6
:10D100002B44A4F8C63094F9CE3023B1B4F8CC3017
:10D110002B44A4F8CC3094F8203123B994F8903003
:10D12000073B012B04D8B4F8C4302B44A4F8C43016
:10D130002046FEF757FE26B1B4F888301D44A4F807
:10D140008850F8BD3D8B020008B5FAF73DFE024B52
:10D15000024A1A6008BD00BFD40500204F980200A3
:10D160000B46842203F8032B034AB2F80900D27A53
:10D17000A1F803009A707047881C002008B5403061
:10D180000BF08BFE014B00225A7308BD881C002057
:10D19000014B1869FFF7F2BF881C0020034B5A7B34
:10D1A00012B11869FFF7EABF704700BF881C002062
:10D1B0002DE9F04F994C93B005460E46236993F83C
:10D1C0002D703FB1D3F888205778227D974294BFC5
:10D1D000002701279A7BBF00B3F8289047EAC207CF
:10D1E000E28AD88DA9EB02095A6A4FF6FF7307F05D
:10D1F0000C071FFA89F901929842BB4632D00A21E6
:10D20000F2F742FC824607230021A0692B7001231C
:10D21000E9706B700AF04CFE86B1236993F83560B3
:10D220001EBBBAF1000F22D09AF81A30012B05D09C
:10D230009AF85730002B0CBF23263B26324639463E
:10D24000A0690AF03CFE17F00403009316D023698E
:10D25000D3F888100B783F2B0BD940F211110A201C
:10D26000F1F7F0FE4FF0000ACDE70926E6E7564653
:10D27000E4E701230222A0690AF0F0FD21698B7B1B
:10D280002BB1022303220C31A0690AF0E7FDA0694B
:10D290000AF00AFEC0F1FE080546C145B4BF5FFAB8
:10D2A00089F85FFA88F8C84509D3009BD3B1226991
:10D2B000237DD2F8882001335278934212DA47F066
:10D2C00010013246A0698B460AF0F9FDA0690AF008
:10D2D000EBFDC0F1FE080546C145B4BF5FFA89F811
:10D2E0005FFA88F8092E37D142F60803ADF80C3002
:10D2F00023699A6BCDF80E2093F83C20DB8E8DF8D5
:10D300001220ADF813303346072203A9A0690AF0B2
:10D31000A5FD1BF0100F5FFA8BF25ED0237F00217A
:10D3200020694B44ADF80810067C03F03F038DF8EC
:10D330000A10242B84BF243BDBB2022E237743F058
:10D34000400303F07F038DF8083055D011D8012E2B
:10D3500054D040F26B1182E7314B1B68002BD8D0C0
:10D36000232E01D03B2ED4D1226903A950469847E1
:10D37000C9E7F31E012BECD8B11E0227C9B29DF8F4
:10D380000A3067F347138DF80A30264B33F8113013
:10D3900052070CD5042E454433D1AD0105F5347543
:10D3A000D0F888301B78DB0003F0F8032B441E22F2
:10D3B0009BB202A9A069B3FBF2F39DF80A200B33DC
:10D3C00022F01F028DF80930C3F304231343042213
:10D3D0008DF80A3003230AF041FDE18A4246019BA1
:10D3E000A0690B4419460AF09EFDE38A9844A4F80C
:10D3F000168013B0BDE8F08F0127C0E740F6480360
:10D40000C6E7032E03D12D0105F5E775C8E7022E07
:10D410000BBF0B350A35AD00ED00C1E7881C0020BD
:10D420003C06002048C7040010B50C4C207F02F0D9
:10D43000C9FCA0690021FFF7BBFE23694FF4A57169
:10D4400000201A7C0CF00CFFA06902F03DFEA069E0
:10D450000021BDE810400CF018BF00BF881C002060
:10D4600003461D4A13B5106903B921B902B0BDE8DE
:10D470001040FFF783BE137D90F82D100133DBB20F
:10D480001375D9B1D0F888104C789C4216D90B7816
:10D4900001A83F2B8CBF9B0903238DF804300B7828
:10D4A0000021C3F30402DB008DF805208DF806305F
:10D4B00002F0F0FBFFF7B8FF02B010BD018DD38A78
:10D4C000994203D1B0F852308382CFE702B0BDE871
:10D4D0001040FFF7A9BF00BF881C0020054B0022A9
:10D4E00098615A73044B054A1A60054B054A1A6045
:10D4F000704700BF881C0020380600205CD801005F
:10D50000400600206CD8010030B50C4685B00546B9
:10D510009022002120460DF065F9F2F7D3FB01229D
:10D520000146A06065746846F2F712FCA06800220C
:10D53000012107F05FFB02A8F9F7ACFF20B940F228
:10D54000D9110A20F1F77EFD02A904F116000AF0B4
:10D55000BCFA054B2464A3640023A3824FF6FF7337
:10D56000E38505B030BD00BF6CD80100F8B50F46AB
:10D570003649044651F822504FF47A7105F5155595
:10D580003F35B5FBF1F519460CF0B3FBC319FF2B82
:10D5900004DD01288CBF03300430C0B26FEA000CF8
:10D5A00094F82D305FFA8CFC07EB0C06013E96FBDD
:10D5B000FCF6F6B22BB1D4F8881049788E4238BF09
:10D5C0000E46C1196EB3901E013EC0B2022897BF2D
:10D5D0001F4F40F6921007EB4000C088042A00FB62
:10D5E000065506FB1C10C0B20ED1800100F5347048
:10D5F000284443B1D4F8882013785278DB0003F034
:10D60000F80302FB0300F8BD032A03D1000100F573
:10D61000E770EDE7022A0BBF0B300A308000C00034
:10D62000E6E7042A04D1890101F534716818E0E7BE
:10D63000032A03D1090101F5E771F7E7022A0BBFBD
:10D640000B310A318900C900F0E700BF7CC8040033
:10D6500048C70400014B1873704700BF881C0020A6
:10D6600003460548027B2AB14181022203494372E5
:10D67000FAF7BCB9704700BF881C002061D10100D7
:10D6800073B5734C0646637B206123B140F2DB2106
:10D690000A20F1F7D7FC0CF03CFBB36D00F5AF7539
:10D6A0009D4215D9ED1A3046192D38BF19250CF0B9
:10D6B000E6FA0146284604F040FB236928B11846E3
:10D6C00002B0BDE87040FFF759BDB36D2B44B365A0
:10D6D000256995F835307BB1EB8EB5F852209B1A51
:10D6E0001BB2002B12DC05F1380105F116000AF01F
:10D6F000ECF9002385F8353095F8343033B1AA6D54
:10D700002B6F9A420CD9002385F834300023E38232
:10D7100023752369D3F88830CBB94FF43A71B7E752
:10D7200005F138063046F9F7B5FE0028EED005229F
:10D7300005F1170130460DF045F80028E3D001232C
:10D7400085F83530B5F852300A33EB86DBE702F066
:10D75000C3FA404B186802F0A1FC236993F90F004B
:10D7600002F020FB2369FF20197C02F047FA2369AD
:10D77000186802F01DFB2069B0F8522050F8161B03
:10D780000AF0BBF9207702F01DFBA06902F09CFCB7
:10D790002369586802F07CFC236903F1240198682E
:10D7A00007F046FA80B123699A7B4AB19889C0F3A1
:10D7B0000B000BF0E6FE23699A8960F30B029A8155
:10D7C000002283F82C2004E0236993F82C30002BEE
:10D7D000E9D10121A069FFF7EBFC236993F82D2023
:10D7E000A2B1D3F88820002101A813783F2B8CBF69
:10D7F0009B0903238DF804301378C3F30402DB0084
:10D800008DF805208DF8063002F044FAA069002159
:10D810000CF03BFD236900201A7C0F4B53F82210BB
:10D820004FF47A7301F5FA71B1FBF3F16E3102F046
:10D8300055FB2369B3F85210587CFFF711FF20699C
:10D8400040300BF01EFB0123637302B070BD00BFBC
:10D85000881C0020380600207CC80400759C02004B
:10D860006B9C020061D401009DD10100139D020058
:10D870007F9C020081D601007DD1010091D1010081
:10D88000C9020200679C020010B50446D0F890005F
:10D8900002F08EFA94F8C00002F094FA1C4B18685B
:10D8A00002F012FC94F8A230217C012B03BFD4F8C3
:10D8B0009430D4F89820963BD4F89C3008BF9B1A3B
:10D8C000A1F1020218BF963BD2B2022A96BF1148BC
:10D8D000502030F912001B1A002B04DC40F2832187
:10D8E0001220F1F7AFFB022A97BF0A48082212184C
:10D8F00092799342B3FBF2F002D240F28621EFE735
:10D90000FF2828BFFF20BDE8104080B202F076B9A2
:10D91000A81C002054C70400F8B5077C0446BB1EB1
:10D92000DBB2022B97BF114A40F6480202EB4303D9
:10D930005A89D0F89C303846A3F19606964228BF03
:10D94000164602F0F7FD0A4BA46D53F82750F03C41
:10D9500005F2E7350444384602F0F4FD4FF47A73DB
:10D960002D1AA41BB5FBF3F02044F8BD54C70400E6
:10D9700068C80400D0F8C8202DE9F84380F80A11DF
:10D98000044613880D4641F27071A0F80B31002354
:10D9900080F80D31D369A3F57A70884295BF4FF4B2
:10D9A0007A7140F2E241B3FBF1F3B3FBF1F398BFBC
:10D9B00003F5506304F215119BB2A4F82131938C46
:10D9C000A4F82331D38CA4F82531002384F827311F
:10D9D00094F8A03084F828314FF0FF3384F82931CF
:10D9E00084F82A3194F8BF30B3B3537A012B33D182
:10D9F000D37B03F0C003402B2ED1D2F80A30C4F8F9
:10DA00001531D389DFF8B49004F20F1804F21B1714
:10DA10008B80D9F80000E8B300210AF03EFA0646F0
:10DA2000D9F800000AF011F9A5BB9EB3012831D145
:10DA3000737903F0C003402B2CD194F8BE00082862
:10DA400028D0424604F58771F9F70EFB40B940F241
:10DA500077411220F1F7F6FA0023C4F81531D1E727
:10DA600094F80E3143F0020384F80E313368C4F8A1
:10DA70001B31B3880822214604F20110BB80F9F75C
:10DA800071FFC5B9214604F22B100622BDE8F84308
:10DA9000F9F768BFD4F8C8309A7884F80E21D3F823
:10DAA0000320C4F80F21B3F80730A8F8043000238E
:10DAB000C4F81B31DEE7BDE8F88300BFA81C0020D6
:10DAC000044B054A9860054B1A60054B054A1A60DD
:10DAD000704700BFA81C0020A4E9010048060020F0
:10DAE00044060020B4E90100044B1B7B002B0CBF53
:10DAF0004FF49C704FF40570704700BFA81C0020C5
:10DB000038B50D46044601462846FFF7FDFC0021C6
:10DB1000FFF7EAFFA0F1900204F190000CF062FE22
:10DB200000212846F2F748FA0F4A802384F8A050D3
:10DB3000126884F8C130A264246484F8BA3084F88E
:10DB4000A5300A4B1B7BDB070DD500234FF0FF32BE
:10DB500084F844311933C4F840211434DBB284F81A
:10DB60003251132BF4D138BD44060020A81C0020EC
:10DB7000014B1873704700BFA81C0020184B2DE9FB
:10DB8000F0411B7B0446DB0727D590F8C130802B82
:10DB900023D090F8A23019221833B3FBF2F3DFB28E
:10DBA00023B940F22D211220F1F74CFA00F59A75B5
:10DBB00000264FF01408EB68013309D008FB064338
:10DBC00093F83C3123B90B2229462846F9F7CAFEBF
:10DBD00001361435F3B29F42EDD8BDE8F08100BFA5
:10DBE000A81C00200C4B10B51C6994F8C430042B01
:10DBF00007D8022B07D80BD02046BDE810400CF008
:10DC0000C7B8052BF7E72046BDE810400CF0D8B8A0
:10DC100020460CF0C3F8EFE7A81C00200F4B10B50E
:10DC20001C6994F8C430052B11D8DFE803F0150BFC
:10DC3000080303082046BDE810400CF0C1B8204698
:10DC40000CF0ACF82046BDE810400CF0A1B840F252
:10DC50005F611220F1F7F6F910BD00BFA81C00208B
:10DC600070B52B4D2C6900B959B994F8C430022B0A
:10DC700002D120460CF092F82046BDE870400CF02E
:10DC800087B894F8542094F8A1309A4204D940F20D
:10DC90008D511220F1F7D6F994F8C430012B2FD012
:10DCA000022B32D10523217C0E2084F8C430AB68CE
:10DCB0002B6001F0A3FF206802F07AF894F8C0000E
:10DCC00002F080F8286802F0FFF92868267C053009
:10DCD000F9F710FA287148B1033E012E8CBF502588
:10DCE000552501F05FF9284602F076FA237C033BC4
:10DCF000012BBDE8704094BF2820002002F04ABAF2
:10DD00002046BDE870400CF05BB84FF4B361C0E74B
:10DD1000A81C00200E4B10B51C6994F8C430042BCD
:10DD200006D8022B0ED840F279511220F1F78AF969
:10DD3000052BF8D120460CF031F82046BDE8104004
:10DD40000CF026B82046BDE810400CF039B800BFF2
:10DD5000A81C00202DE9F04FDFF8E48287B00446CC
:10DD6000C8F8100001F0B8FFB64B186802F096F939
:10DD7000606802F08DF994F8C470002F40F085823D
:10DD800094F8543004F14005FF2B02D128460BF0E3
:10DD900078F8284600F0DEFE94F854302BB9B4F839
:10DDA000521094F8A000FFF75BFC2046FFF7E6FE58
:10DDB00094F9543094F85410002B04DA40F2C14125
:10DDC0001220F1F73FF994F8A000F2F731F9C0F30F
:10DDD000072384F8C100C0F3074084F8C23094F8E8
:10DDE000A23084F8C300002B00F0148194F8C12005
:10DDF00094F854309A4240F00D8194F8C23084F87F
:10DE0000BC3004F1160694F8353073B1E38EB4F8E3
:10DE100052209B1A1BB2002B3ADC04F13801304629
:10DE200009F053FE002384F8353094F834307BB386
:10DE300004F138094846F9F72DFB48B3052204F1EF
:10DE4000170148460CF0BEFCF8B1012394F8BA1053
:10DE500084F835308029B4F8523003F10A02E286A2
:10DE60000DD0B4F8B8209A1A120406D494F8BB2046
:10DE70000A4494F8A1108A4201DD0B33E38694F83A
:10DE8000543013B1E38E0133E386002384F8343039
:10DE900094F854303046B4F8522003F07F032168E0
:10DEA0005A4009F02AFE84F8C000206801F080FF83
:10DEB00094F8C00001F086FF217CFF2001F09EFE57
:10DEC00094F90F0001F06EFFD8F8080002F0FCF89A
:10DED0000021D8F808000CF0D8F994F8A430002BF1
:10DEE00000F09A8002212046FFF744FD0726D8F86B
:10DEF00008000025072E0570457040F09B80012327
:10DF00002946C5704370067009F0D2FF2946A37BED
:10DF100094F8355063F3C3014DB1E38EB4F8522049
:10DF20000A3B9B1A1BB2002BCCBF002509273A469F
:10DF3000D8F8080009F0C3FFA37B83B1A089C0F320
:10DF40000B000BF01EFBA3892146032260F30B0399
:10DF5000D8F8080021F80C3F022309F07FFFA5B193
:10DF600042F60803072203A9D8F80800ADF80C30E0
:10DF7000A36BCDF80E3094F83C308DF81230E38E60
:10DF8000ADF81330092309F069FF94F8543094F880
:10DF9000C110994210D103AA002394F8A000F2F70F
:10DFA000A1F8BDF80C20014632B1072E04D1D2B23F
:10DFB000D8F8080009F0B7FF227C0020224B53F864
:10DFC00022104FF47A7301F5FA71B1FBF3F16E315F
:10DFD00001F084FF94F8003153B994F8BA30802BE3
:10DFE00040F0BB800922214604F1F800F9F7BAFCA1
:10DFF00094F8C270FF2F40F0E980052E40F0438175
:10E00000217C012002F00EF9022384F8C43007B00D
:10E01000BDE8F08FFF23F2E694F8542094F8A53081
:10E020009A427FF463AFD4F8C8102846052600F062
:10E03000EBFE5CE7D4F8C83043B940F21641BFE6C6
:10E04000A81C0020480600207CC80400052202709D
:10E0500022224270597A09F0EFFDD4F8C830D8F87E
:10E060000800D3F80A20C0F80320DB89A0F80730A5
:10E07000D4F8C830997809F0ECFDD4F8C830D8F855
:10E080000850D3F80320C5F80920B3F80730A5F8E5
:10E090000D30D4F8C8301B6AC5F80F30D4F8C8204A
:10E0A000936A190AEB741B0C29756B7592F87E1034
:10E0B000138E00294BD06420B3FBF0F3AB75D36A09
:10E0C000002947D06421B3FBF1F3EB75C3F30723B9
:10E0D00041F270712B76D369A3F57A70884295BFAF
:10E0E0004FF47A7140F2E241B3FBF1F3B3FBF1F389
:10E0F00098BF03F550639BB26B761B0AAB76938C8B
:10E10000EB761B0A2B77D38C6B771B0AAB77D2F895
:10E110009730C5F81F3092F89B3095F8242085F889
:10E120002330D4F8C83022F01F0293F8A23003F055
:10E130001F03134385F82430F8F71CFD95F82430AD
:10E1400003F01F0343EA401385F824301DE740F233
:10E15000E240B1E740F2E241B5E794F8541094F898
:10E16000A130013194F8A000C9B2B1FBF3F203FB76
:10E170001211C9B2F1F75CFFC0F307238DF80C0050
:10E180008DF80D30C0F30743C0B28DF80E308028F3
:10E190007FF42EAF94F8A120B4F8523094F85410C4
:10E1A000B4F8B80002FB031194F8BA3002FB003354
:10E1B00094F8BB0012040138013A034493FBF2F0D7
:10E1C00002FB10339942FFF613AF0BE798F80C30BF
:10E1D000DB077FF512AF94F8C3303B44FF2B02DD21
:10E1E0004FF4CC71ECE5DBB24FF0190E94F85420EB
:10E1F0004FF0140903F1FF3C1833019200225FFA3B
:10E200008CFCB7FBFEF8B3FBFEF3A3EB0803DBB219
:10E21000D0B283427FF6F1AE4044C0B209FB004564
:10E2200002F1010A95F83CB10BF0FF01BBF1000FC0
:10E230001FD15345DDF804B085F845B111BF19254C
:10E24000BCFBFEF50EFB15C5013508BFEDB22AB9C2
:10E250001921B7FBF1F201FB1272D1B20A464FF05D
:10E26000FF315FFA82FB5D4505D809FB0040C0F82D
:10E2700040115246CCE74FF0010B0BFA02FB013282
:10E2800021EA0B01EDE70123BFE6042F1FD194F82B
:10E29000A000F1F76FFFC8F80000A0B12046FFF71B
:10E2A000F3FA227C9721012001F018FE94F8C43083
:10E2B000042B7FF4ACAE2046FFF72EFB07B0BDE881
:10E2C000F04F01F035BF20460BF07AFDEEE740F24B
:10E2D0001F5175E52DE9F041C47C06460D461746F1
:10E2E0000F34FF2C28BFFF24042A2AD1A40104F5EF
:10E2F0003474B27C002A31D0BB1EDBB2022B97BF34
:10E300001E49502101EB4303198AF3688B4232D333
:10E31000013AB06803FB0200F13303EB00080BF095
:10E320009EFE44451AD208EB0004737C7068013BE2
:10E3300000FB03409630A8428CBF00200120BDE8BE
:10E34000F081032A03D1240104F5E774D1E7022AFE
:10E350000BBF0B340A34A400E400CAE7084B4FF4A7
:10E360007A7253F8273003F2E733B3FBF2F303F585
:10E37000AF731C44D9E70020E1E700BF54C7040095
:10E380007CC804000C4B30B51B7BDB0713D519226E
:10E39000B1FBF2F3DCB2142505FB040090F83C411C
:10E3A0004CB902FB13110123D0F84021C9B28B40B4
:10E3B0001343C0F8403130BDA81C00202DE9F843BC
:10E3C000714E0D46346994F8C43020B119B93068E3
:10E3D000C778BF0909D0052B02D120460BF0DEFC1F
:10E3E0002046BDE8F8430BF003BDDA1E012A3ED8F3
:10E3F000037803F00F03072BF2D109F02EFE00285B
:10E40000EED0F9F70BF8804694F8A00006F0A4FCD3
:10E41000054620B94FF4B5611220F0F713FE94F8C9
:10E42000543080F80280037094F8BC30013BC37014
:10E4300094F8A00006F09FFC2F730A222146281DA5
:10E44000F9F790FA306809F084FDF42806D96F7561
:10E450000A22214605F10D00F9F784FA2046E978F1
:10E46000FFF790FF2046BDE8F8430BF0A9BC052B51
:10E47000B6D1037803F00F03082B7ED109F008FE14
:10E4800000287AD094F8C430052B02D040F2036102
:10E49000C2E7D4F8C83013B940F20461BCE7306871
:10E4A000C3789F0667D0037903F00303032B62D17F
:10E4B00009F0CBFB00210746306809F0EEFC94F828
:10E4C000BE908046B9F1080F07D035792DB109F01B
:10E4D00052F9A9EB00014D424D41D4F8C820414604
:10E4E0003846D31C927809F011F90DB9002842D0B2
:10E4F000306809F0B5FB01210746306809F0CDFC12
:10E50000D4F8C85094F8BF30064695F809900A35FB
:10E5100094F8BE8023B14046F8F7F8FE0346F0B900
:10E520002B46012F1ED1757905F0C005A5F14002DB
:10E53000554255414A463146384609F0E7F898B108
:10E54000D4F8C8000BF043FA00212046FFF712FA76
:10E5500020460BF01DFCBDE8F843F2F7A5BF4FF0D5
:10E560000109DEE70025E5E72DB131464046F8F721
:10E5700093FE0028E4D13E21E7E720460BF00EFC95
:10E58000F2F792FF2CE700BFA81C002030B5027CF8
:10E590004FF47A74931EDBB2022B97BF1D494FF4E0
:10E5A000B07501EB4301CD8A1B4951F8221001F5EA
:10E5B00015513F31B1FBF4F404F19C012944D51EFF
:10E5C000012D15D82831134D05EB43039B8B1944BE
:10E5D00090F8A3300F33FF2B28BFFF23042A0BD161
:10E5E0009B0103F53473E018884238BF084630BDFC
:10E5F000022BE8D9C023EAE7032A03D11B0103F564
:10E60000E773F0E7022A0BBF0B330A339B00DB00F2
:10E61000E9E700BF54C704007CC8040010B590F8B7
:10E62000C4200346032A22D1D0F89840007C821EE1
:10E63000D2B2022A96BF194940F6480131F81210A9
:10E64000D3F89C2093F8BC30013B02FB0344963A7C
:10E650008A4294BFA418641801F074FF00F52240A8
:10E660004FF47A73B130B0FBF3F0204410BD042AAC
:10E6700010D1007CD3F89C40821E963CD2B2022A74
:10E6800096BF074940F6480231F81220944228BF4D
:10E690001446E1E7BDE81040FFF778BF5EC704000D
:10E6A0005EC7040038B5044690F8A0000D46F1F7A7
:10E6B00061FD0B4B186010B90025284638BD204677
:10E6C000FFF7E2F82946227C01200BF0D5FD054634
:10E6D0000028F1D02046FFF71FF901F029FDECE7F3
:10E6E000A81C00202DE9F74F063A04460D46052ADE
:10E6F00000F2CC80DFE812F04101CA0011010600EF
:10E700007B00DD0022230B7090F8A030B0F852801F
:10E71000CB7090F85460FF2E04D0013690F8A130F1
:10E720009E422EDB08F1010800261FFA88F8002718
:10E7300094F8A120FBB29A4209D9314694F8A0007E
:10E74000F1F776FC94F8A130C0B280281BD14FF0CD
:10E7500000095FFA89FA0AF10107FFB2B9F1000F67
:10E760001CD109F1010994F8A1205FFA89F39A42BA
:10E77000EFD894F8A130BB4228D2D3211220F0F771
:10E7800061FCF6B2D3E7013601379E4205BF08F1BE
:10E7900001080026F6B21FFA88F8C9E794F8A1B07C
:10E7A000394630465A46F1F763FC68B906EB090171
:10E7B00094F8A000B1FBFBF30BFB1311C9B2F1F706
:10E7C00037FCC0B28028CCD05746D2E710220021B7
:10E7D00004F1A8002E716F71A4F8B88084F8BA60B3
:10E7E00084F8BB7003B0BDE8F04F0BF0FBBF90F8AE
:10E7F000A00006F0CFFA074694F8A00006F0DCFA75
:10E800002323022180462B7094F8A030DFF89091EA
:10E81000AB7003783846EB7000232B7101236B71CA
:10E8200009F03BFB06218246384609F036FB834659
:10E83000384609F08EFB99F8143005F10C01C61A20
:10E840003846F6B2F42E324628BFF42209F089FB8E
:10E85000BBF1000F1DD09BF90030AB7198F802306E
:10E86000EB71BAF1000F16D09AF800309B09032B18
:10E8700098F8032008BFFF23F42E6A722B720CD97C
:10E880000123AB72F423EB7289F8143003B0BDE8B6
:10E89000F08F7F23E1E7FF23E9E70023EE72AB72FD
:10E8A00094F8A00089F8143003B0BDE8F04F06F0EA
:10E8B0008CBA232300224FF001084FF006090B7099
:10E8C0004FF07F0C837C4FF0FF0EC7688B70437C4A
:10E8D0000A71CB70114608FA02F0384011D109FBD9
:10E8E00001F601310636C9B2AB1905F806C083F846
:10E8F00001C083F802E0267C83F804E016445871D6
:10E90000DE700132192AE6D111B94FF4997135E759
:10E910004FF0FF336971E360B8E7132300F5957298
:10E9200005F8033B00F5857353F8041B934245F843
:10E93000041BF9D11B782B7094F80A318BB1D4F8F1
:10E94000C83000211888F1F7B5F810B140F2411134
:10E9500014E7C4F8C800802384F8A53084F8A40024
:10E9600094E7F8F7D7F84B0490D5D4F8C830188856
:10E9700003B0BDE8F04F07F02FBA06230B70D0F8B4
:10E98000C8301A88A1F8032093F896304B71002301
:10E99000C0F8C830802280F8A52080F8A430DFE7D6
:10E9A000A81C002015DD0100BDE3010061DC0100B1
:10E9B0001DDC01001DE60100899D020055DD0100FE
:10E9C000F19D0200E5DB0100C90202008D9D0200FD
:10E9D0002DE9F041054686B0072900F2B580DFE851
:10E9E00001F004A71A1A15B3AAB08069E63803F03B
:10E9F00089FA20B940F291113420F0F723FBAB687B
:10EA000028689B6806B0BDE8F041184706B0BDE82D
:10EA1000F04101F059BC076897F8BC3097F8A22084
:10EA20009A4271D9D7F898404FF00008D7F894204F
:10EA3000007DD5E90816641846F10006E2FB0046A1
:10EA40000BB9AF21D8E7D7F89C20013B2846E2FB61
:10EA500003460BF024FAAB6801908DF80980286812
:10EA60005B688DF80080CDE9044698478DF8080072
:10EA7000684603F035F908B9BD21BDE7049B059A46
:10EA80001B1B62EB0602002A01DABF21B4E76FF01C
:10EA90000101994278EB020801DAC021ACE71A4380
:10EAA000D7F89C2097F8A21008BF012302F1FF3885
:10EAB000984497F8BC30B8FBF2F85FFA88F8434402
:10EAC0008B4221DCDBB2D7F8980087F8BC30013BE1
:10EAD00002FB03000BF0C3FA293CD7F89C306946CF
:10EAE00046F1FF36E8FB0346019B241A03EB400383
:10EAF000284666F10006AB610193CDE904460BF0B0
:10EB0000D6F906B0BDE8F0810023384687F8C43056
:10EB1000FFF734F82A460E49287903F04BF808B974
:10EB2000F22169E7284606B0BDE8F0410BF0CCB908
:10EB300040F29D1160E783681B6906B0BDE8F041B3
:10EB4000184740F2A31157E74FF4D37154E700BFC1
:10EB5000D99F0200027DFF2A04D1002202490275DA
:10EB60000AF0E3B9704700BFD99F02002DE9F04FCA
:10EB7000076889B0044697F8BC3097F8A2209A42FB
:10EB800004D840F2BF113420F0F75CFAD7E92652DE
:10EB900002FB035528460BF062FA834603F05CF94A
:10EBA000A669814600913618207D41F10003D7F80F
:10EBB0009410D4E90882E1FB008215EB080542F1CC
:10EBC000000AAE4273EB0A0224D2AE1B6AEB0303C7
:10EBD00097F8BC2038460193013287F8BC2040F2F8
:10EBE0000F12964273F100012CBF012100210BF09E
:10EBF00052F940F20F12019B9642534E73F10003FB
:10EC000056D322465149207902F0D4FF28B94FF457
:10EC1000F071B8E700263346DAE72168204694F819
:10EC2000149091F8BC80D1F894A008F1FF380091BD
:10EC3000D4E90875D1E92632293F02FB083845F1AD
:10EC4000FF350BF02CF900994FF47A72EAFB097545
:10EC50000B7C56F82330002603F2E7338DF808606A
:10EC6000B3FBF2F3DB1945F1000513EB080345F1A3
:10EC70000005B3EB0B0700EB4B0BA36865F1000538
:10EC800020685B68CDF80CB0984702A98DF8100099
:10EC90002046C4F818B08DF81160CDE906750BF068
:10ECA00006F901F08BF902F03EFF09B0BDE8F08FE4
:10ECB0004D45009B7AEB030A02D240F2E71162E76E
:10ECC0003B7C204656F823600BF0E9F8A9EB0803DB
:10ECD0000BEB000A002BC4BFA8EB0908C244D4F810
:10ECE0001880C2451DD9A36820685B689847014613
:10ECF000AAEB0800192838BF192003F01EF830B11C
:10ED0000A3683846DB6809B0BDE8F04F1847AAF1A0
:10ED1000E600C4F818A003F0F5F810B94FF48971B3
:10ED200031E706F2E7314FF47A732068B1FBF3F173
:10ED30006E312944A1EB0B01A1EB0901FFF7B2FCF5
:10ED40000028B2D1DCE700BF7CC80400D1E9010093
:10ED50002DE9F04387B0044605680AF05DF830B944
:10ED600001F02CF907B0BDE8F04302F0DCBE237DD2
:10ED700095F8A120013393422DDA224621492079CA
:10ED800002F018FF20B940F203213420F0F75AF9BD
:10ED9000D5F894902046257D0BF081F80646019029
:10EDA00001352068D4E90832EDB2E9FB05320025CF
:10EDB0001F46A36890468DF800505B6898476946E7
:10EDC0008DF808002046A6618DF80950CDE9047839
:10EDD0000BF06DF8C4E7FF23204601212375F9F7F6
:10EDE000DBFD084920460AF0A0F8D5F89810D4E9D0
:10EDF00008325B1842F10002C5E9343207B0BDE8C1
:10EE0000F08300BFD99F020003682DE9F04F1F7CFB
:10EE100085B00E46047D3946D3F89450D0E908B247
:10EE20000120A5FB0454039208F0D6FD8246384623
:10EE300001F088FB304B1BF16C0B039A53F8273021
:10EE4000A7F1020742F100028046FFB203F2E73960
:10EE50004FF47A73022FC84494BF28494FF4B07717
:10EE6000B9FBF3F398BF31F8177015EB0B0544EBC2
:10EE70000204ED1844F1000315EB0A0443F1000508
:10EE80000AF075F84FF47A735430B8FBF3F8B4EB2A
:10EE9000080465F10005E41945F10005241A65F13F
:10EEA0000005CDE90045F269D6E972010AF06DF876
:10EEB00096F87E307BB16422B0FBF2F353434FF4FB
:10EEC000FA72C11A8A42F36232860DD840F28F215B
:10EED0003420F0F7B7F840F2E242B0FBF2F35343CC
:10EEE00041F66A02C11AEDE7001945F10005C6E9CD
:10EEF000720505B0BDE8F08F7CC8040076C7040039
:10EF0000014B1870704700BF1A1D0020064B1B688C
:10EF1000D3F8000138B1D3F8040120B1D3F80801C7
:10EF2000B0FA80F04009704754200020034B0022C3
:10EF30001A705A7010229A70704700BF1C1D002072
:10EF4000F8B50646022014460D4600F09FFA114B14
:10EF5000114A0127191D5C609A6002F18072033426
:10EF60002D011F70DC601D83C3E9042600222433B9
:10EF700003F80A2C0D2203F8092C084A1268C2F87B
:10EF800030150749C2F80875C2F8383503C983E857
:10EF90000300F8BD1C1D00200300000B54200020BE
:10EFA000A0C7040008B5022000F070FA0D4B012242
:10EFB0001A7000220C4B1B68C3F80021C3F804210F
:10EFC000C3F80821094AC3F88020094BC3F88C20F4
:10EFD000084B1B68C3F88C210822074BC3F8042593
:10EFE00008BD00BF1C1D002054200020030000802D
:10EFF000003008506020002000200450154A08B559
:10F000001378FBB1144B19680023C1F88030134901
:10F01000C1F88C3012490968C1F88C310821114BB4
:10F02000C3F80815FFF772FF88B101235370938E60
:10F03000FF2B03D9BA213B20F0F704F8DBB2937021
:10F04000002313700020BDE8084000F01FBA102311
:10F050005070F4E71C1D00205420002000300850A0
:10F06000602000200020045008B5022000F00EFAB5
:10F070000121064B00221970054B1B68C3F80021C3
:10F08000C3F80421C3F80821196008BD1C1D002025
:10F09000542000200A4B1A786AB10A4B1B68D3F837
:10F0A000002152B1D3F8040140B1D3F80801B0FAFD
:10F0B00080F040097047587870470220704700BFC1
:10F0C0001C1D002054200020064A08B513782BB1DF
:10F0D000FFF71CFF20B192F8340008BD9078FCE7E0
:10F0E0001020FAE71C1D00200A4B02211A68002399
:10F0F000C2F88030084AC2F88430084A1268C2F860
:10F100008431074AC2F8081502F58022C2F8083592
:10F11000704700BF582000200030085060200020B9
:10F1200000200450024B00221A809A70704700BFE2
:10F13000541D00202DE9F843064601200C46914657
:10F1400098469DF8207000F0A1F906F00301294BC4
:10F1500029481D6841EA084380F8048043F0807321
:10F16000C5F80435FFF7C0FFE368A0F8069093FAEE
:10F1700083FCA36819BA63681ABA2368C5F810C576
:10F180001BBAC5F81415C5F81825C5F81C35E36970
:10F19000A16993FA83FC09BAD4E9042E94F82040BB
:10F1A000130AC5F820C5003C4FEA026243EA0E6329
:10F1B000C5F8241518BF012412BA23F00043022F0A
:10F1C00043EAC4731BBAC5F82835C5F82C250CD8FA
:10F1D0000A4B022EC670DB5DC5F848354FF00103BF
:10F1E000437000D80370BDE8F88340F2E5113C207D
:10F1F000EFF728FF58200020541D0020A8C7040066
:10F20000304B5A782DE9F04704460D4622B94FF4A9
:10F2100007713C20EFF716FF2B4A03F10C0E4F78D5
:10F2200003F1140603F13C0CDFF8A0904FF00E0838
:10F230001F811F8503F14C0A0437DD61C3F820905C
:10F2400083F82B80A3F8607092E80300C3E91549A6
:10F250008EE80300D2E9020186E80300E91C0026DB
:10F26000596283F82A60D2E90401C3E90B668CE88D
:10F270000300611C596416499964D2E90601E21C35
:10F280008AE80300DA65012183F8626083F863800D
:10F29000D8789970C3E91966AA78A2700D4A1268E5
:10F2A000C2F830E5C2F838C540B91B780BB9E32184
:10F2B000AFE7C2F804011160BDE8F0871970C2F829
:10F2C0000461F8E7541D0020ACC704000100000DE4
:10F2D0000100000C58200020334B5A782DE9F041F2
:10F2E00004460D4622B94FF412713C20EFF7AAFEF6
:10F2F0002E4A03F13C0C03F14C0603F10C07DFF836
:10F30000B080DFF8B0E0C3F848805D65C3F858E02E
:10F3100092E80300C3E9094E8CE80300691C5964B4
:10F32000D2E9080186E80300E91C0026D9652249D4
:10F330009E6683F83260C3E91816D2E9040187E8B3
:10F340000300611CC3E90518D2E90601E21C03F1C0
:10F350001C08DA62DA881A860E2288E8030083F82D
:10F3600033200121C3E90D66AA789970A270134A6F
:10F370001B781268C2F830C5C2F8387513B940F26C
:10F380000F11B2E70E4BC2F80461C2F880300D4A8B
:10F39000C2F884300C4A1268C2F8843102220B4B46
:10F3A000C3F80425BDE8F081541D0020ACC704005B
:10F3B0000100000C0100000DE803000E58200020A1
:10F3C0000100008000300850602000200020045020
:10F3D000054808B503781BB1FFF786FE00230370CC
:10F3E00000234370837008BD541D002008B5084BEE
:10F3F0001B68D3F8042122B94FF422713C20EFF7A7
:10F4000021FED3F80004003818BF012008BD00BF5A
:10F4100058200020024B01221B685A60704700BF31
:10F420005820002038B50A4D00242B68D3F8002559
:10F43000032A04BF01225A60064A1268C2F8004536
:10F44000C3F80045FFF7C4FF2B68C3F8804038BD00
:10F4500054200020582000200A4BB3F90030002B24
:10F460000DDB5A09012103F01F03994002F120032B
:10F47000054A42F82310BFF34F8FBFF36F8FFFF79A
:10F48000D1BF00BF6C20002000E100E010B50446B1
:10F49000FFF7C8FF012C06D0022C0AD044B18C2102
:10F4A0003D20EFF7CFFD084B02221B68C3F8002573
:10F4B00010BD064B03221B68C3F8002502F1004271
:10F4C000C3F88020F4E700BF58200020542000201B
:10F4D000024BD3F8A00300F00100704700C0FF000A
:10F4E000084BD3F8A423D3F8A833511C9BB203D103
:10F4F0004FF6FF718B4203D002608380012070477A
:10F500000020704700C0FF000B4B30B5D3F890537C
:10F51000D3F89443D3F89813D3F89C2305EA040353
:10F520000B401340013317BF056000204460816029
:10F530001CBFC260012030BD00C0FF000B4B30B5C6
:10F54000D3F88053D3F88443D3F88813D3F88C23AB
:10F5500005EA04030B401340013317BF0560002088
:10F56000446081601CBFC260012030BD00C0FF004C
:10F57000074B0022C3F80022C3F81822C3F8202248
:10F58000C3F80C22C3F81422C3F81C22704700BF32
:10F5900000A0085010B50D4C01F03F01D4F8203EFA
:10F5A00041F40C3123F4702341F4207143EA024307
:10F5B000074AC4F8203E536A23F0030318435062FD
:10F5C000C4F8000DC4F8101D10BD00BF00A0085005
:10F5D000C81D0020064B10B50024C3F87043224616
:10F5E00021462046FFF7D6FF024B83F85C4010BD52
:10F5F00000A00850C81D0020024B00221A809A70FB
:10F600001A717047C81D0020EFF3108272B60D4BBF
:10F6100093F85D1021B19B78012B04D0022B0ED002
:10F6200002B962B6704710F0040FF9D1064B002101
:10F63000C3F8401503F5A04301211961F0E710F06C
:10F64000020FF2E7C81D00200050085008B5114B0A
:10F6500083F828000138104B072815D8DFE800F0A0
:10F6600004080A0C140E10120322C3F8002508BD6A
:10F670000422FAE70622F8E70522F6E70022F4E77B
:10F680000122F2E70F22F0E740F6EC613E20EFF7AF
:10F69000D9FC00BFC81D002000A00850002814BFDE
:10F6A0000223042307B58DF8043000238DF80630BB
:10F6B00002F0A4FB01284FF0FF3088BF00208DF836
:10F6C000050001A804F0C2FA20B140F692413E20A4
:10F6D000EFF7B8FC04F0D2FA58B15723ADF8023076
:10F6E000BDF802309BB25A1E92B2ADF80220002B38
:10F6F000F6D1034B012283F85D2003B05DF804FBD3
:10F70000C81D002038B5144D0346084695F83D2025
:10F7100022B940F6B2113E20EFF794FC6BB9012AF2
:10F72000AC6B95F83C1005D100F0A2FF20442B6B88
:10F73000C01A38BD0AF0AFFDF8E7012B0AD1012A43
:10F74000AC6B95F83C1002D100F084FFEEE70AF0B4
:10F75000ADFDEBE70020EAE7C81D002008B5144B1B
:10F7600093F84A30D90720D59A070ED5114BD3F814
:10F77000002442F00102C3F80024D3F8200500F071
:10F78000F600023818BF012008BD5B070DD5094BF4
:10F79000094AC3F80821A3F5A043D3F8403123B1A7
:10F7A00040F28A713E20EFF74DFC0120ECE700BFEC
:10F7B000C81D002000A008500B00008007B50B4AB0
:10F7C00001AB92F9292000F0A3FF9DF8050001F09C
:10F7D00027F820B140F255713E20EFF733FC9DF938
:10F7E000040000F0D3FE03B05DF804FBC81D002048
:10F7F00008B5134BDB8D952B21D970B9114B2831EE
:10F800001846D960104900F0F3FF0130012816D9DD
:10F8100040F66D013E20EFF715FC01280CD1094B95
:10F8200029311846D960084900F0E8FF0130012865
:10F8300005D940F67701EDE740F67B01EAE708BD20
:10F84000C81D002088000020D4C7040008B50E4B56
:10F85000DA8D952A16D99B78012B09D100F0D4FFB7
:10F86000013001280ED940F604213E20EFF7EAFBD3
:10F87000022B07D100F0CEFF0130012802D940F65B
:10F880000A21F2E708BD00BFC81D00200A4B40F462
:10F8900009000A4A9B8D40F04000B3F5166F36BF51
:10F8A000A3F63813A3F5166343F48073C2F8083740
:10F8B000C2F84005704700BFC81D002000A00850D6
:10F8C00010B50C46FFF7C2FE2046FFF7DFFF0D4BD9
:10F8D000D3F8002442F01002C3F800240A4A92F838
:10F8E0002820082A0BBF4FF4817240F20312C3F89C
:10F8F000442EC3F8442E14BF40F25B62034AC3F89F
:10F90000482E10BD00A00850C81D00202110010085
:10F9100007B50DF1070004F0A5F920B140F6D54177
:10F920003E20EFF78FFB0D4A9DF807309278012AB1
:10F9300004D0022A0ED003B05DF804FB13F0040FCC
:10F94000F9D1074B0022C3F8402503F5A04301225B
:10F950001A61F0E713F0020FF2E700BFC81D0020A4
:10F960000050085038B50C460546FFF76FFE20469C
:10F970002146FFF78BFF2846FFF720FF0A4B93F83D
:10F980002830082B094B0BBF4FF4817240F2031251
:10F99000C3F8442EC3F8442E14BF40F25B62044AFD
:10F9A000C3F8482E38BD00BFC81D002000A0085075
:10F9B00021100100F8B507460C4616463C4DFFF7EE
:10F9C0006DFE002F3ED10123AB702B78012B22D18D
:10F9D000384B4FF47A7233F8163003F5FA73B3FBF1
:10F9E000F2F3E41A2B6B344E1C44344BC6F84045FA
:10F9F000C6F8C0312B78002B46D195F84A3043F039
:10FA0000020385F84A30FFF7A9FE0546002842D1D7
:10FA100000252846F8BD95F82A103046FFF7A2FFCA
:10FA2000274B4FF47A7253F8263003F5FA73B3FB81
:10FA3000F2F3E41A2B78002BD4D1224B1F4AC3F8DF
:10FA40000021CFE7012F1AD10223AB702B78012BB5
:10FA500007D11C4AD2F8003443F01003C2F8003436
:10FA6000C0E795F82A103046FFF72AFF2B78293C8B
:10FA7000002BB7D1134B114AC3F80421B2E74FF45E
:10FA800013613E20EFF7DEFA012BBCD195F84A3026
:10FA900043F00403B5E70123F364D6F84C35A342E1
:10FAA000B6DA21463846FFF7A3FEFFF731FFB0E78D
:10FAB000C81D0020A0C80400005008500B000080A2
:10FAC0007CC8040000A0085008B56022002103484B
:10FAD0000AF088FEBDE80840FFF78EBDC81D002073
:10FAE000014BD885704700BFC81D0020024B03445E
:10FAF000187D00F516607047D4C70400014B93F8D9
:10FB00003C007047C81D00200B4B0C4A93F83C107A
:10FB1000D3E90D3002EB8102C01AD36B126D184489
:10FB2000074B53F8213003F2E7339B1A4FF47A72F4
:10FB3000B3FBF2F318447047C81D0020D4C704007B
:10FB400068C80400024B986B1B6BC01A704700BF5B
:10FB5000C81D00200A4B93F83C20D3E90C30C01A92
:10FB6000084B03EB8203DB6BC01A074B53F82230C0
:10FB70004FF47A7203F2F313B3FBF2F3C01A704737
:10FB8000C81D0020D4C7040068C8040007B502F0EF
:10FB900063F9074B9A6D0092D3E9142302F0C7F979
:10FBA0000146FFF7D7FF401A03B05DF804FB00BF22
:10FBB000C81D002008B50F4B93F83C104A1ED2B266
:10FBC000032A04D940F2C6213E20EFF73BFAD3E9DD
:10FBD0000C30C01A084B03EB810103EB42034FF4D6
:10FBE0007A72C96BB3F86430401AB3FBF2F318446D
:10FBF00008BD00BFC81D0020D4C70400FF2810B5F1
:10FC000004D940F2E5213E20EFF71CFA1F4B0139E1
:10FC1000A3F8480007292AD8DFE801F02C310404B2
:10FC2000292C2C220024032201214FF0C743234317
:10FC300040EA024043EA015340F0007043EA0123E6
:10FC4000134943F00803C1F8203EC1F8280ED1F84B
:10FC5000203503F0F703032B17D14FF45671D2E789
:10FC600000224FF080644FF000731146DFE740F24E
:10FC70004131C8E70024032201212346D7E70024AD
:10FC8000032201214FF08073D1E710BDC81D002071
:10FC900000A0085008B50A4603460C490C48C1F8B4
:10FCA00070031878032804D040F2AD313E20EFF7FE
:10FCB000C9F9012A59780CBF08220022FFF76AFC13
:10FCC000044B012283F85C2008BD00BF00A008504F
:10FCD00006000080C81D00202DE9F041284F4FF498
:10FCE0008068C7F89080BFF34F8FBFF36F8F254DAB
:10FCF0000121254C0026C5F8A410FFF739FC032389
:10FD0000C5F8401E84F82810C5F800354FF40023CC
:10FD1000C5F800341D4B187C00F094FD03F0E6FE9E
:10FD20001B4B1C4AC5F838331B4BC3F8C820013A9B
:10FD3000C3F8C42040F6FE72184BC5F81433184BB4
:10FD4000C3F80425A687A66384F84A6002F0E5F8A4
:10FD500096232063E385D5F8003D84F85C606362F8
:10FD60004FF48073C7F89081C5F88834236EC7F8C4
:10FD7000108003B19847BDE8F04100F02DBD00BFF1
:10FD800000E100E000A00850C81D0020880000200D
:10FD90000300008006000080005008500100008031
:10FDA00000200850014B83F829007047C81D00202F
:10FDB000020E034B0002C3F8342EC3F82C0E70471A
:10FDC00000A00850044B054A034482F82A001B7D1A
:10FDD00003F5166393857047D4C70400C81D00203F
:10FDE00010B504460068FFF7E3FF094B6268C3F8EB
:10FDF0004C2E207AFFF7E6FF617A6089FFF7FEFE5E
:10FE0000607AFFF723FC227B024B83F8292010BD88
:10FE100000A00850C81D0020F8B52C4C06460F461F
:10FE200094F84A30DB0704D440F6BE013E20EFF7D9
:10FE300009F9274DFFF732FCD5F8003443F00103F0
:10FE4000C5F8003494F84A3043F0020384F84A308D
:10FE500036BB012394F82A103846A370FFF782FDC1
:10FE6000A378012B02D040F6CA01DFE7194AD36418
:10FE70002B60184B3046D3F84C552946FFF7B8FC99
:10FE8000FFF746FD236BED1AEEB9134B4FF47A7270
:10FE900053F8273003F5FA73B3FBF2F35819F8BDA2
:10FEA000012EE6D1022394F82A103846A370FFF7FA
:10FEB00007FDA378022B02D040F6D201B6E7054B2E
:10FEC000DE646E60D5E705F12900E8E7C81D002073
:10FED00000A00850005008507CC8040008B5FFF787
:10FEE00069FD58B9064B0122C3F8400503F5A0434C
:10FEF00002201A61BDE80840F7F754BD08BD00BFF5
:10FF00000050085073B5294B4FF48061284A4FF0D8
:10FF1000FF30D3F88844C3F89004C2F890114FF42E
:10FF20000022244904F48074C3F800240022224EE5
:10FF300086F84A20C1F84025C3F80821C3F80021FB
:10FF4000C3F80421D3F82015C9B2D1B18DF8070048
:10FF5000C3F8202201221A619DF8072012B1D3F8BC
:10FF600020223AB19DF807305BB940F6F2113E20ED
:10FF7000EFF768F89DF80720013AD2B28DF8072014
:10FF8000EAE7FFF763FC094D0023C5F82032FFF7CD
:10FF900033FB96F85C300BB1FFF71CFB1CB14FF440
:10FFA0008073C5F8883402B070BD00BF00A008504F
:10FFB00000E100E000500850C81D0020F8B5002204
:10FFC0002E4B2F4EC3F84825C3F84425C3F84025CF
:10FFD000C3F84C25FFF796FF00F004FC96F85D305F
:10FFE0004BB103F039FE20B140F2FA513E20EFF759
:10FFF00029F886F85D00002003F03AFE044610B1AF
:020000040002F8
:1000000040F2FD51F2E71D4D1E4FC5F8C401C7F87F
:100010000801C7F80001C7F80401C5F8C800C5F811
:10002000C40003F07BFD184B40F6FE72C7F838435E
:10003000C7F81443C5F8C041C3F808254FF48062DF
:10004000124B3477C6E90D44C5F84845C5F8444518
:10005000C5F84045C5F84C45C5F84841C5F8444188
:10006000C5F84041C5F84C41C3F89020BFF34F8F0D
:10007000BFF36F8FC3F89021F8BD00BF0050085048
:10008000C81D002000A008500020085000E100E03A
:10009000014BC3F84C0E704700A0085038B5044619
:1000A000074803F0E5FD20B140F65A213E20EEF767
:1000B000C9FF044D94E80F0085E80F0038BD00BF6C
:1000C00009F601002C1E002008B50B4BC3F8D00E1A
:1000D0000A4B93F84A20586442F0010283F84A2000
:1000E000FFF73CFB30B9FFF70DFF0320BDE80840E8
:1000F000F7F758BC08BD00BF00A00850C81D00207D
:10010000094B10B5C3F8D00E084B93F84A20586439
:1001100042F0010283F84A20FFF720FB044608B9A9
:10012000FFF7F0FE204610BD00A00850C81D0020BB
:10013000144B1A6B10449A6B824210B5124C09D3BF
:100140000220F7F72FFC00230122C4F840350F4BA3
:100150001A610DE0012218621A776264D4F84435FE
:100160000533834205D3094BD3F80C120029EFD095
:1001700010BD0023C4F84431054BC4F84405C4F84D
:10018000C431F5E7C81D00200050085000A00850F9
:100190000900008038B50E4C0222034694F83D5009
:1001A0002277012D94F83C1094F82820E08D0BD193
:1001B00000F06AFA074A00232062C2F84431A36BB8
:1001C0000344C2F8443538BD00F078FAF2E700BFC6
:1001D000C81D002000500850044BC3F8940ED3F8FB
:1001E000002442F04002C3F80024704700A00850E9
:1001F000054BD3F8002422F04002C3F8002400226B
:10020000C3F8942E704700BF00A00850044BD3F8E9
:10021000183703F07F035B4203700120704700BF73
:1002200000A00850184B10B5DC8DD9704C2C8CBF39
:10023000002201221A70021E14BF022001204C2C41
:10024000587011D893F82800884204D040F6E43161
:100250003E20EEF7F7FE012A0C4906D1D1F8003412
:1002600043F00803C1F8003410BDD1F8004444F055
:100270000404C1F80044002AF6D193F82A10BDE81E
:100280001040FFF79BBA00BFC81D002000A0085017
:10029000054B0022C3F84025044AD2F82035DBB2D2
:1002A0000BB10123136170470050085000A00850A3
:1002B000044B30B5D3E914459B6DC0E900450B6094
:1002C00030BD00BFC81D00202DE9F84F944C01231C
:1002D000944DB4F848B0EB64236BD5F84C75FF1A15
:1002E00001F01EFCA765C4E91401FFF7AFFA8E4ABE
:1002F0000023C2F80831C2F80031C2F80431D2F844
:10030000001421F01D01C2F8001484F84A30237F44
:1003100023B1D5F84431003B18BF0123A17801294E
:100320000AD1D2F81852002D3BD17F4BD3F820329E
:10033000ABB145F0100512E0022930D17A4AD2F86B
:100340001852D2F80C2E003D18BF0125D6074FEAEF
:10035000450558BF45F00405EBB145F00105FFF731
:1003600007F9E806A27803D5012A08BF45F0200561
:100370006C4B022AD3F84815A163D3F8443584F8AE
:100380003D20636394F8283019D163B940F26721A6
:100390003E20EEF757FE15F00B0FE0D1C5E7002524
:1003A000C3E70825DBE7DA1E012A08D85E4BD3F83D
:1003B0001C3E13F006031AD0022B1AD103234FF070
:1003C000010994F8018084F83C30B8F1000F14D191
:1003D000FFF712F984F81C80002694F85C300BB10A
:1003E000FFF7F8F8E90756D5636E98476AE00423EB
:1003F000E5E704234FF00009E3E715F0110F0ED1F4
:10040000B8F1010A2379267818BF4FF0010A012BB1
:100410001FD0022B30D02BB14FF44561B8E7FFF766
:1004200071FDD9E7E18D5046FFF76CF90146FFF702
:10043000E3F8012E2AD1B8F1010F14BF272333238B
:100440001F448F421DD90220F7F7ACFA364B1E61CC
:10045000C3E73648FFF7C4FC94F83D3013B940F6C3
:10046000B50195E7012B04D1FFF7A4FBA369C118DF
:10047000DDE7FFF76FFBF9E72C48FFF7B1FCA16957
:10048000D5E7284B00222670C3F84021E278504679
:10049000FFF724FDA0E7AA0727D5636C5B785B45CF
:1004A00088BF45F00405B9F1000F02D145F00405FD
:1004B0000126C5F38000A36E314680F0010000F0F4
:1004C00001009847A378022B0DD1237F5BB1022B4B
:1004D000144A19D1A36B216A0B44C2F84435114B5D
:1004E000134AC3F8C421BDE8F88F15F0280F05F0B2
:1004F000200105D0B1FA81F1E36E30464909E0E709
:10050000EB06DFD5236F70E7012B02D040F6AF5129
:100510003EE7236AA16B8B42DFD84FF45B6137E77C
:10052000C81D00200050085000A00850D01D002019
:1005300009000080024B03EB8003D86B704700BFBB
:10054000D4C70400024B03EB8003186D704700BF53
:10055000D4C70400F8B501230D464778014643701F
:10056000044628461646FEF74BFE074B1A68D2F89B
:100570000431002BFBD0677016B9EB78A370AB7019
:100580007B1E58425841F8BD582000202E3008B537
:10059000362854D8DFE800F05053535353534D538B
:1005A000535353535353535353534B535353535323
:1005B000585358534953475345534353413F3D3B89
:1005C00039373533312F2D2B29272523215A1C006C
:1005D0003F231F4AC2F8103708BD3323F9E72D2304
:1005E000F7E72823F5E72323F3E71F23F1E71B238E
:1005F000EFE71823EDE71523EBE71323E9E71123D2
:10060000E7E70F23E5E70D23E3E70B23E1E70A2301
:10061000DFE70923DDE70823DBE70723D9E7062324
:10062000D7E70523D5E70423D3E70323D1E7012345
:10063000CFE74FF49873CCE74FF48873C9E74FF4D2
:1006400086713F20EEF7FEFC0223C2E73923C0E7A4
:1006500000A00850054B4FF47A72023833F811307D
:1006600003F2E733B3FBF2F31844704754C80400B5
:10067000044B4FF47A7233F81130B3FBF2F30133C9
:100680001844704754C8040038B51D460A4B33F867
:10069000114003EB820305355B691C444FF47A7308
:1006A00004F6B73403FB00441046B4FBF3F42544CE
:1006B000FFF740FF284438BD54C8040070B5064613
:1006C00008461546FFF73EFF094B03EB85035C69BF
:1006D0004FF47A7304F6B73403FB0644241A284611
:1006E000B4FBF3F4FFF726FF0530204470BD00BFD4
:1006F00054C80400014B1860704700BF3C1E002026
:10070000024B1868003818BF012070473C1E0020BB
:100710002DE9F04F254C85B0054698460F46164604
:1007200001F0C4FE23788146AB4211D16378BB420D
:100730000ED194F90230B3420AD1E378834207D153
:10074000A388A8F8003094F9060005B0BDE8F08F42
:10075000082D1CD18DF80F6028469DF90FB009F0C7
:10076000B3FD82463846FFF7C1F9002203464146F1
:1007700000925846524600F059F8B8F80030A0717F
:10078000A38025706770A67084F80390DBE7284685
:1007900009F09AFD0DF10F033246394601F08CFE47
:1007A0000028D9D04121A920EEF74CFC9C00002064
:1007B000014B186099807047601E0020024BD86082
:1007C00019745A82704700BF8C1E0020014B1B68B1
:1007D0001B6818474C060020014B1B685B681847D4
:1007E0004C060020014B1B689B6818474C060020F4
:1007F000014B1B681B6918474C060020014B1B6806
:100800005B6918474C060020014B1B689B69184721
:100810004C060020014B1B68DB6918474C06002082
:10082000014B1B689B6A18474C06002030B4044CEF
:100830009DF8085024680295E468A44630BC6047DF
:100840004C06002000220D49134610B540FA02F470
:10085000E40744BFCA545C1C02F1010248BFE3B282
:10086000042AF3D1054AFF24D118032B01D91071B2
:1008700010BD013301F8014BDBB2F6E7C0260020C2
:1008800008B5074801F05AF8054800F03FF801F0B4
:1008900009FD01F003FC00F0A7FB012008BD00BF2B
:1008A000BC20002008B501F025F801F0D1FC01F0D2
:1008B00019FCBDE8084000F0B3BB01F035BD01F004
:1008C0006FB810B5EFF3108472B601F069F804B98F
:1008D00062B610BD01F076B801F08EBD01F044BDE6
:1008E00001F054BD01F054BD01F058BD01F07ABDD6
:1008F00008B5054B1A781AB12721032002F0B4FE7F
:100900005860197008BD00BFC4200020024B9860D9
:1009100000221A705A607047C4200020F7B51E4CA0
:100920002378012BDAB204D0022A2ED0012003B0A2
:10093000F0BD0DF10701606800F07EFB65686B7D1E
:10094000DB071CD5AB7F042B19D001F083F80646DA
:10095000A8B101F085F82B69D5E900279A18B3688A
:1009600047F100070A332CBF012500251B1845EB72
:1009700001059342BD4102D3606800F02DFC0023C5
:10098000636023709DF80700D1E70DF107016068EF
:1009900000F05CFBF3E700BFC420002010B5837FAC
:1009A0008BB9034601F1180251F8044B914243F808
:1009B000044BF9D1012484772146FFF799FF00F019
:1009C000E1FF204610BD0020FCE773B505460C464C
:1009D00001F040F80646AB7F012B1AD021462B468A
:1009E00004F1180251F8040B914243F8040BF9D1B9
:1009F00001230DF107012846AB7700F01DFB16B16E
:100A0000012002B070BD044B0421986809F0A4FDD8
:100A1000F6E70020F5E700BFC420002010B5FFF77F
:100A2000D4FF044620B1034B0621986809F094FDD9
:100A3000204610BDC4200020024B0621986809F012
:100A40008BBD00BFC420002010B5EFF3108472B638
:100A500001F000F818B9C921032002F005FEFFF7E4
:100A6000EBFF04B962B610BD10B504460221FFF7D2
:100A70003FFF00F087FFA07FB0FA80F0400910BD73
:100A800038B50446A37F03B938BDA37F032B02D03A
:100A9000A37F042B0FD1EFF3108572B6204600F030
:100AA000F0FA05B962B6A37F002BEDD040F20D112C
:100AB000032002F0D9FDA37F012B02D14FF48971ED
:100AC000F6E709F0E7FDDDE710B50446FFF7CCFFD8
:100AD00020B92046BDE81040FFF7D2BF10BD13B5C6
:100AE0000DF1070100F0B2FA044600F0B3FF20B99F
:100AF00040F22F11032002F0B7FD204602B010BDD6
:100B0000F8B504460F4600F0ABFF0025A468241892
:100B1000384641F100062246334600F001FBA04270
:100B200071EB060309D3001B6FF0010361EB0601B3
:100B3000834275EB010102D3F8BD2846FCE74FF074
:100B4000FF30F9E710B5EFF3108472B6FFF7D8FF66
:100B500004B962B610BD2DE9F0418568174600233F
:100B600006464A190C465B4113B10020BDE8F081EE
:100B700000F076FF2A18384641F1000314EB020812
:100B800043F1000500F0CCFA4045A941EDD301F056
:100B9000CBFB00F075FAB368012037752344B360CE
:100BA000E4E710B5EFF3108472B6FFF7D4FF04B991
:100BB00062B610BD837F012B01D100F08DBB0020F8
:100BC0007047D0E9000170470069704700F048BFE6
:100BD00010B5EFF3108472B600F042FF04B962B6AC
:100BE00010BD80687047007D7047F8B50369044602
:100BF00023B140F2D511032002F036FD01F094FB41
:100C000005460E4602F09AF970B36435D4E9003215
:100C100046F10001AB4272EB010001D22B460A46BD
:100C2000C4E90032EFF3108572B600F013FF0646F8
:100C300098B100F015FFB3680B332CBF01220022DE
:100C40001B18D4E9006042EB0101B34271EB0002D2
:100C50003CBF33460146C4E9003105B962B62046BF
:100C6000BDE8F84000F0D2BA02F088F9074600F07B
:100C70000DFFB84238BF3846963546F10002431999
:100C8000D4E9000142F10002834272EB0105C7D2B0
:100C90000346C4E7042300F1180283770023037698
:100CA00043768376C376044B196811B91A605A608B
:100CB000704759680A60FAE7D02000202DE9F84310
:100CC000DFF86C80002406460F46D8F8083020462E
:100CD00033B950B3174B1878BDE8F84302F08ABE19
:100CE00053E90612D3F80090B14272EB07051AD20D
:100CF00053F8085C6D1842F10002B542BA4112D2B5
:100D00004CB1226812682260A3F11800FFF7C2FFFD
:100D100001204B46DCE7D8F80820002AF4D01268FE
:100D2000C8F80820F0E71C46F3E7BDE8F88300BFE9
:100D3000D0200020950600202DE9F047304B4FF0E1
:100D4000000E05469446C2F800E09868002855D089
:100D500018380746BA69002A50D0D0E9009352E902
:100D600006684E4578EB030403D2BF219F2002F0B2
:100D70007BFCA94573EB01040BD2046914EB090455
:100D800043F10003A542A14671EB03043CBFA94611
:100D90000B46AE4278EB01040BD252F8084CA41972
:100DA00048F10008A542264671EB08043CBF2E46D8
:100DB000884684680A344EF1000A14EB090443EBB8
:100DC0000A03A64278EB030318D2047D12F8043C10
:100DD0009C420DD08CBF012300232BB107F11803D7
:100DE000A2F11800CCF80030BF693FB1183FB1E75D
:100DF0009388848B1B1BC3F3C033EEE7BDE8F087F9
:100E0000D02000202DE9F04F85B082834E4A044661
:100E10000091D2F808C094F81580D0E90030BCF1F8
:100E2000000F40D0ACF11801002708F00109D1E90A
:100E30000026934270EB06056DD3B9F1000F2CD05C
:100E4000277D0D7DAF4228D38D68AD1846F1000691
:100E500015F10A0A46F1000E534570EB0E0219D245
:100E60002269D21840F1000792457EEB070B01D2B0
:100E700052467746AA42B7410FD220460024FFF7D8
:100E800009FF324B187802F0B5FD009B1C7005B0CD
:100E9000BDE8F08F1A460746ECE78A690F4622B193
:100EA000A2F11801C3E76246674618F0010F37D078
:100EB000A168C91840F1000B01918AB3019DD2E9E4
:100EC000001615F10A0E4BF100058E45B54127D3EA
:100ED00094F814E0157DAE4519D395686D1846F168
:100EE000000615F10A0946F100084B4570EB0801B0
:100EF00013D22169C91840F1000E894578EB0E0A1A
:100F000001D24946C646A9427EEB060EB5D3926988
:100F100032B1183AD2E70A46C7E719468646F2E7E1
:100F200004F118035FB1BA69A261BB6103AA002092
:100F30000021FFF701FF231A5C425C41A5E7024A4A
:100F4000C4F818C09360F1E7D02000209506002077
:100F5000F8B5244C0023E360EFF3108272B62168E9
:100F60006360E160236002B962B60026E36803B9FA
:100F7000F8BD9A79A3F11800032A07D11A68012154
:100F80009E7153F80C3CE2609847EFE7196851B145
:100F9000A1F11803074600229D7F042D09D09B7FF5
:100FA000032B02D1B2B9E16017E063219F2002F068
:100FB0005BFBB0F81CC09D8BA5EB0C052D049D6957
:100FC00044BF07F118021846002DEBD01F46A5F1CB
:100FD0001803E1E713681B681360C3680221867772
:100FE000D2E700BFD020002010B50A4C2378FF2B99
:100FF00004D04FF484719F2002F036FB064802F0C3
:10100000CFFC064B002220709A601A605A601A8248
:1010100010BD00BF95060020510F0200D020002017
:1010200010B5044C2078FF2803D002F0D3FCFF2336
:10103000237010BD95060020034B1A8A10B4541C6F
:101040001C8210BCDEE600BFD020002037B504466D
:101050000D4601AA00210020FFF76EFE231A04F1BD
:101060001801584258412870044809F09BFA10B101
:1010700000230120A37703B030BD00BFD82000209B
:101080001CE638B5114B044600F118011A68B2B1DC
:101090001A6800209AB191420ED108B1A569056085
:1010A0001D68A94204BF12681A605A68914200D1B3
:1010B00058600023A37707E010461268EAE7044867
:1010C00009F070FA0028F4D138BD00BFD02000200C
:1010D000DC20002037B505460C46FFF7EFFD01AADE
:1010E00028462146FFF728FE28B100F11803034ADD
:1010F000536103B030BD0346F9E700BFD0200020A4
:1011000010B5064C616904F1080009F04BFA18B1FA
:10111000606900231838636110BD00BFD020002033
:101120009C46144BF0B59D68FDB115F8043C183D84
:10113000834218D812F10A04D5E900364CF10001B7
:10114000A34276EB01070BD22F69FF1846F1000688
:10115000A7428E4107D3B4F10A0041F1FF31F0BD3F
:101160001C463146F7E7AD69DEE74FF0FF30014638
:10117000F5E700BFD020002008B5837F022B1CD1EB
:10118000437D13F0020302D00023837708BD0322BE
:10119000037643768376C3760D4B827700F118028F
:1011A000196839B91A605A600A4B1878BDE80840C6
:1011B00002F020BC59680A60F5E7837F012BE5D077
:1011C000837F042BE2D04FF4FB719F2002F04CFA96
:1011D000D02000209506002010B500F1180104462B
:1011E000084809F0DFF920B94FF400719F2002F0A0
:1011F0003BFA2046FFF74EFD034BBDE81040187840
:1012000002F0F8BBD8200020950600202DE9F74F0A
:10121000D0F810E0BEF1000F04D040F21F219F2053
:1012200002F022FA836890F814800193D0E9001448
:10123000EFF3108972B6274BB3F810C09B686BB1FF
:10124000019D183B0A35D3E900264EF1000A6D18BE
:1012500044EB0A0A95427AEB060707D2B9F1000F70
:1012600035D0C0E9001403B0BDE8F08F8A4276EBB8
:1012700004070CD31F69BF1846F1000BAF427BEB8C
:101280000A0B34BF0125002575B99B69D7E712F118
:101290000A0A9D6846F1000715EB0A0547F10007A9
:1012A000A94274EB0707ECE71D7DA84509D0ECD9EE
:1012B00012F10A019D6846F10004691844F1000426
:1012C000E3E79D8BA5EB0C052D04DED5F0E762B6B8
:1012D000C7E700BFD0200020F7B50C460DF107018D
:1012E0000646878BFFF7B2FE20B940F24A219F20C5
:1012F00002F0BAF90FCC35460FC594E803003A4620
:1013000085E8030030460DF10701FFF77BFD012062
:1013100003B0F0BD034B187800F0FD00431E5842A7
:1013200058417047E820002038B5FFF7E9FE002556
:1013300080B1094CC4E90105E56000F0E7FE606892
:10134000022329468377C3689847D4E90401FFF74D
:1013500097FE012038BD00BFE8200020024B052188
:10136000986909F0F9B800BFE8200020042938B5D1
:10137000054613D005D80239012915D940F2C91103
:1013800009E00529FAD1FFF7C5FF10B1114C607FC4
:1013900060B140F2BF11B02002F066F9FFF7BEFA6B
:1013A00010B10C4B01221A77002012E0236A9847F3
:1013B0000123206B6377084AD4E90A31323B41F1BB
:1013C000FF31181841F1000100F07EFF034B0220AD
:1013D0002B6038BDE82000205D13020015170200C5
:1013E000064B586810B520B940F28D21B02002F0AC
:1013F0003BF9C3680621BDE810401847E8200020EB
:101400002DE9F84F2B4D81466B7F2E6B002B3AD187
:10141000FFF780FF074618B1AB8E9E4238BF1E46CD
:1014200000F082FF044680198B4641F10001FFF76E
:1014300051FE68B3D0E9008AB0457AF1000324D3A5
:10144000B8EB06006AF10001844223465A467BEB62
:1014500001043CBF03460A469B1942F10002C5E95C
:101460000432154A00F030FF4046514600F08EFE2F
:10147000EFB1A98E114B124A8E4218BF1346C9F81C
:101480000030BDE8F88F0027CAE700200146DBE7FF
:101490006B7F33B12B78023B012B02D82B6A0120E2
:1014A000984700236B7700F072FE064BE7E7044B8A
:1014B000E5E700BFE82000205D1302008F15020061
:1014C000C914020061150200042938B5044624D06D
:1014D00007D80239012938D940F26B11B02002F047
:1014E000C3F80529F8D100F053FE194D01F01AFD9B
:1014F000FFF710FFD8B16B7FCBB900F015FFAA8EB4
:101500002B6B9B1A134AC5E90A01181841F1000117
:1015100000F0DAFE104B236007E0FFF7FFF9A0B1FF
:1015200000F0F2FE2046FFF76BFF022038BD00F00E
:10153000FBFE2B6B074A323B65EB0505181845EBA4
:10154000010100F0C1FE054BE5E70020EEE700BF1A
:10155000E82000205D1302006D1302001517020041
:10156000032910B5044606D801290ED840F21711F8
:10157000B02002F079F80429F8D1FFF7CFF920B1B3
:101580002046FFF73DFF022010BD0020FCE70429A4
:1015900038B5054613D005D80239012929D940F2BA
:1015A0003B1109E00529FAD1FFF7B4FE10B1124C46
:1015B000607F70B140F23311B02002F055F8FFF7B0
:1015C000ADF9B0B100F0A0FE2846FFF719FF0220E8
:1015D00038BD236A98470123084A6377236BD4E90F
:1015E0000401C01A61F1000100F06EFE044B2B6093
:1015F000EDE70020ECE700BFE82000205D130200CB
:10160000C91402002DE9F04780468A4691463A4CBB
:10161000002B5ED0D3E90056854276EB01033CBF38
:101620000E46054631462846C4E9045600F0AEFD94
:10163000A38EB5EB080803F1640366EB0A0A434581
:101640004FF0000373EB0A0321DA637F43B1237881
:10165000023B012B02D8236A0120984700236377BD
:10166000FFF758FE0746236B03F5E17398457AF1BF
:10167000000A15DA6FB1A08E204A281A66F100011F
:1016800000F022FE1E4BC9F80030BDE8F0870027AD
:10169000E9E71A4A2846314600F016FE194BF2E7F0
:1016A00000F077FD01F044FCA38E206B4FB1834224
:1016B00007D9E81A114A66F1000100F005FE124B45
:1016C000E1E7281A0D4A66F1000100F0FDFD0F4B1D
:1016D000D9E7637F33B12378023B012B02D8236A19
:1016E000012098470023637700F053FD01F020FCB0
:1016F00000F04DFD064BC6E7E82000205D13020018
:10170000A5170200251802008F150200C914020057
:1017100061150200023970B50446032938D8DFE8A4
:1017200001F00502070E1D4B00221A77002012E07F
:10173000FFF7F4F80028F9D0184B0122F5E700F084
:1017400029FDB0B1154B1B7F33B9FFF7EDFD18B183
:10175000134B2360022070BD00F0E6FD06460D46E7
:10176000FFF7B8FC2246034629463046FFF74AFFFA
:10177000F0E700200021FFF7ADFC08B1FFF72CFDDA
:1017800000F007FD01F0D4FB2046FFF739FEE1E74A
:1017900040F2A511B02001F067FF00BFE820002053
:1017A0007D180200042970B5044613D005D802390B
:1017B00001292ED94FF40F7109E00529FAD1FFF75D
:1017C000A9FD10B1144D687FB8B14FF40D71B02070
:1017D00001F04AFFFFF7A2F8D8B100F095FD00F044
:1017E000A3FD06460D46FFF775FC22460346294633
:1017F0003046FFF707FF022070BD2B6A9847012390
:10180000064A6B77D5E9040100F05EFD044B2360C6
:10181000F1E70020F0E700BFE82000205D130200A0
:1018200025180200042970B5044611D007D80239E2
:1018300001291FD940F21721B02001F015FF052919
:10184000F8D1FFF771FD40B10B4B2360022070BD52
:10185000FFF764F870B100F057FD00F065FD064633
:101860000D46FFF737FC2246034629463046FFF770
:10187000C9FEEBE70020EAE77D18020002392DE9F6
:10188000F041064604292ED8DFE801F003090B2DAC
:101890000E00174A1378003B18BF0123537700202E
:1018A0001FE0FFF73BF8FAE7DFF8448000F044FC64
:1018B00000F03AFD0C460546FFF70CFC0746D8F849
:1018C0000400FFF759FC002300222846C8F8043022
:1018D00000232146C8E904233B463246FFF792FE27
:1018E0000220BDE8F08140F2EF11B02001F0BCFE13
:1018F000E820002010B5EFF3108472B60B4B0C4AB1
:101900009B691B6893420DD00A4A93420AD00A4A47
:10191000934207D000F03DFC01F00AFB00F037FCD9
:1019200000F0F2FC04B962B610BD00BFE820002050
:10193000611502008F150200C9140200054B10B595
:10194000054C03600023A061237001F017FB3230C7
:10195000206310BD61150200E820002008B5074B88
:101960009A691168064A914204D040F27221B0206F
:1019700001F07AFE3230186308BD00BFE820002075
:101980006115020010B5EFF3108472B6034B042109
:10199000986908F0E1FD04B962B610BDE8200020A6
:1019A00008B5064B5B6823B940F29321B02001F0E3
:1019B0005BFE034ABDE8084000F086BCE82000203A
:1019C000E113020008B5064B5B6823B940F2992188
:1019D000B02001F049FEBDE8084000F095BC00BF12
:1019E000E820002008B5054B5A6822B940F29F2133
:1019F000B02001F039FE986008BD00BFE82000204B
:101A000008B5054B5A6822B940F2A521B02001F073
:101A10002BFED86008BD00BFE8200020054BDB6826
:101A200010B523B940F2AB21B02001F01DFEBDE896
:101A300010401847E8200020054B9B6810B523B9DB
:101A400040F2B121B02001F00FFEBDE81040184770
:101A5000E8200020014B5868704700BFE8200020B4
:101A600008B5054B5A6822B94FF42F71B02001F028
:101A7000FBFDD3E9040108BDE8200020024B323110
:101A800018701A6299867047E820002008B5FFF7A1
:101A900041FC08B1014B988E08BD00BFE820002032
:101AA0000028ADBF00F1604000F00F00044B00F5CE
:101AB0006140B4BF185C90F800034009704700BF54
:101AC00014ED00E0064B1B6810B51BB976214520CC
:101AD00001F0CAFD1A6A0521586ABDE81040104796
:101AE00020210020064B1B6810B51BB97021452032
:101AF00001F0BAFD1A6A0421586ABDE81040104787
:101B000020210020FFF76EBFFFF77ABF03480021B6
:101B10004022C0E90011083008F064BE20210020F6
:101B2000FEF7CBBE704708B5074B1A681AB9C1213A
:101B3000452001F099FD0549D1600022C3E900224A
:101B4000BDE80840FEF778BF202100207D1E02007E
:101B50001F2801D900207047044B03EB4000037A93
:101B6000002BF7D0002303720120704720210020B2
:101B7000F8B50E4A0C46002302EB4306357A05F011
:101B8000FF0175B9DDB2FF273772282673431A4467
:101B9000C2E91A0406482022184408F023FE284609
:101BA000F8BD0133202BE7D11D46F8E720210020A6
:101BB000682100201F2810B501D9002010BD064B58
:101BC00003EB4004247A002CF7D0282404FB0030D7
:101BD000C0E91A120120F1E72021002030B587B0BA
:101BE0000C46054618220021684608F0FBFD2378C4
:101BF00053BBD4E904310A3B6268207A41F1FF31DA
:101C00000A328DF8140002929DF81520154822F032
:101C100003020390CDE90031637A6946C3F34003C0
:101C20005B0043F0010313438DF815300E4B5868E9
:101C3000C0F3080088B11038FFF732FF68B92846B2
:101C4000FEF7C3FE07B030BDFEF737FE226910F184
:101C50000A03049241F10001CDE72846FEF79EFEFB
:101C6000F0E700BF7D1E020000ED00E01F2830B449
:101C700011D80A4A02EB4004257A65B14B7A483202
:101C8000C3F3800383F001036372282330BC03FB9A
:101C90000020FFF7A3BF002030BC704720210020A8
:101CA00008B50A4B02465868C0F3080040B1103826
:101CB000FFF7F6FE20B91046BDE80840FEF70FBF5B
:101CC0001046BDE80840FEF7CFBE00BF00ED00E0C3
:101CD000024B282202FB0030FFF7E2BF6821002000
:101CE00010B5037886B0044623B14FF4AA7145209D
:101CF00001F0BAFC05934168CDE90333D0E9043221
:101D0000007A0A310A3B8DF81400684642F1FF322E
:101D10000291CDE90032FEF768FF009B019A012095
:101D20000A3342F10002C4E9043206B010BD4FF498
:101D3000BA71452008B501F097FC08B5094B0A4671
:101D4000596821B940F27911452001F08DFC014616
:101D50001868FEF700FF18B1FEF7BCFD002008BDB3
:101D60000220FCE720210020194B70B5044658687A
:101D700086B0C0F3080010B9002006B070BD10385E
:101D8000FFF78EFE03460028F6D1C3F307230E7A31
:101D90004D6823F003030A35CDE90400D1E904209E
:101DA0008DF814600A3A0B4E029540F1FF3003960D
:101DB000CDE900204A7A20466946C2F3400252002B
:101DC00042F0010213438DF81530FEF7F3FED4E71D
:101DD00000ED00E07D1E02001F280AD8064B03EB31
:101DE0004002127A2AB14833282202FB0030FFF762
:101DF000BBBF0020704700BF20210020034B5A6862
:101E000012B11868FEF7EFBE0220704720210020B3
:101E1000024B01461868FEF773BE00BF2021002068
:101E2000FEF72EBE1F2808B504D940F2E511452063
:101E300001F01AFC074B03EB4002127A12B94FF47F
:101E4000F371F4E74833282202FB0030BDE8084074
:101E5000FEF716BE2021002008B5074B5B6823B9AA
:101E60004FF4F671452001F0FFFBFEF7AFFE0A309C
:101E700041F1000108BD00BF202100202DE9F04103
:101E80001C4F05461C4B0E4607F14804041BE4108A
:101E90005C43E4B2620007EB4404237A19BB3B685D
:101EA0001BB18E21452001F0DFFB7B680BB18F2138
:101EB000F8E707F108031344C7E900030F48FFF7E9
:101EC00091FD0F48FFF79CFDFFF7C6FF637A804640
:101ED0004BB1FEF701FDA8EB0000C7F8480500F084
:101EE00035FA0028FBD02B6A3146686ABDE8F0411C
:101EF000184700BF20210020CDCCCCCCE51A020031
:101F0000C51A020010B50446FFF7A6FF201841F1DC
:101F10000001FEF7D4FC012010BD024BD3F84805A8
:101F2000704700BF20210020FEF7DABC7047FEF7A3
:101F3000D5BCFEF7D7BCFEF7D7BC08B5FFF79EFDB2
:101F4000002008BD70B50B7886B023B140F2312176
:101F5000452001F089FB05930E7A4D6804922822F2
:101F60008DF814600A35124E02950396D1E90434B7
:101F70000A3B44F1FF34CDE900344B7A4FF00001C5
:101F8000C3F34004C3F3800364F3410183F001030E
:101F90008DF81510074901EB4004637201F1480305
:101FA000694602FB0030FEF7F9FC06B070BD00BFC9
:101FB0007D1E0200202100207FB5FEF77EFC00235D
:101FC00005930B4B039340F21E2302934FF0FF3314
:101FD000CDE90001694607480493FEF7F6FC18B9FD
:101FE000CB21432001F040FB07B05DF804FB00BFAC
:101FF000F91F02007026002038B5062937D8DFE81F
:1020000001F0043833363636170008F0C3F9FEF70E
:10201000DDFD044617480D46FEF7E3FD1E3C45F185
:10202000FF312018BDE8384041F10001FEF747BC00
:1020300000F084FF38B10F4B002283F82020BDE868
:102040003840FEF7F9BC08F0A7F908B908F0A2F982
:1020500000224FF400710748FEF77DFD0028D6D11D
:10206000EA21432001F000FBBDE83840A4E7F92154
:10207000F7E738BD7026002010B5074C94F82030E3
:1020800043B900F05BFF28B9012384F82030BDE894
:10209000104091E710BD00BF702600204FF00043B4
:1020A0000D4A0E480021C2F88030A2F58022C2F805
:1020B0008031012302F57832C2F80435A2F580227E
:1020C000C2F804352022064B80F820101B68D3F894
:1020D0001835436208F086BB00400C507026002083
:1020E000642000200023084AC2F88030A2F5802234
:1020F000C2F88031012302F57832C2F80835A2F522
:102100008022C2F80835704700400C5008B51AF01C
:102110000FF9074AD2F8583743F00103C2F858378D
:102120000122044B1B68C3F81825BDE80840A3E74B
:1021300000200E506420002008B51AF0FFF80E4A67
:10214000D2F8583723F00103C2F858370B4B0C4A2A
:102150001B68526AC3F8182501220A4B5A604FF0D7
:10216000FF32C3F808232022074BC3F89021BDE8B3
:10217000084000F0C9B800BF00200E5064200020C5
:10218000702600200050085000E100E070477047C2
:102190007047704708B500F0D1FEB0B90D4BD3F8C9
:1021A00000314BB90C4A936A0133312B93620BD93E
:1021B0009C21432001F058FA08F0EEF808B1A02164
:1021C000F7E708F0E5F8012008BD034B00229A620A
:1021D000F9E700BF00E01050702600204CE700BF78
:1021E0001848202208B5C0F89020BFF34F8FBFF3E6
:1021F0006F8F154BC0F89021D3F8041521F003011F
:10220000C3F80415D3F8081541F00301C3F8081505
:1022100092FAA2F1B1FA81F1092904DD4FF4737148
:102220000A4801F017FAC3F8101501215960D96066
:102230004FF00041C3F880104FF0FF31C3F808138E
:10224000026108BD00E100E0005008508F2D05003C
:10225000124B4FF4E062C3F838230022C3F8AC25D8
:10226000C3F8BC25C3F8CC25C3F82021C3F824212A
:10227000C3F8282120220A4BC3F89C21C3F89C20D4
:10228000BFF34F8FBFF36F8FC3F89020BFF34F8F13
:10229000BFF36F8FC3F89021704700BF00200E502E
:1022A00000E100E008B5FFF7D3FF054B4FF4A06253
:1022B000C3F834232022034BC3F89C21DA6108BD04
:1022C00000200E5000E100E00C4B10B51C681CB162
:1022D0004B21042001F0C8F9B1F5801F1A6004D326
:1022E00040F2E141064801F0B5F9064B0122C3F87E
:1022F000A005C3F8A415C3F8AC2510BDA026002086
:102300008F2D050000200E50054A136833B10023BD
:102310000449C1F8AC35C1F820311360704700BFE3
:10232000A026002000200E5030B54FF0FF30064CA4
:102330006FF04041D4E90023904271EB0305F9D3DB
:102340001046C3F3130130BD40270E5008B5FFF708
:10235000EBFF044BD3E90223904299412CBF0120AB
:10236000002008BDA026002010B5029C241841F1D1
:102370000001A01A61EB0301B0F1004F71F10001FF
:1023800003DB7721042001F06FF910BDFFF7CCBF0C
:10239000014B1861704700BFA026002008B50E4B06
:1023A0001B691BB98721042001F05EF9EFF310824D
:1023B00072B6B1F5801F04D340F2E141074801F045
:1023C00049F9074BC3F8C005C3F8C4150121C3F888
:1023D000CC1502B962B608BDA02600208F2D0500DD
:1023E00000200E5008B5FFF7FBFE024B01221A60D9
:1023F00008BD00BF0050085010B5FFF7F1FE114CAA
:102400000023C4F8BC35C4F82431FFF78DFF0A302F
:1024100041F10001B1F5801F04D140F2E1410A48C9
:1024200001F018F94FF00043C4F8B005C4F8B41532
:10243000C4F8A4310123C4F8BC35044BC3E902013C
:1024400010BD00BF00200E508F2D0500A0260020DB
:10245000144BD3F8342312F4A06F10B503D1C82164
:10246000042001F001F9D3F820215AB100220E49CD
:10247000C3F8AC25C3F820210B680BB9D021EFE7D6
:102480000A609847074BD3F828214AB10022C3F8C5
:10249000CC25C3F82821044BBDE810401B69184720
:1024A00010BD00BF00200E50A0260020014B187D5B
:1024B000704700BF681F0020042810B511D883B1F1
:1024C00004280CBF10242824A1420AD2064C54F838
:1024D000200018B141568A42A8BF0A4600201A704F
:1024E00010BD6FF01500FBE7681F002007280346AA
:1024F00011DC10F12D0F10DB094A101890F82E0096
:1025000002EBC00292F93C209A4207D0002918BF82
:102510000130C0B270471B2070470020704700BFD9
:1025200014C90400072808B507DCFFF7DFFF044BD8
:1025300003EBC00393F93C0008BD0820FCE700BF93
:1025400014C9040010F0FF0008B5094B05D001289C
:1025500007D05121B52001F087F801229A601A6056
:1025600008BD044A1268292AF3D15862F8E700BF6F
:1025700000E010504C20002010F0FF0008B5174B71
:1025800005D0012820D08421B52001F06DF801226A
:102590005A60DA60C3F80001114B18700F4BD3F882
:1025A0000824D2070FD40F4A1268292A03D1D3F87E
:1025B0006834DB0707D4094B0022C3F81021C3F8A5
:1025C0001821C3F8142108BD064A1268292ADAD155
:1025D00000229862C3F81C21E0E700BF00E0105021
:1025E0007D1F00204C200020014B01221A707047F3
:1025F0007D1F002008B50D4B28B101280BD0D0213C
:10260000B52001F031F8D3F8103113B9084B187820
:1026100008BD0120FCE7074A1268292AEFD1D3F848
:102620001C01003818BF0120F2E700BF00E0105085
:102630007D1F00204C200020024BD3F8080400F03E
:102640000100704700E01050024BD3F8480400F03E
:102650000100704700E01050024BD3F84004C0B2B4
:10266000704700BF00E0105007490246D1F84C0403
:10267000D1F84C1410F4803005D0D0B201F003032F
:102680001B1A58425841704700E0105038B51A4B99
:10269000D3F80C34DA0304D440F27F116D2000F03B
:1026A000E3FF164A0124164B106A536620F03F00E0
:1026B00094645464136CDB03FCD4136A116C03F050
:1026C0003F03C1F30A01C1F5806181EAE1750B297D
:1026D000A5EBE17509DD3F2B04D001330343136201
:1026E000172DE6DC0023936438BD0B31F8DA002B9C
:1026F000F8D0013BF2E700BF00E010500008125094
:102700000100008038B50B4C23781BB100232370E7
:10271000FFF7BCFFEFF3108572B6637803F0FF009C
:102720000BB9FFF729FF05B962B6034B00225A66C1
:1027300038BD00BF801F002000081250002808DBB1
:102740004309012200F01F0002496033824041F832
:102750002320704700E100E070B5174D01220446C8
:102760000E462B18DA7007F006FEA0B934B1012C22
:102770000FD04FF494716D2000F076FF11232A19C9
:10278000012105EB840451710C4AA660C2F80433A0
:1027900070BD8023F3E7002EFAD034B90220B04791
:1027A000002305EB8405AB60F2E7012C01D1204644
:1027B000F5E740F24311DEE7801F002000E01050F3
:1027C000044B0022191803EB80034A719A60CA7007
:1027D000704700BF801F0020014B1882704700BF68
:1027E000801F0020014B988A704700BF801F002087
:1027F000014B188A704700BF801F002010B5EFF30F
:10280000108472B6064B03445A780132D2B25A7021
:102810005B78012B01D1FFF795FE04B962B610BDBC
:10282000801F0020034610B5EFF3108472B61149E3
:102830000B445A7822B940F267216D2000F014FF52
:102840005A78013AD2B25A705B7883B98B7D43B122
:10285000094BD3F80C34DB0306D44B7803F0FF00AC
:102860002BB9FFF789FE02E0C87D01F0C3F804B977
:1028700062B610BD801F002000E0105010B507F0B8
:102880007DFD0C4C07F077FD60B1237E3BB90A4B10
:1028900001229A61042363760023A37610BD07F01A
:1028A00070FDF9E7032301226376034BC3F8042389
:1028B000F2E700BF801F002000E01050014B012212
:1028C0001A62704700E01050044BD87E28B1044BC8
:1028D000D3F81001B0FA80F040097047801F002043
:1028E00000E0105038B50C4BDD7E5DB90124DC767C
:1028F00007F044FD094B1022C3F81051C3F804231C
:10290000DC6138BDFFF7E0FF0028FAD040F2A321D8
:102910006D2000F0A9FE00BF801F002000E01050D5
:10292000024B587E003818BF01207047801F0020DE
:1029300038B5174CA37D23B940F216316D2000F055
:1029400093FE01232370237EC3B9237FB3B1A27EFC
:10295000013B9A4212DA07F00EFD054600F0E4FF53
:10296000237F012B82BFA37E0133A37655B1236A57
:10297000C31A0133022B09D935B12062BDE83840B2
:10298000FFF77CBF636AF3E76062F7E738BD00BF1B
:10299000801F002037B5184C237E63B9A06A00F071
:1029A0000300FFF761FE30B1EFF3108372B6627E71
:1029B0001AB103B962B603B030BD0122627603B921
:1029C00062B608230D4DC5F808334FF42073ADF8F7
:1029D0000630BDF806309BB25A1E92B2ADF8062002
:1029E000002BF6D1C5F80C3184F82C30FFF746FFE8
:1029F0000823C5F80433DEE7801F002000E01050F4
:102A00002DE9F74F544CA37D002B00F0A180032348
:102A1000524AADF80430524B1268D3F80051003DD1
:102A200018BF0125292A07D1D3F81C2122B1012280
:102A300045F080058DF80520D3F80881D3F81421DE
:102A400012B9D3F8183173B1454B0026C3F814619D
:102A5000C3F81861C3F81061E37E0BB107F091FC75
:102A6000E676FFF7BBFB3E4BD3F810316BB3E37E4A
:102A70001BB107F086FC0023E376637913B10223D0
:102A80008DF8043045F01005364E0DF1040A344B34
:102A90004FF00009F71EC3F808531AF8010B03287A
:102AA0000AD03B7843B14FF0000B336887F800B091
:102AB00013B19847C6F800B009F101030436013795
:102AC0004FF00109022BE8D101E0002DDCD1B8F173
:102AD000000F08D0224B0022C3F808210422C3F8BB
:102AE0000823FFF757FF94F82C60EA071C4BF6B257
:102AF000D3F80C7108D5627E032A05D1227E82B9F3
:102B00000422627601229A61A7B1154B0022C3F814
:102B10000C21637E042B09D040F279316D2000F046
:102B2000A3FD07F02EFC02236376EDE70223637614
:102B300007F027FC66B1002384F82C30637E022B5B
:102B400001D1FFF79BFE03B0BDE8F04F07F019BCC1
:102B500003B0BDE8F08F00BF801F00204C20002094
:102B600000E01050881F002010B5054CA06A00F04E
:102B70000300FFF779FD0028F8D0002010BD00BF4A
:102B8000801F00202DE9F041054650B10278022A4D
:102B900007D8437842B9013B1F2B02D88378212BF9
:102BA00007D96FF01500A0E0002BFAD18378002B35
:102BB000F7D1754EB6F90030002B0DDB5A09012113
:102BC00003F01F03994002F12003704A42F82310DA
:102BD000BFF34F8FBFF36F8FB6F90000FFF7AEFD65
:102BE0006B4AFD236B4CC2F808336B4B1B68292BD7
:102BF0004FF0000308BFC2F81C31C2F80031C2F820
:102C00000831C2F80C316370A370AB88A382FFF760
:102C100013FD10B10123E37063705D4F40F2563332
:102C2000D7F80C04238210F480301BD0FFF7DCFCB3
:102C30005A4800F0B5FE564F6023E0750022C7F8F1
:102C400004332B78A978012BE276A26223762177D0
:102C5000A2761FD0022B16D0EBB140F22E516D2080
:102C600000F002FDC7F81001FFF76CFCD7F8103137
:102C7000002BFBD0FFF70AFD0020FFF77DFC484B3F
:102C800000225A66D4E707F079FBD7F80C34D90351
:102C9000FBD50223A362FFF7D7FC68B3FFF7DCFC88
:102CA000A36A03F00303984226D1AB79FBB9FFF77F
:102CB0005BFF237F63B12B7853B907F05CFB0546BC
:102CC00000F032FE6FF00043002D52D0C4E908033B
:102CD00000230125B6F900006376A575FFF72EFDE8
:102CE000B6F90030002B47DA0020BDE8F081284B10
:102CF0000422C3F80423DCE7254B012200215A619A
:102D0000C3F8081194F82810C3F840141A6104227B
:102D1000C3F80423AA79002ACBD1D3F8042352079D
:102D200002D440F2E1419AE71E4A116901F010080D
:102D3000116941F010011161D3F808310BB907F0A6
:102D4000ABFC134FD7F8083183B1FFF70DFFB8F193
:102D5000000F04D1134A136923F0100313610423F5
:102D6000C7F808330023C7F80831A2E707F092FC40
:102D7000E8E7C4E90830ABE75A0903F01F039D40B8
:102D8000024B43F82250AFE76820002000E100E04A
:102D900000E01050801F00204C200020052702007A
:102DA0000008125000ED00E038B51D4C0023E0781B
:102DB000A37508B9FFF7E0FB637E042B0BD1194D17
:102DC0000020FFF751FC18B1D5F80C31002BF7D0DB
:102DD0000023C5F80C310023134863706376A37099
:102DE000B0F90030002B0DDB5A09012103F01F035D
:102DF000994002F120030D4A42F82310BFF34F8F90
:102E0000BFF36F8FB0F90000FFF798FC054BFD2270
:102E1000C3F80823E07DBDE8384000F0DBBD00BF0B
:102E2000801F002000E010506820002000E100E03A
:102E300040B1012808D1054B1868A0F12903584278
:102E40005841704701207047002070474C200020F7
:102E50000F4A38B5137904460D461BB18D216F20FA
:102E600000F002FCFFF7E4FF70B1224453790BB18C
:102E7000002038BD012320465371FFF7BFFC2946CF
:102E80002046FFF769FCF3E76FF01500F1E700BF9C
:102E9000B01F002070B50D4D04462E791EB1A4213F
:102EA0006F2000F0E1FBFFF7C3FF60B125446B79B1
:102EB0000BB9002070BD2046FFF782FC20466E71E2
:102EC000FFF7B0FCF5E76FF01500F3E7B01F002047
:102ED00010B501B3F0B14FF0FF33104A1C46E0FBD0
:102EE0000134944203D9E5216F2000F0BDFB1A0D97
:102EF000C3F30F100A4B42EA04324FF22444B2FBF0
:102F0000F4F100EB024003FB1100B0FBF4F040EAE7
:102F10000140013010BD0846FCE700BF3F420F00F2
:102F2000000024F4014B9B68184700BFB01F00202D
:102F3000014BDB68184700BFB01F0020014B1B6925
:102F4000184700BFB01F002008B5064B1B7923B1FE
:102F500040F241116F2000F087FBBDE80840FFF709
:102F6000E7BC00BFB01F0020034B1A790AB9FFF776
:102F700039BC988D704700BFB01F0020034B1A79F1
:102F80000AB9FFF735BC988A704700BFB01F002010
:102F9000024B1B790BB9FFF7FDBC7047B01F002037
:102FA000014B9B69184700BFB01F002038B51D4C6E
:102FB000237933B3FFF7C2FF50B91B4DC5F8100199
:102FC000FFF7B0FFD5F81031002BFBD0FFF7B0FFB3
:102FD000154B6022C3F80423636A9847002806DB78
:102FE00094F82E3023B10123002084F8303038BD0E
:102FF000FFF7D6FF0028F6DA40F2A5116F2000F0A7
:1030000033FB0A4BA3610A4BE3610A4B23620A4B71
:10301000A3600A4BE3600A4B2361FFF7B3FD00286E
:10302000E1D0E4E7B01F002000E01050692B02005F
:103030008FA30200212902007DA3020083A30200C6
:1030400089A3020010B50A4C23795BB194F83030A3
:1030500053B1A36A9847002806DA4FF4EE716F2047
:1030600000F002FBFFF7A0FE002384F8303010BD13
:10307000B01F002038B5084B04461D7925B140F239
:10308000F9116F2000F0F0FAFEF768FC2046FFF718
:10309000A3FB284638BD00BFB01F0020034610B375
:1030A000007888B91A79012A1ED85A79012A1BD8C2
:1030B0009A680E49643A8A4216D8D8680C4B9842EE
:1030C0002CBF00200120704701280CD11A79012A59
:1030D00009D85A79012A06D8DA680449643A8A423A
:1030E00001D89868EAE70020704700BF3C860100DD
:1030F0000040420FF8B5044620B94FF4DC716A2055
:1031000000F0B2FA90F82C50072900F2FB80DFE8BB
:1031100001F004B2595989939DA490F82A30033BD9
:10312000012B02D940F2C311E9E7052380F82A30C8
:10313000002380F82D30037893B32378012B39D105
:10314000FEF78AFE636894F828606362C4E90601AA
:103150009EBB714B012231462046DA602022C3F823
:103160004065C3F84061C3F84465C3F84461C3F8DF
:103170004865C3F84861C3F84C65C3F84C61674BB8
:10318000C3F8902107F024F9236A3146284698476E
:103190000146204600F0EEF8022840F0B680F8BD67
:1031A000FEF7BEFC07460E46FEF756FE87428E41EE
:1031B000F6D3C2E7D4E90401C4E72046BDE8F840ED
:1031C00000F0AEB890F82A30DA1E012A02D940F297
:1031D000FB1194E790F828202AB121462846BDE843
:1031E000F84007F0DBB8042B14BF012302230229A7
:1031F00080F82A30036A0AD105212846984700281A
:10320000CDD00378002BCAD04FF4047177E70621A4
:10321000284698470028C2D00378002BBFD040F240
:1032200015216CE790F82A30052B02D04FF4077176
:1032300065E7036A0221A9E790F82A30052B02D03E
:1032400040F222215BE7036A01219FE790F82A30D0
:10325000052BB2D04FF40A7151E790F82A30052BB4
:1032600002D040F22D214AE7036A0A2128469847F6
:103270004FF40C7143E790F82A30052B07D090F8F3
:1032800029200AB1032B02D04FF40D7137E794F8CF
:103290002820002AA1D194F82D3093B102230821CF
:1032A000284684F82D2084F82A30236A984700287D
:1032B0003FF475AF0378002B3FF471AF4FF41071FA
:1032C0001DE794F8292062B1214694F82B0084F878
:1032D0002930FEF7CBFC00287FF461AF40F2452196
:1032E0000DE702230721284684F82A30236A9847ED
:1032F00000283FF454AF0378002B3FF450AF4FF455
:103300001371FCE640F25121F9E60128236A0CBF53
:10331000042103213AE700BF0050085000E100E01B
:1033200070B50446FEF7FCFB40F2F966656AD4E925
:103330000632963342F100025B1905F5DF6542F172
:103340000002B5FBF6F55B1942F1000283428A41A7
:1033500003D207212046FFF7CDFE054C236813B1A9
:10336000984700232360BDE87040FEF7DCBB00BF38
:10337000E41F002070B504460D4639B9012380F8DA
:103380002D30FFF7CDFF0226304670BD0E78032E9C
:103390006AD801A353F826F087330200A93302004C
:1033A0000B340200C73302004868C72801D8002642
:1033B000EAE70421FEF7C1FC0028F8D1696820463D
:1033C00007F006F8E0E790F82860F6B94D6828465F
:1033D000FFF764FE002847D02B78C3B90122227082
:1033E0002B79003B18BF012363726B79002B14BF4C
:1033F000042302232372AB68A5336360EB6884F86F
:1034000029202361032384F82A302046B9E794F861
:103410002A30052B04D04FF4CF716A2000F024F934
:1034200026702B7994F82B00003B18BF01236372A0
:103430006B79002B14BF042302232372EB68A96865
:10344000A5336360D4E906325B1842EBE172214692
:10345000C4E90432042384F82A30FEF707FC00286C
:10346000D3D14FF4D071D8E7012384F82D30CCE7C5
:103470002DE9F8438846074688B300F03DF84FF041
:10348000000905465FFA89F6B54203D86FF00B00D4
:10349000BDE8F883304609F1010900F033F890F8EF
:1034A0002A40002CEED1304600F02CF805460146AB
:1034B000048580F82A4080F82C600A48FEF758FB03
:1034C000202885F82B0002D16FF02200E0E70123CD
:1034D0002F62204685F82A3088F80060D8E76FF020
:1034E0001500D5E7F5300200024B00221A601A7170
:1034F000704700BFE81F0020014B1879704700BFDC
:10350000E81F0020044B1A79824283BF1B683022D7
:1035100002FB003000207047E81F00200A4610F030
:10352000030110B50AD1074C2271206008B90020B0
:1035300010BD30235A4307F055F9F8E76FF00D003E
:10354000F6E700BFE81F0020BFF34F8F0549064B89
:10355000CA6802F4E0621343CB60BFF34F8F00BF31
:10356000FDE700BF00ED00E00400FA05144B012266
:103570004FF0FF3113481B685A60C3F80813B0F9C5
:103580000030002B0CDB590903F01F039A4001F1B6
:1035900020030D4941F82320BFF34F8FBFF36F8FF6
:1035A000B0F90030002B09DB5A09012103F01F0399
:1035B000994002F16003044A42F82310704700BFAB
:1035C0005C2000207020002000E100E0F8B51D4CD8
:1035D0002378ABB3FDF766F9EFF3108772B60023DB
:1035E0000125194E6360FEF79DFAFFF72BFD174B7F
:1035F000C3F8A4504FF48063C6F89030BFF34F8FE8
:10360000BFF36F8FC6F89031FFF7B0FFB4F9083001
:10361000002B0BDB5A0903F01F039D4002F120032E
:1036200046F82350BFF34F8FBFF36F8FFFF75CFF58
:10363000074B0122C3F8082507B962B6002323709F
:10364000F8BD00BFF01F002000E100E000A008501E
:103650000020085008B572B6024B5B6803B198476A
:10366000FFF772FFF01F00201FB572B6144B5C68A5
:1036700094B9FFF769FFB2FBF6F22B465D1C002AF6
:10368000F9D1DBB203F110056D4405F80C2C0A22C8
:1036900033B901A8A047ECE7024600230A26EDE76C
:1036A000013BDBB203F110050DEB0506B0FBF2F5B3
:1036B00002FB1500303006F80C0C2846E8E700BF86
:1036C000F01F0020F8B5294F05460C4616463B78FA
:1036D000002B47D100F0CEF9254B1B681C2B06D1DF
:1036E000244B1B681BB99E211120FFF7BDFF06F07C
:1036F00041FE7E60204B01263C814FF48062C3F87E
:10370000A4601E4BC3F89020BFF34F8FBFF36F8FA1
:10371000C3F89021FFF72AFF194B002D14BF28464C
:103720001846FFF743FC0546D0B9FEF7EFF9FFF75F
:103730002FFC06F064FEFDF7A3F808B9BE21D3E71D
:10374000002C0BDB04F01F036409A4009E4004F16D
:10375000604404F56144C4F88061266001233B7035
:103760002846F8BD4FF0FF35FAE700BFF01F0020F4
:103770004C2000205020002000A0085000E100E074
:103780002CCA0400074BB3F90830002B09DB5A0997
:10379000012103F01F03994002F14003024A42F85D
:1037A00023107047F01F002000E100E0014B187863
:1037B000704700BFF01F00202DE9F74F4FF0FF3892
:1037C000524DCDE90012524A1478E4B282F80080DA
:1037D00014B14FF0FF3151704E4FDFF83C91DFF8DC
:1037E0003CA1EFF3108B72B64FF0010C2968009EDC
:1037F0004FF0000EC1F804C0C1F800E1C1F804E1C7
:10380000C2E90167019EC2E905670668C1F8106553
:103810004668C1F814658668C1F81865C668C1F8BD
:103820001C653F4EC1F830651036C1F83865C1F8E7
:1038300000C0BBF1000F29D162B627E0394ED6F89F
:1038400010C01CF0100F22D0B9F9001000290BDBBA
:103850004FEA511C4FF0010E01F01F010CF1600CFA
:103860000EFA01F14AF82C10EFF3108C72B64FF0FB
:10387000030E2968C1F804E3D1F800E1BEF1000F9E
:1038800001D1D1F80411BCF1000FD5D02968D1F8CD
:1038900000C1BCF1000F04D1D1F804C1BCF1000F8C
:1038A000CCD04BB10C9E3EB1D1F840C5C3F800C09E
:1038B000D1F83CC5C6F800C0D1F80411002990D158
:1038C0000CBB5778FFB254704FF0030C2968C1F855
:1038D00008C3C1F80441C1F800410F49B1F9001013
:1038E00000290BDB4C094FF0010C01F01F010CFA11
:1038F00001FC04F16001094C44F821C00021117061
:10390000002F7FF461AF03B0BDE8F08F5C20002092
:10391000FC1F00201000000B7020002000E100E0E0
:103920000020002000ED00E01A4B4FF4000270B5BB
:10393000C3F89820BFF34F8FBFF36F8F164C002151
:10394000164DC4F80011C3F898212E692B6906F0B2
:10395000100643F010032B610123C4F804332360E5
:10396000D4F800319BB11EB92B6923F010032B61F1
:103970000123D4F808054FF400026360C4F808334B
:103980000023C4F80031034BC3F8982170BD06F042
:1039900081FEE5E700E100E000700D5000ED00E081
:1039A00038B50B49042301EBC302157905F0FF0478
:1039B0002DB1013BF7D240216920FFF755FE41F8B8
:1039C000330001215471D8B29471117138BD00BF18
:1039D00020200020042808B503D947216920FFF7DB
:1039E00043FE034B002203EBC0031A7108BD00BF66
:1039F00020200020042808B503D950216920FFF7B2
:103A000033FE094B03EBC0000379012B01D0512198
:103A1000F4E7437982790133DBB29A4218BF4371EC
:103A2000BDE80840FFF7AEBE2020002038B50524D1
:103A30000F4D95F8281005EBC1031A79012A09D119
:103A400058799A79904205D05A79D2B29A7155F83C
:103A50003130984795F82830013C0133DBB2052B13
:103A600028BF002314F0FF0485F82830E1D138BDC9
:103A7000202000201449154BD1F84023292AF0B505
:103A80001A60D1F844C316D0272A02D1BCF1000F26
:103A900011D00F4A40F205140E4F46200E4E47211A
:103AA0000E4D5962C3E901C2C3E90327C3E90565A5
:103AB000C3E90740F0BD0A4A4FF48774074F4A2014
:103AC000084E4B21084DECE700C0FF004C200020C1
:103AD00000600450007004500030045000B00450E6
:103AE00000A004500040045000E00450094B0A4A72
:103AF000C3F800230132C3F80C230132C3F81823A2
:103B00000132C3F820230132C3F81C230132C3F869
:103B10001021704700A0085004000080074B0022CD
:103B2000C3F80023C3F80C23C3F81823C3F82023D9
:103B3000C3F81C23C3F81021704700BF00A0085031
:103B4000844641EA000313F0030359D1403A33D3CA
:103B5000F0B4F0C9F0C0F0C9F0C0F0C9F0C0F0C9CD
:103B6000F0C0403AF5D2F0BC26E0403A24D300BF82
:103B70000B6803604B6843608B688360CB68C360ED
:103B80000B6903614B6943618B698361CB69C361D5
:103B90000B6A03624B6A43628B6A8362CB6AC362BD
:103BA0000B6B03634B6B43638B6B8363CB6BC363A5
:103BB00040304031403ADBD230320BD30B680360E7
:103BC0004B6843608B688360CB68C36010301031F2
:103BD000103AF3D20C3205D351F8043B40F8043BC1
:103BE000043AF9D2043208D0D2071CBF11F8013BC5
:103BF00000F8013B01D30B8803806046704700BF8B
:103C0000082A13D38B07B0D010F00303ADD0C3F153
:103C10000403D21ADB071CBF11F8013B00F8013B7B
:103C2000A3D331F8023B20F8023B9EE7043AD9D3F4
:103C3000013A11F8013B00F8013BF9D20B7803700F
:103C40004B7843708B78837060467047014B1B68DC
:103C50001B68184790060020014B1B685B681847DB
:103C600090060020014B1B689B68184790060020B7
:103C7000014B1B681B69184790060020034B18680E
:103C8000034BC01A18BF0120704700BF90060020E8
:103C90009806002053B94AB9002908BF00281CBF64
:103CA0004FF0FF314FF0FF3000F00CB8ADF1080CD1
:103CB0006DE904CE06F0E1FDDDF804E0DDE9022364
:103CC00004B07047704700BFF2F7C0BD03F0B5BA4B
:103CD00003F0B6BA03F0B7BA38B505460C46EBF7B1
:103CE000B5FC30B13E2D04D12046BDE83840EBF79D
:103CF000EDBC38BD1FB5014601A800F006F801A8CB
:103D000004F02DFA05B05DF804FB0B88C3F30B0338
:103D100083804B88C380002343724B78C3F3011325
:103D2000012B03D09A1E534253415B0004310372AE
:103D3000016070478B88043010B500F8043C0C46D5
:103D400010F8033C03F0F00300F8033C8A88C2F348
:103D50000322134300F8033C03F0CF03CA8800F8A2
:103D6000022CCA8800F8033C120A00F8012C0A7AD7
:103D7000120102F03002134303F03F0300F8033C4A
:103D80004A7A43EA821300F8033C0968814205D06D
:103D9000E288FB2A28BFFB22FFF7D2FEE08804302E
:103DA000C0B210BD8B880A46043010B400F8043C41
:103DB00010F8033C03F0F00300F8033C8988C1F3DA
:103DC00003210B4300F8033C03F0CF03D18800F834
:103DD000021C10F8011C01F0C00100F8011CD4887D
:103DE00000F8033CC4F30524214300F8011C01F052
:103DF0003F01147A240104F03004234303F0BF038D
:103E000000F8033C547A00F8011C43EA841303F0E1
:103E10007F0300F8033C1168814203D0D28810BCB4
:103E2000FFF78EBE10BC70472DE9F0410B780546B8
:103E30000C46013B832B00F2B882DFE813F09300BD
:103E400097009B004C01B60214011A0120012601C3
:103E50002C0130013201420148018400B602A00069
:103E6000B602A40036013C0156015C015001B602C5
:103E70006201B6027501A501AB01B101B602B7013D
:103E8000C201C801B602F9010702630241025502EC
:103E90005D0247024F020D02B6021B0221022702F9
:103EA0002D02330237023B029E02A402AA02B00294
:103EB00069026F028D027502B602B602B602B60240
:103EC000B602B602B602B602B602B602B602B60232
:103ED000B602B602B602B602B602B602B602B60222
:103EE000B602B602B602B602B602B602B602B60212
:103EF000B602B602B602B602B602B602B602B60202
:103F0000B602B602B602B602B602B602B602B602F1
:103F1000B602B602B602B602B602B602B602B602E1
:103F2000B602B602B602B602B602B602B602B602D1
:103F3000B602B602B602B602B602B602B602B602C1
:103F40007B02810287020E23B1F803200B7042F23C
:103F500083039A4203D03221C720EBF773F806237C
:103F6000637047E10C230B700823F9E71A230B70E9
:103F70000123F5E73E230B700223A3703AE13E23B1
:103F80000B700B23F9E72920EBF7A0FB28B13E23A8
:103F90002370222363702923EFE70A20EBF796FBB7
:103FA0003E2305F1080204F108012B70A0B30A2397
:103FB0001F26AB70E378EB70A3882B71A3881B0AD4
:103FC0006B71A379AB71E379EB71A368AB608B88FC
:103FD0009380D4F80E30C5F80E30638A6B82636923
:103FE0006B61238B2B83638BAB76638B1B0AEB7626
:103FF000A38B2B77A38B1B0A6B77E38BAB77E38BBE
:104000001B0AEB7794F8203085F82030B21C6E70D4
:1040100096B23046BDE8F08101231326AB70E378F9
:10402000EB70A3882B71A3881B0A6B71A379AB710A
:10403000E37903F00103EB71A368AB608B88938095
:10404000638BAB73638B1B0AEB73A38B2B74A38BF8
:104050001B0A6B74E38BAB74E38B1B0AEB7494F851
:1040600020302B75D2E73E230B7004234B701423B2
:1040700083E73E230B700C234B7004237DE73E2324
:104080000B700A234B70032377E73E230B700D233D
:104090004B70052371E705232370042360E7082391
:1040A000FAE730230B7003235AE73E230B700B23F0
:1040B0004B70072361E73E230B7006234B700C23E4
:1040C0005BE713230B708B789B00013348E7572382
:1040D0000B70022344E73E230B700D234DE73E2374
:1040E0000B7001234B70112347E73E230B7006230F
:1040F0004B70122341E73E230B7009234B701323AF
:104100003BE73E2303702420EBF7E0FA10B12423B1
:10411000132601E00E230F263246A11CE81CAB70CB
:104120000136FFF70DFD71E73E2303702520EBF705
:10413000CDFAC0B125230A26AB70D4F80230C5F8F9
:104140000330D4F80630C5F807306389A5F80B3082
:10415000F01CE27A04F10C012844FFF7F1FCE37A49
:1041600001331E4452E70F230726AB706388A5F87E
:10417000033023796B716379AB71A379EB71A37A07
:104180002B72E37A6B72E3E73E230B7003234B70D1
:104190001023F2E63E230B7005234B702023ECE640
:1041A0003E230B7009234B702123E6E63E23037068
:1041B0002620EBF78BFA10B126231726ACE718233D
:1041C000A6E73E230B7004234B702723D5E63E233E
:1041D0000027037028233A468370D1F80230C0F8D4
:1041E0000330A979FBB299420CD8053296B2002E61
:1041F0007FF40CAF66782146284602363246FFF738
:104200009FFC06E7961DD31D0137A259A119E81896
:10421000EA50063131F8023C063020F8023C10F832
:10422000018C4246FFF78CFC06EB080292B2D8E7FD
:104230003E232A200B70EBF749FA18B12B23637049
:104240002A239AE61D236370192396E63E230B70FA
:1042500007234B701A2390E63E2338200B70EBF7B0
:1042600035FA18B13823A370232379E62C23A370E1
:10427000202375E63E230B704C234B702D237CE6E8
:104280003E230B7004234B702E2376E63E230B70E7
:1042900022234B702F2370E63E230B7016234B70A6
:1042A00030236AE63E230B70312366E63E230B7013
:1042B000322362E63E230B7002234B7033235CE60D
:1042C0003E230B7014234B70222356E63E230B70C3
:1042D0000B7C5B000F334B701D234EE63E230B70AF
:1042E00003234B701E2348E63E230B700B7D5B00BF
:1042F00013334B701B2340E63E230B7003234B709C
:104300001C233AE63E230B7005234B701F2334E633
:10431000FF230B700B234B70A2232EE6FF230B70A1
:1043200005234B70A32328E6FF230B700D234B704E
:10433000802322E6FF230B700D234B7082231CE6A3
:10434000FF230B7002234B70832316E6FF230B70B1
:1043500004234B70842310E6FF23C21C03708123C7
:104360008370D1F8033003F1280153F8040B8B421A
:1043700042F8040BF9D1292648E63E230B700C23A2
:104380004B702323F9E53E230B700E234B7037232C
:10439000F3E53E230B700A234B703523EDE53E23F6
:1043A0000B70FE234B702B23E7E540F26721D3E52A
:1043B00008B510B96FF0150008BDFFF79BFC002889
:1043C000F8D00020F8E710B50C4648B141B1EBF742
:1043D000C9F8002820700CBF6FF02200002010BD2B
:1043E0006FF01500FBE708B5EBF74EF9002008BDAC
:1043F00002F02AB808B5EBF759F9002008BD02F021
:1044000078BE02F09ABE0346022200201A700522EE
:1044100058709A708222D8705A716FF045021871E4
:104420009A716FF03502DA716FF02F021A727D22E5
:104430005A726FF072029A723C22DA72704702F07E
:1044400060B870B50446FBF743F8012805461AD159
:10445000601CFBF745F8B0B1A3790020E61D63F0BE
:104460003F03A371F2F7C0FC38B11022002130469F
:1044700006F0B8F90020257070BD3046FBF744F80F
:104480000028F2D0F6E70025F4E710B50446102224
:10449000002106F0A7F904F11003102200211846AC
:1044A00006F0A0F9FBF74AF80020F2F79DFC20B1D6
:1044B0002046FBF729F8002010BDFBF709F800287B
:1044C000F6D0F8E710B50446FFF72EFAB0F5007FF6
:1044D00009DA10F5007F08DD031EB8BF03339B1017
:1044E0000020237010BD7F23FAE76FF07E03F7E70B
:1044F0001FB5002341F64B524178CDF80A30D0F871
:104500000230934295BF4FF47A7240F2E242B3FB1D
:10451000F2F3B3FBF2F398BF03F5506302789BB25A
:1045200042EA0122ADF80230ADF80020ADF80430C7
:10453000C279837943EA0223ADF80630427A037ADE
:10454000684643EA0223ADF8083002F01FF905B0CF
:104550005DF804FB02F049BE0078003818BF012066
:1045600002F0F9B8F2F70EB9F2F754B902F026BE2C
:10457000F2F710B937B505460C4600880DF1060173
:1045800002F0F3F82B882380BDF80630638003B077
:1045900030BDF0F745BFF2F705B9F2F70FB9F2F702
:1045A0002BB902F052BE0078003818BF012002F08B
:1045B000D7B801F037BF01F099BF08B5EBF77EF827
:1045C000002008BDF0F7D6BC02F0D5B901F0ABBFB2
:1045D000F1F76CBC01F076BF02F01ABD02F09ABB95
:1045E00002F049BDF0F7E6BE02F09BB8F1F704B95E
:1045F000F1F7E8BA02F0CAB802F044B901F0A1BF7D
:1046000002F096B901F069BF01F018BF02F0BBB922
:1046100003880B8002F060BD01F0BABFF0F73CBD2B
:10462000F0F722BD01F0E7BF01F0F6BFF0F73EBDA5
:1046300002F029B802F0CDBC02F0E5B902F016BADA
:1046400002F0FBBC02F07BBB02F0ACBB02F095BBFE
:1046500002F09DBB02F037BA02F043BAF1F780BC1A
:1046600002F0DBBBF1F73ABDF0F738BE02F036B826
:10467000F1F728B901F005BF01F014BFF0F730BC25
:1046800002F066BC02F081BCF2F7D8B8F1F754B979
:10469000F1F7F4BDF1F726BF02F0B7BDF0F774BC37
:1046A000F0F730BDF8B5941C0E46054617460C448D
:1046B0006343B3F5004FA8BF4FF0FF3310F0030181
:1046C0009CB203D0B0211420EAF7BCFCB4F5004F33
:1046D00001D9B121F7E71422043006F083F8EF7412
:1046E0006C802E80F8BD0188C27C438810B48C1C7D
:1046F0001444A4B2B3FBF4F310BCDBB2FFF7D2BF97
:1047000038B50388C4888B420589C4F30E0203D2EE
:10471000D1211420EAF796FC84EA0503C3F30E03C3
:104720000BB9AC4206D102F118030122C1528274C6
:10473000184438BD1846FCE7023101444A43B2F53B
:10474000004FA8BF4FF0FF3290B21B3020F00300A3
:10475000B0F5004F34BF00B24FF0FF3070474088D3
:104760001B3020F00300B0F5004F34BF00B24FF013
:10477000FF3080B2704738B503888B4203D2F721EF
:104780001420EAF75FFC857C65B1C388C3F30E0390
:104790001833C25A8A4207D3C152811DEAF7C4FFB7
:1047A00000238374284638BD0025FBE703461830F4
:1047B000F0B59E88DD88B4B2C6F30E06A54214D0CB
:1047C0005F89DD7C845B3D44E41B0235A4B2354443
:1047D00028440D88A54284BF0C8025465989B1FA2A
:1047E00081F149091170DD81F0BD00252846FAE705
:1047F000F8B582880026C38904460D4692B20E6041
:10480000CBB14189C2F30E020B4418329BB2871818
:10481000825A4381934204D94FF4A2711420EAF7DB
:1048200011FC04D1011DEAF77FFF46812F600023B0
:104830000120E381F8BD1846FCE783880146028920
:104840009BB29A4202D00831EAF76EBF7047838864
:10485000C0889BB2C31A584258417047828873B5CA
:1048600095B2C488C2F30E02AC4202F1180212D013
:104870004189C689835A314499420EDB0DF1060104
:10488000ADF80650EAF750FFBDF80600001B18BF50
:10489000012002B070BD0020FBE70120F9E770B5F0
:1048A000C488034606891830C4F30E0584EA06025C
:1048B000C2F30E020AB9B4420FD19C891A880CB116
:1048C000465B921B914207DCDA7C2C440232224484
:1048D00010440A461A8270BD00221046FAE7F8B565
:1048E000038A002B38D08B4236D3C48800F11803DA
:1048F0008589C4F30E041E1995B91D5575708589F7
:104900001E5B0D443144ADB285811953D2B1811D76
:10491000EAF70AFF00238381002303820120F8BD08
:104920001E5BAE4204D04FF4F6711420EAF78AFB06
:10493000C57C2644878A023535445E195F53857DE0
:10494000B570DCE7C27C254402322A4499189B5A90
:1049500083828B788375DFE70020E0E78388C28855
:104960009BB29A4206D0428922B9C3F30E03183390
:104970001844704700207047C37C0233C818704742
:104980000230704738B58388C2889BB29A4209D0FA
:1049900043893BB9C5893DB9011DEAF7C5FEC5810B
:1049A000012038BD0020FCE71846FAE70023838188
:1049B0000382704703881380C388C3F30E03183340
:1049C000034480890B6070470368002223B9C0E963
:1049D0000132031D0360704759681B680A44F5E7FC
:1049E0000729034670B504D84FF4EC711520EAF797
:1049F00029FB0068C0B1446806461A688C4210D092
:104A0000106860B901F10805AC420DD354685050EC
:104A10001868651A541800686560505002E0134623
:104A2000E9E7146830461C6070BD0023C1E900321C
:104A300003680B600160704730B590B18478B1FBBA
:104A4000F4F304FB131300EB430252898A4201D1B1
:104A5000D8B230BDC27822B900F10803D0B2844286
:104A600001D8FF20F5E733F8025F01328D42F5D11E
:104A7000EFE78278038805324B4303EB4203184487
:104A8000704737B500240546CDE900448DF806008F
:104A90006846EBF733F8224601340028F8D0284660
:104AA000EAF774FF801AC0B203B030BD37B50024F6
:104AB0000546CDE900448DF806006846ADF804408F
:104AC000EBF71CF8BDF8044008B103B030BD29462F
:104AD0002046EAF7EFFF0028EFD040F2152117201B
:104AE000EAF7B0FA70B51E460D460921FFF724FE1D
:104AF0000446324609212846FFF71EFE40EA040319
:104B00001B0454BF00194FF0FF3070BDD31D23F0BC
:104B1000070370B5083390B110F0070403D0582193
:104B20002220EAF78FFA04604FF6FF75C28000F189
:104B300008040A468180013A92B2AA4203D103FBDB
:104B400001F0083070BD0668266004601C44F2E77E
:104B500018B1C2888188FFF7D9BF70470346EFF3C9
:104B6000108272B6006830B10168196000230370CA
:104B700043708370C37002B962B67047EFF310835D
:104B800072B602680A60016003B962B67047012319
:104B900003707047F8B50C46054611461E4684F072
:104BA00001046400E4B2FF23837003191B7D012B11
:104BB00005D00134E4B203191B7D012B0AD105EBAA
:104BC00044073B8B3A8C9819904205DD00232C4416
:104BD0003B8323750020F8BD05EB840432466068F2
:104BE0001844FEF7ADFF3B8B1E443E830023AB70A1
:104BF0000120F0E781F00101490010B5C9B2FF239F
:104C0000837043181C7D012C07D10C3120F8112032
:104C100002221A750023837010BD0131C9B24318F6
:104C20001C7D012CF1D04FF48C710920EAF70AFAAF
:104C3000024630B5837803F0FF00F3B9137D022BF1
:104C400019D0537D022B15D10346012089B10024D0
:104C5000D5180C332C7522F81340131803241C7537
:104C600002EB80035B680B6000F10C0332F8133039
:104C70008B80012030BD0123E8E70020FAE70346DE
:104C800030B5827802F0FF00E2B99A7D022A17D08F
:104C9000DC7D022C13D1032281B11D1900200C34BC
:104CA000287523F8140098180324047503EB820078
:104CB0000C32406833F8123008608B80012030BD20
:104CC0000324E9E70020FAE7037D012B01D1008BE3
:104CD0007047437D012B0CBF408B00207047837DC4
:104CE000012B01D1808B7047C37D012B0CBFC08B82
:104CF00000207047038B23B9408B003818BF012078
:104D0000704701207047838B23B9C08B003818BFD0
:104D10000120704701207047027D022A01D1008BDB
:104D20007047437D022B01D1408B7047032AF6D098
:104D3000032BF9D000207047827D022A01D1808B9D
:104D40007047C37D022B01D1C08B7047032AF6D078
:104D5000032BF9D00020704707B5EBF773F80DF17E
:104D6000020201A9FFF726FE019808B1FFF708FE2D
:104D700003B05DF804FB08B5EBF764F801224FF4CB
:104D80008171FFF7ACFD20B940F261111920EAF7FB
:104D900059F908BD10B5EBF755F80446FFF7DEFDED
:104DA000014620B94FF4B4711920EAF74BF92046B7
:104DB000BDE81040FFF7E0BD08B5EBF743F8FFF79B
:104DC000CDFDBDE80840FFF7DBBD10B5EBF73AF8C5
:104DD0000446FFF7D7FD20B940F275111920EAF714
:104DE00031F92046BDE81040FFF727BD2DE9F0411D
:104DF0000646069898460D46430711469DF81C70D6
:104E000002D010F0030003D025214C20EAF71AF954
:104E10004FF48B72FFF77AFE002F06AB044600FBBF
:104E200008F114BF00201846EAF7A0FC17B9069B4A
:104E300033602C60BDE8F081EBF7E0B92DE9F0417B
:104E40000D460446084691F8008003F047F90746EE
:104E5000284608F0030803F03DF90646284603F00B
:104E600041F96B78E070204684F800806770A67086
:104E7000A380BDE8F08169B1C31E012B09D9CB1E07
:104E8000012B06D9012805D001290CBF01200220E1
:104E900070470420704710B50446F2F749FE30B160
:104EA000032C04D10120BDE81040FDF73FB810BD30
:104EB000EBF70CBA012807D1487900F0C000A0F147
:104EC0004003584258417047002070470B46062265
:104ED00003F8032BB0F80920A1F80320C27A9A70D6
:104EE00070474FF42E71322008B5EAF7ABF813B5CE
:104EF00003460C4690F8DE2002F0FF0032B1A3F129
:104F0000360000F001FD18230420237002B010BD0C
:104F1000F8B50E46044620B940F201313220EAF7D6
:104F200091F8437A478963BB036DD0F80E20C3F82C
:104F30000320428AA3F80720437B026D03F0FD03A0
:104F4000003B18BF0123937094F8545094F8A63096
:104F50002BB194F8A7301D43002384F8A6302046D7
:104F600000F0D2FCAA0721D025F00405002220463B
:104F7000114684F8545000F0FFFEB8B940F22131D8
:104F8000CCE700213846EAF77FFD054610B940F22C
:104F90000D31C3E70088F1F779FE00212888EAF790
:104FA00089FD0028D0D040F21131B7E713223346F3
:104FB00004F1290103F8032B04F1090252F8040B50
:104FC0008A4243F8040BF9D112781A700023B371A6
:104FD000637A43B9F1F79EFD4B0404D53846BDE82A
:104FE000F84000F0F9BEF8BD38B504460D4600F0B3
:104FF000EBFC94F87030012B03D094F87030002B48
:10500000F7D13F220021204605F0ECFB07220023C8
:1050100084F8585084F84B2040F2011284F8543040
:1050200084F8A530A4F84C20636684F89430C4F862
:10503000903084F8A63038BD0023A0F8213180F8E4
:10504000233180F87030704708B5EBF7D7FF0120A7
:1050500008BD08B5EBF7D2FFBDE80840ECF732BA5F
:1050600008B5EBF7CBFFFAF74DFFBDE80840ECF7CA
:1050700093BA08B5EBF7C2FFECF708FAFAF742FF6C
:10508000BDE80840ECF788BA08B5EBF7B7FFECF7D6
:1050900065FE012008BD08B5EBF7B0FFFAF732FF57
:1050A000032008BD08B5EBF7A9FFECF7EFF9FAF715
:1050B00029FF032008BD0321EDF736BC0121EDF7E0
:1050C00033BC90F83E00003818BF01207047007ACA
:1050D000003818BF0120704710B501210446002098
:1050E000EAF7D2FC10B12146FFF77EFF0121084606
:1050F000EAF7CAFC10B12146FFF776FFBDE8104081
:10510000EEF78EB8EDF7E0BD80F84B10704711F068
:10511000010318BF012210B518BF80F824218C07A5
:1051200005D55A1C0224034483F82441D3B24A070C
:1051300042BFC018042380F8243110BD80F85710F6
:10514000704710B504460846194694F84030023BB3
:10515000012B0AD994F8400000F0FD000038BDE8AA
:10516000104018BF0120F1F73FBE0028F2D102F035
:10517000FD02101E18BF012002F0F3FA0828E9D042
:10518000012010BD90F8400000F0FD00003818BF6D
:105190000120F1F729BE38B504460D4690F8A63037
:1051A00003F0FF001BBB94F85430013B012B1DD8CA
:1051B00004291BD1D4F8103123B140F6ED1132206F
:1051C000E9F740FF236D13B940F6EE11F7E7F3F767
:1051D000D3FC216D04F1E80000F055FCF3F7D2FC9C
:1051E00084F8A750FF2384F8A630012038BD0020A2
:1051F000FCE780F84010704701F0FD0380F855107F
:10520000B3FA83F35B0980F84C30704710B504465D
:105210000846194600280CBF0123002384F85600D5
:1052200084F84D304FF0080384F84E3008D102F076
:10523000FD02101E18BF012002F093FA84F84E0000
:1052400010BD08B522B940F634213220E9F7FAFE44
:1052500080F85A101368C0F85B30938890F84120AA
:10526000A0F85F30036D5A72D0F84220C3F80A20CC
:10527000B0F84620DA8108BD80F84910704780F800
:105280004A1070472DE9F041D0F8C8509DF81840F9
:10529000954233D190F840208A422FD1002690F8D1
:1052A0001DC104F0020E32463146F5B2AC4506D2BD
:1052B00004F00500431A58425841BDE8F0814719EF
:1052C00097F82471A7F10308B8F1010F11D841F044
:1052D0000401BEF1000F0ED100EB850553F82270DA
:1052E0000136D5F8CC502B35BD4207D10132D2B2B0
:1052F000DBE73943F0E70132D2B2EDE70020DCE72B
:10530000012938B5044601D1ECF7C0F894F85430BF
:1053100004F16C0513F0030F02D02846EEF728F8CD
:105320002846EDF7D3FF2046BDE83840FFF784BE9E
:10533000A03002F06BB838B5012104460020EAF72E
:10534000A3FB20B940F6CD213220E9F77BFE63783C
:1053500080F85430227812F001031CBF012180F83C
:105360002411910705D5C11801330225DBB281F85C
:105370002451520742BF1B18042283F82421A3782A
:1053800080F84030E178FFF737FF237980F84B3021
:10539000637980F8573038BD10B504466C30EDF7AE
:1053A000E7FF2046BDE81040FFF746BE082970B56C
:1053B0000646154608461C460CD01946F1F754FE21
:1053C00018B9C1213320E9F73DFE237843F00203E9
:1053D000237070BD737C237073681A682A609B8881
:1053E000AB80F6E7036863B1EFF3108272B603682F
:1053F0001968016002B962B600221A705A709A7078
:10540000DA707047333070471FB5002403949DF95C
:10541000204002949DF81C4001949DF8184000948F
:10542000EDF7DEFC04B010BD1FB503939DF91830F5
:10543000CDE90123FF23042200930023EDF7D0FCE4
:1054400005B05DF804FB18B1407BFF3818BF0120A0
:10545000704708B520B940F297413320E9F7F2FDD3
:10546000C07EFF3818BF012008BD08B520B940F242
:105470009F413320E9F7E6FD807DFF3818BF01200A
:1054800008BD70B50C460546164602F0DEFB60749A
:10549000284602F0E5FB062EA07407D8012303FA84
:1054A00006F212F0550F06D19E4212D0002363700F
:1054B000C4E9013313E06370EB1C63600023A36055
:1054C0006B78063B13F0FF030AD009352374E560BF
:1054D00070BD03236370EB1809356360A56000237A
:1054E0001D46F3E738B50D46C178044611F03F017B
:1054F00005D128462822BDE8384005F073B902F0EE
:10550000A4FB6874204602F0ABFBA87423796B708F
:10551000E078830900F03F002B70227912F001013E
:105520001ABF611D0B230523696012F002011CBF25
:10553000E1180633A96018BFDBB2510744BF01333D
:10554000DBB212F008011CBFE1180233696118BF19
:10555000DBB212F010011CBFE1180333A96118BFC0
:10556000DBB212F020011EBFE1181233DBB212F0E1
:105570004002E96100F104011EBFE2180133DBB211
:105580002A62C91A11F0FF0114BFE2180A466A62C2
:105590006278013A121AD2B22A741AB10B441C442E
:1055A000EC6038BDEA60FCE7027802F00F02072ADF
:1055B00001D1FFF797BFFFF764BF0378012B1ED01F
:1055C000022B14D053B30339012907D84378DA06E4
:1055D00041BF23F04003437000230362437823F06C
:1055E000200343700023C3610374C3607047437892
:1055F000002223F00303426082604370E3E74378B4
:10560000022923F0020343704FF000038360E5D0CA
:105610004278436063F300024270D4E7CA1E012A55
:105620000FD8427812F0100F06D1437823F0080308
:10563000437000234361C6E722F0030243608360A6
:1056400042704378DB06F0D5BDE7012381F001010C
:1056500003704370037100238170C37043717047FE
:1056600030B501250024AB4284700571C5704471CA
:1056700007D0022B01D063B130BD04704470457176
:10568000FAE79DF80C309A1E534253410370437061
:10569000F2E7017042700371C370EDE703782BB13C
:1056A0004B7823F001034B7000234B6043782BB100
:1056B0004B7823F002034B7000238B6003792BB1EE
:1056C0004B7823F020034B700023CB6183782BB100
:1056D0004B7823F008034B7000234B61C3782BB148
:1056E0004B7823F010034B7000238B61437913B187
:1056F00000230B74CB6070474378002223F0220311
:105700008260C2614370704708B5D0F8E830D21AA1
:1057100004D54FF469712120E9F794FCD0F8C80052
:10572000B2FBF0F008BD022808B510D005D801285A
:105730000FD0FD219E20E9F785FCC31E012BF8D870
:10574000042840F2BE2008BF4FF4D26008BD60209C
:10575000FCE74FF4BC70F9E770B50D460646084605
:10576000FFF7E1FF04462846FAF7ECFE00F5224376
:105770004FF47A728C34B133A4B2B3FBF2F318193C
:10578000D6F8103113B1012D08BF400070BD38B5F7
:105790000D46044620B940F24D712120E9F752FC34
:1057A00091B1F3F7F5F910B940F25371F5E7D5E986
:1057B0000032A9685B1842F10002C4E97232B5F9FF
:1057C0002430A4F8EC3138BD00220023C0E9722354
:1057D000F9E7002110B50B4690F81D41CAB294427A
:1057E00005D2D0F8C800C31A5842584110BD00EB8A
:1057F00082022B330131D2F8CC201344EEE72DE99D
:10580000F0411E46D0F81031804617462BB1FFF705
:10581000E0FF0130C0B2BDE8F081D0F8C8400725F4
:10582000A4FB0545FFF7D5FF50B1D8E92C23A418F8
:1058300045EB0303A74276EB03030AD20320EAE712
:10584000D8E93032E41845EB0205A74276EB0505AE
:1058500001D20220DFE70120DDE72DE9F041044617
:10586000FCF75EF9074688462046D4E92C23FFF76B
:10587000C6FF0646FCF7CCFA1828034641D9421C5D
:10588000D4E9361513D04218AA42D4E92A2028BFF9
:105890006B1AD21B60EB0800012A70F100054FF073
:1058A00000052CDB9342854100DB13465D186D1A21
:1058B00041F288339D4228BF1D46FCF731F9C7F1FC
:1058C000320303449D421CD331462846FCF735FA87
:1058D000B8B9D4F8E020D4F8D830A818D4F8DC202F
:1058E0002B44C4F8E0009342C4F8D83003D1D4E983
:1058F0003A23C4E93023BDE8F041FCF703BB2B4653
:10590000D4E70020BDE8F08170B5044690F814316A
:1059100003F0FF05002B55D0FF2380F8153190F8D8
:105920001701FCF7D5F994F81701FCF77BFA94F806
:105930001E01FCF7CDF994F81E01FCF773FA002163
:105940002046FFF7DDFC94F8163104F1E805F3B1C9
:10595000D4F808312BB32846F3F7ECF8002384F889
:10596000153194F8165115F0FF0518BF0C2584F871
:105970001631C4F8103184F8143194F81701FCF78B
:10598000E7F890B940F2F9212120E9F75BFBD4F860
:10599000100130B1D4F808311BB900F5E470F3F709
:1059A00059F82846F3F756F8D8E7202694F81E0150
:1059B00084F81761FCF7CCF810B940F2FD21E3E759
:1059C00084F81E61284670BD10B5044690F8143165
:1059D0000BB1FFF799FF0023A4F80C3110BD90F82C
:1059E0006C00003818BF01207047D0F810310BB19F
:1059F000FFF78ABF0C207047F8B506460F4690F8AF
:105A0000153103F0FF04002B39D1FCF789F8054666
:105A100096F82001062F2AD8DFE807F00433332256
:105A20002E333300FFF77FFE00F19804A4B2D6F8BE
:105A3000B020D6F8D830AD1A8C3B2544AB428CBF91
:105A4000012400240AD83046FFF707FF30B1D6F80A
:105A5000D8408C3CA5422CBF002401242046F8BD30
:105A60000338012898BF282404F55774DFE740F273
:105A700046312120E9F7E6FA40F20124D7E7002475
:105A8000ECE70124EAE7F8B50C46054601F5E477B2
:105A90000021D4F8D001F3F733F8A842064606D126
:105AA0008268D4F8D0319A420DD2816959B1314619
:105AB0003846F2F7EDFF002331462B622046BDE861
:105AC000F840FFF764BEE9692F629A422CBFAA60D2
:105AD000AB60F3E710B504460020EEF727F8204648
:105AE000BDE81040FFF770BF034690F8142102F0A4
:105AF000FF0022B1B3F90C01003818BF0120704734
:105B00002DE9F041044688B0072900F2CB80DFE898
:105B100001F00490757570C993C690F8153103F0C3
:105B2000FF064BB10121FFF7EBFBFAF747FA08B08C
:105B3000BDE8F041FBF7F7BFFCF78EF902460B46D4
:105B400007468846C4E92C012046FFF7DDFD94F89E
:105B50001D1102940596E1B1D4F8E850D4F8C8209C
:105B60007B1BB3FBF2F302FB035533467D1BDAB21A
:105B7000013304EB8202D2F8CC2002F12B0CAC45AD
:105B80009EBF2B3D0136AD1ADAB298BFF6B29142F4
:105B9000EDD2B4F8223184F81C61C3F30C038DF804
:105BA0001860C3B1D4F818310020039303238DF893
:105BB00010308DF8190002A8EDF772F8D4F8D8006B
:105BC0008238C4F8E000FCF79DF990BB40F29311D5
:105BD0002120E9F737FAB0FA80F03A464346400907
:105BE0008DF810002046FFF78FFD003818BF012008
:105BF000DFE708B0BDE8F041FAF766BBB0F8223144
:105C0000C3F30C030BB1FFF7C7FB0022012302A96A
:105C100020460092EDF7A4FF40B102A994F81701C5
:105C2000FCF724F828B940F28771D1E72046EDF758
:105C30008BF808B0BDE8F08190F8153123B108B0B9
:105C4000BDE8F041EDF740B8B0F82231C3F30C03E2
:105C500013B390F82031033B012BF0D890F81F319B
:105C6000002BECD1012180F81F1144F23650FCF7D3
:105C700064F80028E3D144F23650D4F8D830034415
:105C8000C4F8D830D4F8E0301844C4F8E000FCF789
:105C900039F90028CDD1D2E7FFF7DFFDF9E740F26F
:105CA000C91195E740F2CD1192E730B5044689B0AD
:105CB0000D4690F8142102F0FF0322B140F26A2150
:105CC0002120E9F7BFF9FF2280F8142180F815316F
:105CD00080F81C31A0F80C31FFF77BFDD0B994F8A7
:105CE0001D110346C2B291420CD2C4F8F030012219
:105CF000002302A920460095EDF732FF68B940F273
:105D00007F21DDE704EB82022B330130D2F8CC2077
:105D10001344E7E741F28833E7E702A994F8170153
:105D2000FBF7A4FF10B94FF42071C9E709B030BDEB
:105D300070B504460D4690F8143123B140F29A2113
:105D40002120E9F77FF911B940F29B21F8E7EDF73F
:105D500065FC064670B1C4F8105195F8F03103F0B7
:105D6000FF0113B14FF42971EAE784F816112046B8
:105D7000FFF79BFF304670BD70B505460E46EDF748
:105D80004DFC044618B131462846FFF78EFF2046E9
:105D900070BD10B5044688B090F8152102F0FF03DD
:105DA0009AB91A4602A90093EDF7DAFE50B102A99A
:105DB00094F81701FBF75AFF38B940F26E712120B1
:105DC000E9F740F92046ECF7BFFFFAF7F7F808B01B
:105DD000BDE81040FBF7A7BE10B50E21E9F718FE8D
:105DE000044618B965215320E9F72CF94FF4B8722D
:105DF000002104F0F7FC41F20143A4F8F030012344
:105E000084F8133110BD00EA400000EA400000EAC7
:105E1000400000EA400000EA400000EA4000B0FA1A
:105E200080F04009704708B5034610468B4209D000
:105E30003AB183EA010002F05BFB01288CBF00202D
:105E4000012008BD0120FCE737B5002304460D46BC
:105E5000CDE900336846E9F751FE30B10023CDE9C2
:105E6000003302238DF8063012E0009B2A462046BC
:105E7000196AFFF7D8FF0028ECD0012003B030BD2D
:105E8000009B2A462046196AFFF7CDFF0028F4D16F
:105E90006846E9F733FE0028F2D00023CDE900334D
:105EA00004238DF8063007E0009B2A462046196837
:105EB000FFF7B9FF0028E0D16846E9F71FFE002888
:105EC000F2D00023CDE9003305238DF8063007E03A
:105ED000009B2A4620461968FFF7A5FF0028CCD171
:105EE0006846E9F70BFE0028F2D00023CDE9003325
:105EF00009238DF8063008E0009B2A462046D3F897
:105F0000BC11FFF790FF0028B7D16846E9F7F6FD0E
:105F10000028F1D00023CDE900330B238DF80630A3
:105F200008E0009B2A462046D3F8E410FFF77BFFE9
:105F30000028A2D16846E9F7E1FD0028F1D000224F
:105F40004FF44023CDE900236846E9F7D7FD58B167
:105F50000023CDE900330A238DF806306846E9F7BF
:105F6000CDFD58B1002089E7009B2A462046D3F892
:105F7000E410FFF758FF0028E6D07EE7009B2A4692
:105F80002046D3F81411FFF74EFF0028E6D075E73E
:105F900070B523260025F1F731FE0446EEF7D6F85A
:105FA00020B100212046FFF74FFF50B10020013EF5
:105FB00001D00028EFD04DB940F215210F20E9F7AC
:105FC00041F820462546EEF7F7F8F0E7284670BD81
:105FD00000F0FD00003818BF012070474A09012376
:105FE00001F01F0150F822008B401840003818BF04
:105FF0000120704710B501224C0901F01F0150F833
:1060000024308A40134340F8243010BD6FF45063AD
:10601000C318062B8EBF40F2E243A0F550604FF448
:106020007A735843704720B190F81202003818BFB5
:106030000120704790F8F031DBB290F8B0202AB917
:1060400003F0FB00003818BF0120704700207047A4
:1060500090F80432DBB290F8B0202AB903F0FB00CC
:10606000003818BF012070470020704710B5044663
:1060700038B1F0F759FD24EA0000B0FA80F0400989
:1060800010BD0120FCE72DE9F84380461746B0F823
:106090006660B0F8685089B303F089FC04460221B9
:1060A00001F064FC81460221204601F05FFC4E4570
:1060B000B8F8003028BF4E463B80B6B21B2E38BF22
:1060C0001B26FB2E28BFFB26854228BF05467E8067
:1060D000ADB21B2D38BF1B25FB2D28BFFB25B4F50A
:1060E000A47F38BF4FF4A474FD80B4F5296F28BF96
:1060F0004FF42964BC803C81BDE8F88302F0D1FFF5
:10610000CCE7002307B5CDE9003303238DF8063033
:106110006846E9F7F3FC08B1002004E0009803F0BA
:1061200052F80028F4D003B05DF804FB1FB500223C
:1061300040F6881303A90092FAF778FB05B05DF8E2
:1061400004FB38B540F2E2450C46B0F80310B0F855
:1061500001002A4669436843F2F720FDA5862063C3
:1061600038BD70B505460C4603F02DF8F0B9284649
:1061700003F0F7F8D0B904212046E9F785FC06467C
:1061800078B906212046E9F77FFC054680B903214E
:106190002046E9F78FFC88B141F6B3213920E8F7B2
:1061A00051FF403002F038FE0028EAD00C2010E009
:1061B000403002F031FE0028E9D0F7E73EB104217B
:1061C0002046E9F777FC10B141F6BA21E6E70DB9B0
:1061D000002070BD06212046E9F76CFC0028F7D0AE
:1061E00041F6C121DAE738B505460C461AB11F2938
:1061F00014D9122038BDE9F793FDA04210D32846E8
:1062000003F0AAF908B11F2CF3D8284603F000F9CF
:1062100040B12146284603F034F928B10020E9E7CF
:106220000720E7E74220E5E74520E3E738B50546E4
:1062300003F0EEF8E8B1284602F0C5FF08B90020E7
:1062400038BD284602F0F3FE0446284602F0F2FE6E
:1062500088B9002CF3D02088F0F718FD022120889F
:10626000E9F728FC0028EAD041F6E3413920E8F7B5
:10627000E9FE4220E4E70C20E2E7037840680BB92E
:10628000FFF7D8BEFFF7E4BEF0B587B0054600883B
:1062900001A901F07CFA044600287BD1029B93F807
:1062A0006221D11E4A424A418DF802209DF8042005
:1062B000002A72D193F88F201F2A72D19DF80220F4
:1062C00082F0010293F8E0308DF803209B0603D49E
:1062D0009DF80330002B68D0EB881B3B9BB2E02B72
:1062E00065D8298944F24810A1F5A4739BB2834272
:1062F0005DD86B881B3B9BB2E02B58D8AA88A2F5CF
:10630000A4739BB2834252D8B1F5296F51D8B2F52C
:10631000296F4ED8029EFF2786F823719DF8023020
:10632000002B40D19DF8041003AA3046B1FA81F148
:106330004909FFF7A8FE6A88BDF8123040F6480008
:10634000BDF814109342B5F806C028BF1346814229
:10635000AA88A6F8283128BF0146BDF80E3063454B
:1063600028BF6346A6F82431BDF81030834228BF09
:1063700003462889834228BF03468A42A6F826316D
:10638000134628BF0B46A6F82A3186F8227100234F
:1063900086F82331204607B0F0BDD3F8802092065E
:1063A0008CD422468EE73A24F1E71A24F2E712242D
:1063B000F0E71124EEE710B50446FFF7A2FE58B946
:1063C00001210020E9F760FBD0B901210846E9F777
:1063D0005BFBD8B9012009E0F0F75EFB68B1EEF78E
:1063E0000DFB044603F09DF808B1002010BD2046C7
:1063F00003F093F80028E3D0F7E7002CE0D1F4E7AE
:10640000A830FFF7ECFA0028DFD0EEE7A830FFF75E
:10641000E6FA80F00100C0B2E8E708B5F0F718FB33
:10642000002008BD102243F27E030270C270592280
:10643000A0F801308280C38000207047082108B591
:10644000E9F782F8002008BD73B506460D460088BE
:10645000694601F09CF9044688B9B3785BB9019BA1
:1064600093F97C00A87033882B80F0F7B1FFA870F7
:10647000204602B070BD7F20FFF758FEF2E70224ED
:10648000F6E710B504466FF07F00FFF74FFEF0F718
:106490009FFF20707F20FFF749FEF0F799FF6070A3
:1064A000002010BD10B50446F0F7E8FF00EB8003B4
:1064B0005B002380F0F7E8FF00EB800300205B0027
:1064C000638010BD10B50446EEF798FA03F022F889
:1064D000F0F77EFF2070002010BD0A4600F1100189
:1064E00008B5072304F0CCF8002008BD10B501461C
:1064F00004460020F0F75EFC08B92060A080002070
:1065000010BD10B50446F0F79DFA28B900202146C9
:10651000F0F738FC002010BD0020FFF74CFF0028EA
:10652000F4D10C20F7E710B504460120FFF743FF34
:1065300028B101202146F0F725FC002010BD0C20D9
:10654000FCE7F7B50C4605466946008801F01FF9DF
:10655000A21C034690B9019901F1970781F8CB304D
:1065600038681060387910712888208091F8CB60E5
:1065700006F0FF00002EF1D103B0F0BD0023022091
:10658000C4F80230137123706370F5E7FFF77CBE27
:106590001FB544F290228388934217D80288B3F53E
:1065A000296FADF8042028BF4FF4296340880A8082
:1065B000ADF80600ADF80A0001A8ADF80830ADF856
:1065C0000C30FFF761FE05B05DF804FB1220FAE71E
:1065D00037B50D46694601F0DAF8044640B99DF832
:1065E00000102A460198B1FA81F14909FFF74BFDE5
:1065F000204603B030BD03466FF06F0100200A2231
:1066000010B56FF00404587099701C70DA701C712A
:1066100058719971DA7110BDF7B506460D460088BC
:10662000694601F0B4F8044690B9019F87F87640B6
:1066300097F87400EDF708FDA87097F87500EDF76E
:1066400003FDE87097F87630002BEFD133882B806C
:10665000204603B0F0BD10B583880446022B10D845
:10666000C078FFF703FD08B9112010BDA078FFF72F
:10667000FDFC0028F8D020460121BDE81040EEF7CF
:10668000D7B91220F1E737B58378C17803F0010458
:10669000027903F0020351EA04051DD052EA030512
:1066A0001AD0002C18BF0021002B037818BF00223D
:1066B0008DF802108DF80320427843EA0223ADF8EA
:1066C000003043798279684643EA0223ADF804300A
:1066D000FFF7C1FF03B030BD1120FBE710B5044642
:1066E0000020F0F7D3F92378012B13D16378012B25
:1066F00003D9022B0CD1A38853B1628862B1A3885D
:1067000053B10A214A434FF4A0614B439A4203DB41
:10671000122010BD002BFBD12046BDE81040EDF744
:106720004FBF07B5037800214278012B8DF8003068
:106730008DF80120ADF80210ADF8041007D1012A40
:1067400007D86846EDF73CFF03B05DF804FB002B6B
:10675000F7D01220F8E708B5EAF7F0F9002008BDF5
:1067600008B5F6F777FF002008BD13B50C4669465B
:1067700001F00DF830B9019B9DF80020B3F8883086
:1067800012B9238002B010BD0133FAE72DE9FF41B1
:10679000054602A9008800F0FAFF20B10226304623
:1067A00004B0BDE8F0819DF80830012B01D111261D
:1067B000F5E7039C2046FFF73DFC0028EED0AA88B1
:1067C0001046FFF723FC07464CB1E369984206D117
:1067D000638E6889A989884203D91226DFE70123DD
:1067E000F7E7019320462B890093EB886988EDF742
:1067F00015FD804600283FD094F8223203F0FF06B2
:10680000002B3BD104F13C0001F095FD2B30874279
:10681000CDD30D212088E9F737F9FFF704FC78BBC9
:10682000AB886FF450621344062B8ABF40F2E243F8
:106830006423B046BB42D0D2B8F1000F05D0B4F803
:10684000741040F2022291421AD1A4F80E32C4F818
:106850001472EA79AB7943EA0223A4F818322B7A4E
:106860006A7A43EA0223A4F81A32002384F8203219
:10687000FF2384F8223292E7302690E73A268EE70B
:106880000C268CE713B5044601F02AF800284DD0F9
:106890002046FF24F0F70EFE0023CDE900336846C2
:1068A000E9F72CF948B300244FF44033CDE9004315
:1068B000FF246846E9F722F918B300204FF480233B
:1068C000FF24CDE900036846E9F718F9E8B1002193
:1068D0004FF4C023FF24CDE900136846E9F70EF911
:1068E000B8B100224FF42023CDE900236846E9F730
:1068F00005F990B1002002B010BD009B83F805425D
:10690000CDE7009B83F88A40D3E7009B83F83440AF
:10691000D9E7009B83F83440DFE7009B93F83820E9
:10692000032AE3D1FF2283F82220DFE71220E2E7E7
:1069300013B50088694600F02AFF0146C0B99DF8EA
:106940000030019C73B19DF80030012B03D10198F8
:10695000FFF77EFB58B194F833314BB9FF2384F82D
:10696000333105E02046FFF765FB0028EBD102211B
:10697000084602B010BD10B50446F0F7CBF8206011
:106980000020616010BD70B5002105460088E9F760
:106990007BF8044688B3FFF74DFB10B90C26304650
:1069A00070BD94F8523203F0FF0643BB94F8E03018
:1069B000DB0726D5D4F81C31002BEFD1D5F80230F7
:1069C00004F50E72C4F84832D5F80630C4F84C32DB
:1069D0006B89A4F8503205F10C031C3553F8041BE5
:1069E000AB4242F8041BF9D10C2104F50970E8F719
:1069F000ABFDFF2384F85232D1E70226CFE73A26D7
:106A0000CDE71A26CBE7F0B5044689B000200E4644
:106A100004F11807F0F73AF823466A461868083375
:106A200053F8041C1546BB4203C52A46F6D1198803
:106A30009B782980AB7000238DF81B308DF81C30BB
:106A4000637E042B10D8A37E042B0DD8237D022B4C
:106A50000AD0637803F01803082B05D03146684646
:106A6000EFF728F909B0F0BD1220FBE7F0B50446B6
:106A700089B000200E4604F11807F0F707F8234606
:106A80006A461868083353F8041C1546BB4203C510
:106A90002A46F6D11B782B7000238DF81930ADF8FB
:106AA0001A308DF81C30237D022B0AD0637803F056
:106AB0001803082B05D031466846EFF7FBF809B0FC
:106AC000F0BD1220FBE710B5032104460078E8F77B
:106AD000DBFF20B12178BDE81040FFF742BB422028
:106AE00010BD13B500200024EFF7D0FF0323CDE93C
:106AF00000448DF806306846E9F700F810B12046EA
:106B000002B010BDBDF804100098FFF72AFB002862
:106B100018BF0C24EFE72DE9F341054690F80180FA
:106B200003210078E8F7B0FF0446002800F08680D3
:106B3000EFF7B2FF002839D0204602F0C8FCEE780B
:106B4000864228BF0646B6B2B8F1040F30D1002EF7
:106B500048D1204602F000FD6B78032B56D108F097
:106B6000FD07012F63D1204602F0F6FC00285CD11E
:106B7000B8F1010F08BF02273A46E16C6846E9F711
:106B8000E7F833466A680121E06CFEF703F810B3BA
:106B90006B78023B012B07D8E06CFEF795F80121DA
:106BA0000246E06CFEF726F800201CE0EE78CBE70A
:106BB000E06CFEF789F88719BFB2EFF76DFFA8B94F
:106BC000EB7853B9204602F082FC87420ED920466A
:106BD00002F0C2FC30B9072005E0204602F089FC33
:106BE0000028EFD1122002B0BDE8F081EFF754FF8A
:106BF000394602462046FFF7F6FA0028F3D1A8F1FD
:106C00000303012BA5D9002EA3D1EBE70028E9D17E
:106C1000042BA4D1204602F0D6FA0028E2D0E06C82
:106C2000FEF768F800289AD1DCE70027A4E7B8F15E
:106C3000040FA6D1204602F0BFFCB5E74220D2E700
:106C40002DE9F7430746467890F803900321007832
:106C5000E8F71AFF0446002856D0EFF71DFF30B1C1
:106C6000204602F05EFC002808BF4FF00009E06CEF
:106C7000FEF735F800EB09081FFA88F8EFF70CFF6C
:106C800060B1EFF709FF414602462046FFF7ABFA35
:106C9000054668B1284603B0BDE8F083FB78002BB9
:106CA000EFD0204602F03DFC0028EAD11225F1E7A2
:106CB000042EFBD0032E0CD1204602F04DFC08BB65
:106CC000012E14BF05220622E16C6846E9F740F860
:106CD00008E0B9F1000FE9D0204602F074FAA8B933
:106CE000012EE9D04B467A680021E06CFDF752FF97
:106CF00070B1023E012ECDD842460021E06CFDF776
:106D000079FFC7E70422DFE74225C3E70C25C1E787
:106D10000725BFE713B50446EDF770FE4FF4407347
:106D20006846ADF8003000238DF8023014F8013BBE
:106D30008DF803300194FFF783FF02B010BD13B547
:106D400004460020EFF7A2FEE378FB2B13D822784D
:106D5000043468468DF803308DF8002014F8022CB6
:106D60008DF8022014F8032C01948DF80120FFF710
:106D700067FF02B010BD1220FBE710B504460020EB
:106D8000EFF784FEE8F7CCFF2080002010BD10B59F
:106D900004460020EFF77AFE0320E8F7F7FD2070A5
:106DA000002010BD73B504460020EFF76FFE637836
:106DB0007BBB23783BBB01936C46009303238DF888
:106DC00006302046E8F79AFED0B90098FFF72EFA71
:106DD0000028F6D018E09E00032104EB8303987886
:106DE000E8F752FEB8B12378012B0BD1B11C214436
:106DF000EDF798FF013538B96278EBB29A42EAD8DC
:106E0000002001E013B1122002B070BDFFF70EFAAE
:106E1000F0E70025F0E74220F6E72DE9FF410646BE
:106E200003210078E8F730FE0746002800F088804C
:106E300004213078E8F728FE044668B90621307846
:106E4000E8F722FE044618B90C2004B0BDE8F08132
:106E500090F8BD30002BF7D17378042B17D104F1D3
:106E6000400001F0D9FF08B91220EEE7A068FDF755
:106E700041FF0028F8D0B378002BF5D17378033B9D
:106E8000012BF1D87378012B0ED102220FE0B278DA
:106E9000002AF3D0033B012BF4D904F1400001F0A8
:106EA000BBFF0028EED0CFE7032B04D10122A1685D
:106EB00002A8E8F74DFF7378042B3DD0B378F21C9D
:106EC0000121A068FDF766FE00283BD0A068FDF711
:106ED000FBFEE28D804694F8300094F834104FF6B3
:106EE000FF7301F0FF0579BB9A4212D000280CBF56
:106EF00023253B257B79414600952046226F02F0F1
:106F00002FFF024658B9A0680121FDF773FE452006
:106F10009BE794F83530002B18BF0925EAE77B7909
:106F200023747378023B012B04D842460121A068E8
:106F3000FDF760FE002088E7204602F01FFFF9E71A
:106F4000422082E7072080E79A42CFD10925D1E786
:106F5000038810B50B80044605218088E8F794FD6E
:106F600088B10721A088E8F78FFD034620B190F88B
:106F70003530003B18BF0123A28861882088BDE816
:106F80001040EDF77DBA422010BD038870B50B802C
:106F9000044604210079E8F777FDA0B9062120799D
:106FA000E8F772FD88B190F8BD500235EDB240307F
:106FB00001F032FF58B12B46227961882088BDE864
:106FC0007040EDF75DBA0225F1E7422070BD0C205C
:106FD000FCE738B5032105460078E8F755FD04467F
:106FE000A0B102F0F0F828B92046691C02F067FA57
:106FF000002038BD204602F094FA08B10C20F8E7D2
:10700000204602F08AFA0028EED0F7E74220F0E7A7
:1070100013B50446EDF7F2FC684614F8013B8DF811
:1070200003304FF440730194ADF8003000238DF825
:107030000230FFF770FD02B010BD13B5044600200A
:10704000EFF724FDE378FB2B13D82278043468464D
:107050008DF803308DF8002014F8022C8DF80220F2
:1070600014F8032C01948DF80120FFF754FD02B0B1
:1070700010BD1220FBE773B50546EDF7BFFC0446D3
:107080002B7863B100230DF1010101208DF8003050
:10709000EFF790FE18B16846FFF79BFF88B900260E
:1070A00020468DF8006002F044FA2B78C0018DF87C
:1070B0000360012BADF8010005D169462046EDF7CC
:1070C00031FE02B070BD2BB9204602B0BDE8704061
:1070D000FFF7ACB81220F4E708B502210088E8F702
:1070E000D3FC20B10021BDE8084002F059BB0220CA
:1070F00008BD37B504460D4600880921E8F7C4FCF1
:1071000010B10C2003B030BD0B212088E8F7BCFC87
:107110000028F6D10C212088E8F7B6FC0028F0D131
:107120006946208800F033FB0028EBD123882B80B0
:10713000019BB3F8BC306B80E4E737B504460D46DD
:1071400000880921E8F7A0FC10B10C2003B030BD85
:107150000B212088E8F798FC0028F6D10C21208824
:10716000E8F792FC0028F0D1238898B22B8063883E
:107170000BB91220EAE7694600F009FB0028E5D1C7
:10718000658842F21072019BA9B2DC6951435A8EA4
:1071900062439C8C04FB02229142EAD3DA69DC69E7
:1071A0009442FBD10022A3F8BC50C3F8B420621E65
:1071B0000A44B2FBF4F2C3F8B820C7E710B504469E
:1071C0000078FF280AD00321E8F75EFC58B1637805
:1071D000A27843EA0223C384002010BDB4F8010062
:1071E000F2F736FAF8E74220F7E710B504460078E0
:1071F000003818BF0120F4F7DBFC2078003818BFF6
:107200000120F2F7A7F9002010BD10B50446EFF7F2
:1072100043FC50B1EDF7F2FB6178C1F3400201F09D
:10722000010102F0CDF9002010BD03212078E8F71C
:107230002BFC0028F0D14220F6E70820EFF732BC03
:107240000B20EFF72FBC02F0D5BC08B5C37802467F
:10725000013BD8B2042801D9FE2806D11378042BAB
:1072600003D1ECF7FDF9002008BD1220FCE710B5B2
:10727000044604B910BD236898476468F9E70368B9
:107280000BB9016070471A465B6813B18A42FAD1A4
:1072900070478A4218BF5160704708B502F082FB00
:1072A000EDF718FEFDF718FFBDE80840F1F7A0BBA9
:1072B00008B5FE20ECF7D4F9BDE80840FFF7EDBFB4
:1072C00008B5F2F7EDF8F3F713FC20B140F24111E5
:1072D0009320E7F7B7FE0320BDE80840FDF7E6BBC3
:1072E00008B50220FDF7E2FB0020FDF7DFFBE8F721
:1072F000A1FCEFF7BBFCE9F785FA20B140F22111C0
:107300009320E7F79FFE08BD08B5FFF7D1FF02F015
:107310006BFC20B140F2A3119320E7F793FE08BD68
:10732000002307B5CDE9003304238DF80630684605
:10733000E8F7E4FB38B102F0B1FC48B140F2D911F2
:107340009320E7F77FFE0098403001F0D8FDEEE78C
:107350000420FDF7ABFB03B05DF804FB002307B589
:10736000CDE9003306238DF806306846E8F7C6FB02
:1073700038B102F021FD48B140F266219320E7F7D1
:1073800061FE0098403002F0CBFEEEE70620FDF7EC
:107390008DFB03B05DF804FBFFF7A2BF08B5EBF768
:1073A00077FCEFF787FAEFF7ADFA02F01FFCBDE8C4
:1073B0000840F0F7B5BA10B5C378044691B163B987
:1073C0000388012B01D95B082380F0F7FFFB23889A
:1073D000B0FBF3F202FB1300A070E37883F001032B
:1073E000E37010BD002BF8D10388FE2BEDD85B00B5
:1073F0009BB2FF2B88BFFF23E6E7837813B1013BE5
:10740000DBB28370B3FA83F0400970470123038035
:1074100040F2011343807047FBF7A6BD0B461522CF
:1074200003F8032BD0F80920C1F80320427B1A711E
:107430007047012804D1012914BF002001207047A2
:10744000022801D10229F7E7042908BF04280CBF4C
:1074500001200020704737B504460D46F0F7D4F8F8
:1074600018B36FF4B6730221E01803886846ADF8CC
:10747000003034F8FD3CADF8023034F8FB3CADF898
:107480000430EDF7D5FA18B14221AE20E7F7DAFD66
:10749000ADF800009DF80030002063F307009DF870
:1074A000013063F30F2003B030BD3B232B70D4F8C1
:1074B0000930C5F803300423ADF80030EAE708B519
:1074C000436893F88E201AB18521AE20E7F7BAFD04
:1074D000212283F88E2008BD042906D101280AD173
:1074E00003210120518013807047032903D1012813
:1074F00001D00421F5E700207047012807D00228B9
:1075000005D0033801288CBF00200120800070477F
:10751000182070477FB50B464468CDE90021184616
:107520001146EFF74DFB94F8746094F87550C3B2B0
:10753000C0F30720B34208BF0023854208BF0020E4
:1075400084F80A3284F80B0204B070BD2DE9F341CF
:10755000446805460F4694F88F80B8F1000F6FD14C
:1075600094F88E30253B022B63D901A8EFF7D0FBAE
:10757000E0B1019B0DF10301DB788DF80330162299
:1075800094F88E00F0F76CFB064688B1024616218F
:10759000284601F07BF83223284684F88F3001F02A
:1075A00051F84646304602B0BDE8F0814146E6E774
:1075B0003B7913F0070235D07B7913F0070331D004
:1075C00084F86C2084F86D3094F82D311BBB94F84E
:1075D0002C31012B1FD094F8753094F86C20D91EF3
:1075E000012998BF04239A4226D194F87430DA1EF8
:1075F000012A94F86D2098BF04239A421CD16B682D
:10760000022283F82C21B4F87230B4F87020A4F868
:107610003031A4F82E212323284684F88F3001F03E
:1076200011F8BFE73946284602B0BDE8F04101F045
:1076300046B84FF02008B4E72846EFF705FBEAE725
:107640000126AFE713B5446894F88E30212B22D180
:107650000B7913F007021AD04B7913F0070316D0F9
:1076600000218DF804208DF80530ADF80610019A40
:10767000D4F82E11FFF74EFF0123002084F8CA3002
:107680002523A4F8C60084F88E3002B010BD002374
:10769000A4F80A32F0E70120F7E7436810B593F841
:1076A0008F200446B3F80A12232A15D181B983F832
:1076B0008F1093F82C31012B01D1EFF763FA636837
:1076C000002283F82C212046BDE8104000F0CBBFFB
:1076D000262283F88F20F6E793F88E20252A0DD1F5
:1076E00041B983F88E10EFF74DFA6368002283F8F2
:1076F000CA2010BD262283F88E20F6E74FF477715A
:10770000AE20E7F79FFCEFF7B1BA704730B54240C3
:107710001C7808785D7860404C786C409D782044F7
:107720008C786C40DD782044CC786C401D795B7996
:1077300020440C7949796C404B4020441844104453
:10774000B0FA80F0400930BD024600200139C9B2CC
:10775000FF2900D17047535C83F001030344D8B282
:10776000F4E708B5EFF74CFB082803D0BDE8084064
:10777000EFF768BB08BD08B502F059FD18B1BDE8C8
:107780000840F7F7A1BC082008BD02F050BD38B58D
:107790000C4600210546E8F777F9606018B1002330
:1077A0000020237038BD02212846E8F76DF960609B
:1077B00008B10123F4E70220F4E770B504460D4652
:1077C00059BB4FF4367203F00DF8012384F8E650EC
:1077D00084F896306FF0360384F8E130042384F89F
:1077E000E2306FF03B0384F8E3306F2384F8E43039
:1077F0006FF03C0384F8E5306FF07F0384F8E730E6
:107800002B2384F8E030FE2384F816317F2384F89C
:107810008D30202384F8203270BD012911D100233E
:10782000A0F8DC3180F8D33140F6B833C269A0F853
:10783000BC301146C38C04F18000BDE87040EFF706
:1078400087BD0229E8D1B0F8AE32D0F8A822C169CC
:10785000F1E770B504460D4659BB4FF4187202F0BB
:10786000C1FF012384F8E65084F896306FF03603A8
:1078700084F8E130042384F8E2306FF03B0384F8AD
:10788000E3306F2384F8E4306FF03C0384F8E53094
:107890006FF07F0384F8E7302B2384F8E030FE2379
:1078A00084F816317F2384F88D30202384F8F13159
:1078B00070BD01290CD140F6B833C269A0F8BC30C4
:1078C0001146C38C04F18000BDE87040EFF740BD65
:1078D0000229EDD1B0F81A32D0F81422C169F1E7CB
:1078E00070B503791F2B0FD8461E051D002416F80E
:1078F000010F00F032FE0444AE42E4B2F7D1012C95
:1079000094BF0020012070BD0020FCE7F8B50546BB
:107910000C46D0E90476FAF7E3F920B940F20711F2
:107920002920E7F78FFBECB1D5E90423D21B63EBE9
:107930000603012A73F100014FF0000114DB6FF020
:1079400001009042994102DA40F21111E8E7631E0A
:107950001344B3FBF4F35C43E41946F10006C5E9B4
:1079600004461C462046F8BD0C46FBE7CB1E012B07
:107970000FD803290BBF96234FF416731022402211
:1079800003F5BC73984210D9C01A90FBF2F080B294
:107990007047022904D13C2807D980100F38F6E738
:1079A000702802D9C0100E38F1E70020704738B5B2
:1079B0000D460446EFF7B8F82B78002B08BF0346B6
:1079C00084F870306B78002B08BF034684F8713060
:1079D0006B88A4F8723038BD022908B5034615D06B
:1079E00006D801290AD040F289112920E7F72AFB9D
:1079F00003390129F7D840F6A66008BD40F6C41047
:107A000040F2E242002B08BF1046F6E740F6C410F1
:107A1000F3E7801AA93810B58842029C94BF091A6E
:107A2000491A2268012902EB510294BF002001206B
:107A300022601A68A2EB51021A6010BD002307B53C
:107A400001A80193F8F7C2FE019810F0030018BFD7
:107A5000012003B05DF804FB08B502F0FAFBBDE8B5
:107A60000840EFF7B5BCC2B292FAA2F2030A93FA49
:107A7000A3F31B0E100E40EA0320704701310530BE
:107A80000022C9B270B510F8013F8B4216D310F82E
:107A9000054C0023012505FA03F626421CBF01F11F
:107AA000FF31C9B269B10133082BF4D10132D2B22E
:107AB000052AE8D199214620E7F7C4FAC91AC9B2C4
:107AC000F4E703EBC200C0B270BD0B6870B5C0F83C
:107AD000013004460B790546461D03F01F03437130
:107AE0000023C37215F8010F00F037FD6871B5422D
:107AF000E37A1844E072F5D170BD81EA114170B5A6
:107B00008CB20546C17A032682EA0400FFF7ABFF78
:107B1000013E00EB001016F0FF0604EB000290B2ED
:107B2000F4D144402522B4FBF2F302FB1343C3F328
:107B3000C402D8B203F007032A445678012202FA9D
:107B400003F31E4207D161432846C1F30741BDE854
:107B50007040FFF793BF70BDF8B590F82150044610
:107B60006B1E242B54D80AB90020F8BD807D18B1B3
:107B7000012844D01F20F8E794F8233094F822100D
:107B800002FB01322523B2FBF3F103FB1123DBB22D
:107B900004EBD30203F0070684F82330D17D0122E1
:107BA000B240114202D084F82430DDE7B3FBF5F295
:107BB00005FB123304F11B01013303F0FF0311F83D
:107BC000012F934218D811F8055C0022012606FA0D
:107BD00002F72F4208D0013B13F0FF0304D102EB60
:107BE000C00284F82420BFE70132082AEFD1013017
:107BF000C0B20528E3D1BDE79B1ADBB2F7E72289C3
:107C000004F11600096AFFF778FF84F82400ABE757
:107C10001220AAE7034612EA010003D013F03F0046
:107C200018BF0120704740787047D0F803300B60D0
:107C3000B0F807308B8070470378890123F0400348
:107C400001F040010B43037070470078C0F38010CF
:107C50007047037803F07F0343EAC1130370704752
:107C60000078C00970471F2A38B50546144603D965
:107C7000B7212A20E7F7E6F906340930FBF760FF61
:107C80006C7038BD1F2A38B50546144603D9D92172
:107C90002A20E7F7D7F906340930FBF751FF6C705B
:107CA00038BD0378024603F00F03032B3ED0052BAB
:107CB00042D1C37F90F82000034392F82100034390
:107CC00092F82200034392F8230000F01F001843AB
:107CD00033D05378222B2FD1B2F81930B1B1B3F58C
:107CE000506F13D940F607518B4225D8B2F81B309C
:107CF000B3F5FA7F20D2B2F81D0040F676430A3879
:107D000080B298428CBF002001207047991F40F636
:107D10007A4089B281420FD8917D481E07280BD83E
:107D2000994209D2B2F817109942DEE74078A0F1E3
:107D30000C0358425841704700207047F8B5C77887
:107D40000D4617F03F0600F08780072900F2848077
:107D5000DFE801F0040E172029323B4401790122AB
:107D60003846FFF757FF00280CBF00200520F8BD5C
:107D7000017902223846FFF74DFF0028F7D005248D
:107D80005AE0017904223846FFF744FF0028EED07C
:107D9000052448E0017908223846FFF73BFF002818
:107DA000E5D0052439E0017910223846FFF732FF8B
:107DB0000028DCD0052429E0017920223846FFF78D
:107DC00029FF0028D3D02C4618E0017940223846FC
:107DD000FFF720FF0028CAD0052406E001794022E1
:107DE0003846FFF717FF441DE4B220223846FFF75C
:107DF00011FF00EBC00004EB4004E4B2102238464F
:107E0000FFF708FF00EB40000444E4B208223846C4
:107E1000FFF700FF04EB4004E4B204223846FFF70A
:107E2000F9FE0444E4B202223846FFF7F3FE00EB09
:107E3000400004EB4004E4B201223846FFF7EAFEBA
:107E4000072D00EB400004EB4000C0B28FD1031FB0
:107E5000B342C8BF00208AE7002088E770B50C460F
:107E6000064611461D4624B940F2E1212A20E7F7D3
:107E7000E9F8FFF763FF10B940F2E221F6E7031FCC
:107E80002B443F2B02DD40F2E321EFE72A46214657
:107E90003044BDE87040FBF753BE10B50446FFF711
:107EA0004DFF00B1204410BDC07800F03F00704786
:107EB000C37803F03F0343EA8113C370704730B5C2
:107EC000C1F38003C1F38014C1F340052344C1F31F
:107ED000001404EB44042344C1F3401404EBC40431
:107EE00003EB4403C1F300042C44C1F3C005134465
:107EF00004EB44042C4403EB440313F0FF031CBFC6
:107F000001330171C17818BFDBB221F03F0103F0EA
:107F10003F042143C170591C41701AB104339B1AAC
:107F2000013AC25430BD70B5C4780646154604F017
:107F30003F041319FE2B04DD40F23F312A20E7F7FE
:107F400081F80135201D2C443044FBF7F9FD747095
:107F500070BD4378C278013B02F03F02981AC0B26C
:107F60007047F8B50D46194617460646FFF7F1FF6C
:107F7000441AE4B2BC4228BF3C464DB1F2782846D0
:107F800002F03F020432114422463144FBF7D8FD8F
:107F90002046F8BD2DE9F047C67801220179304628
:107FA000FFF738FE022205463046FFF733FE202257
:107FB00082463046FFF72EFE082207463046FFF77E
:107FC00029FE102281463046FFF724FE0422044693
:107FD0003046FFF71FFE402280463046FFF71AFE6C
:107FE00005EB0A0307EBC707804404EB4404B944DC
:107FF00003EB430304EB08004B4400EB430010F099
:10800000FF001CBF0130C0B2BDE8F08738B5C578AD
:108010000446AB09032B1ED005F03F054378AB4265
:1080200019D9FFF7B7FFA84215D895B12379DB0618
:108030000FD504212046FFF730FF48B1037803F045
:108040003F03242B07D880785F288CBF00200120B5
:1080500038BD0120FCE70020FAE70278437802F0FF
:108060000F02072A12D8DFE802F0080408111111E4
:10807000080E0C3B584258417047063B1F2B8CBFE3
:108080000020012070470BB1FFF7C0BF00207047F0
:10809000027802F00F02072A0AD0082A0AD0042A1E
:1080A0000ED1407806381F288CBF00200120704771
:1080B000FFF7ACBF4078A0F10E035842584170471B
:1080C00000207047037801F0030123F003030B4302
:1080D000037070470078C0F3800070470078C0F3E9
:1080E000C00070470078C0F3001070470078C0F3FC
:1080F000401070470B78837070471B2A08B504D96D
:1081000040F24D412A20E6F79DFF42700330BDE862
:108110000840FBF715BD043001F1200351F8042B92
:10812000994240F8042BF9D10B880380704738B589
:1081300015460446FFF7EFFF2B68C4F826306B683E
:10814000C4F82A3038BD037843B1406890F8D23182
:1081500023B1002380F8D231F1F702BA704708B595
:10816000017A19B101290AD0002008BD0368022153
:10817000C2888088EFF7FCF920B10120F5E7036899
:10818000C288F6E7EFF700FCF7E702230B70012344
:108190008B707047EFF774BB10B521B94FF41071B5
:1081A0001020E6F74FFF4A600B72EFF3108472B6AF
:1081B000031D0B6042681AB1127A012A08BF0360DE
:1081C00003681960016004B962B6BDE81040EFF7BA
:1081D000A1BB0222EFF7C6BB0322EFF7C3BB042209
:1081E000EFF7C0BB0222EFF701BC0322EFF7FEBBA3
:1081F00014230B706FF4A87318440388A1F803309C
:10820000B0F84830A1F80530B0F84C30A1F807308C
:10821000B0F84A30A1F80930B0F84E30A1F80B3070
:10822000704708B5CB1E012B04D8800100F574708F
:1082300080B208BD012902D10E30C000F8E7022942
:1082400002D10F308000F3E74FF42E710620E6F7DD
:10825000F9FE022908B50DD005D8012908D0D6218C
:10826000B420E6F7EFFE03390129F8D81E3000E00C
:108270000A3008BD1430FCE7022908B50DD005D836
:10828000012908D0D621B420E6F7DCFE0339012904
:10829000F8D81E3000E00A3008BD1430FCE730B5D5
:1082A00087B004460D46EFF7B9F990B3A4F5AD7465
:1082B000694624882046FEF78BF920B14FF484717B
:1082C0002C20E6F7BFFEBDF8063003A8ADF80C4041
:1082D000ADF80E30BDF80830ADF81030BDF8023002
:1082E000ADF81230BDF80430ADF81430FEF74EF999
:1082F00010B140F21111E3E7ADF80C009DF80C301D
:10830000002063F307009DF80D3063F30F2007B0E2
:1083100030BD2B463A2203F8032BD4F80920C5F8C8
:108320000320D4F80D205A60B4F811201A810423D8
:10833000ADF80C30E2E740687047033901298CBF83
:10834000C08A4FF42960704770B590F874608D88CA
:10835000033E0C89012E04D943B11678033E012E49
:1083600004D8B5F5296F38BF4FF4296590F87560CA
:10837000033E012E04D943B15378033B012B04D8AB
:10838000B4F5296F38BF4FF42964CB884A88A0F828
:108390006030A0F85C20A0F85E50A0F8624070BD8C
:1083A0008383BDF8003001834283C38370471B225F
:1083B00000294FF01B110CBF4FF4A4734FF4296335
:1083C00082840284028502F1A472C160C384438462
:1083D000C383838343820382C0E90521704738B594
:1083E000CB1E0446012B10D9C58B438C9D4228BF60
:1083F0001D46207AFFF715FF6389AB4228BF2B4645
:10840000984238BF184680B238BD4FF42965F0E76E
:108410002DE9F843994607460D46808919461446CA
:10842000FFF7FFFE06469DF8208049463846FFF7D5
:10843000D6FF86424146A8F1030828BF0646B88AFF
:10844000FFF7EFFEB8F1010F0346B6B28CBFFA8A10
:108450004FF42962904204F1060028BF13462844D5
:108460009BB233441844BDE8F8830346028F13B52A
:108470003C3049B9D98E93F87540009493F8743024
:10848000FFF7C6FF02B010BD998EF4E770B50C4639
:10849000154619464BB9868EFFF7E7FF284430444E
:1084A000A04294BF201A002070BDC68EF4E738B5F4
:1084B0000D4611460446FFF7D8FF2844206438BD16
:1084C000C369C06B984228BF184601F19C038342E0
:1084D0003DBF401A9C38400800207047002803DB4D
:1084E000884204DB08B202E049428142FADC70476C
:1084F00000F05533400800F05530034403F03332A8
:108500009B0803F033331A4402F00F33120902F0D0
:108510000F32134403F0FF101B0A03F0FF1318443B
:1085200000EB1040C0B2704745F2555200EA02031A
:1085300002EA5002981843F2333300EA030203EAD6
:1085400090031A4440F60F7302EA030003EA121381
:10855000184400EB1020C0B2704700F055034008EB
:1085600000F05500034403F033009B0803F033038D
:10857000034403F00F0000EB1310704780EA600023
:10858000FFF7B6BF40F34E039BB25840FFF7CCBF96
:1085900032280CD006D8162818BF012894BF012015
:1085A00000207047A0F13E03584258417047012017
:1085B000704708B50246FFF7EBFF40B10846FFF7EA
:1085C000E7FF20B18A420CBF23202A2008BD8A423F
:1085D0000AD1A2F13003DBB20B2B0FD840F62100F9
:1085E00020FA03F3DB071ED4322901D1262A03D057
:1085F000322A03D1262918D12A20E7E73E2907D1BC
:10860000262AF9D03E2A12D03B2A10D11F2902E097
:108610003E2A04D126290CBF2A200020D6E73B2978
:10862000F2D11F2AF7E72320D0E73E29F7D1002017
:10863000CCE74368002283F88E2083F8CA20A3F891
:10864000C6207047037842682BB9A2F8CC300123CA
:1086500082F8CE3070470023A2F8CC3092F8CE30AA
:1086600001335BB2F4E708B50378426813B982F8C6
:10867000CE3008BD92F8CE30013B5BB2002B82F8C1
:10868000CE30F6DA52214A20E6F7DCFC436883F864
:10869000131183F812217047A0F10B03042B0CD99E
:1086A000A0F14403012B08D9A0F121032F2818BF02
:1086B000062B94BF012000207047012070474368BB
:1086C00010B593F88F404CB9CA7883F81021032273
:1086D00083F88F20FFF7B6FF204610BD0124FBE78B
:1086E00008B5436893F88E3023B140F281114A20D7
:1086F000E6F7A8FC08BDC26941F64B539A4296BF03
:108700004AF6C8730623B3FBF2F3828C408E1344FF
:10871000584380B270474368002093F89020073A8E
:10872000012A81BF0A7983F89120072283F89020DB
:108730007047426892F89030073B012B84BF0823B2
:1087400082F89030704708B5436893F88E201AB1CC
:108750002A215520E6F776FC0C2283F88E2008BDEE
:108760002DE9F74F0646894690460193FFF7C3FF70
:10877000D6F8E47104465FB90023C8F80030B6F8B3
:10878000883023449CB2019B1C8003B0BDE8F08F6D
:10879000F0F73AF90028EFD1D6F81CC0D6E97232CA
:1087A0000CFB04FE1EEB030ED7E9021342F100029C
:1087B0000B44D7E900155B1845F10005734575EBCF
:1087C000020114D2BEEB03016FF0010B62EB050A4C
:1087D0008B4570EB0A0A03D239215620E6F732FCAA
:1087E0003869471E3944B1FBF0F1E0FB0135B3EBCA
:1087F0000E0365EB02056FF001029A424FF0000292
:10880000AA4101D24421E8E7B3FBF9F209FB123394
:10881000B3FBFCF291B20CFB1133C8F80030B6F890
:1088200088301C441444A4B2ADE70B46082203F878
:10883000032BD0F80920C1F80320D0F80D205A608E
:10884000427C1A720023CB70704708B5436893F8D6
:108850008E201AB197215620E6F7F4FB0E2283F8FA
:108860008E2008BD37B50C46098905461A2919D945
:108870006389B3F5A47F15D3A2881A2A12D9E08898
:10888000B0F5A47F0ED36C68009004F13C00FFF7B4
:1088900087FD6968204601F25111EFF7B3F8012016
:1088A00003B030BD0020FBE708B5436893F88E2085
:1088B0001AB12621A320E6F7C5FB1E2283F88E20DD
:1088C00008BD38B54568044695F88E301E3B022B2E
:1088D0000CD8FFF7C7FF18B104216068F3F7A0F9BF
:1088E000002085F8CA0085F88E0038BD0120FCE71D
:1088F000F7B50446406890F88F50002D3CD10E89A2
:108900001A2E03D94B89B3F5A47F05D2204603B0B4
:10891000BDE8F040FFF7D3BE8A881A2AF6D9CF887F
:10892000B7F5A47FF2D331463C300097FFF738FD0E
:10893000636893F88E201E2A09D16368202283F889
:108940008F202046FFF77EFE284603B0F0BD93F847
:108950002331002BF1D1636893F82231002BECD145
:1089600062681F23114682F88F3002F5AD7231F82C
:108970003C0BEFF7ADF8E4E70125E5E7436800229B
:1089800010B5044683F88F20A3F8CC20FFF76BFEC8
:1089900060680421BDE81040F3F742B90B230B7067
:1089A000D0F80930C1F8023070470B460C2203F8AA
:1089B000022BB0F809204A80C27A9A70704710B52D
:1089C0000446406890F88E30182B14D100F1F8025C
:1089D00000F50A71052300F50E7001F051FE636881
:1089E00001220020002183F893201A22C3E93A01D2
:1089F00083F88E2010BD0220FCE7436893F88E2098
:108A0000152A0ED14A68C3F830228A68C3F8342286
:108A100043680020CA68C3F80C21182283F88E200E
:108A2000704702207047436893F88E20112A05BFD3
:108A300000201422022083F8930008BF83F88E20C0
:108A4000704708B5436893F88E20142A04D04FF479
:108A500086711F20E6F7F6FA012283F8D020132250
:108A600083F88E2008BD08B5436893F88E201A2A33
:108A700004D040F2DB111F20E6F7E4FA1C2283F851
:108A80008E2008BD08B5436893F88E2022B140F2CD
:108A9000E1111F20E6F7D6FA012283F8CF20112238
:108AA00083F88E2008BD08B5436893F88E203AB14C
:108AB00093F8D02022B94FF4F4711F20E6F7C2FAE0
:108AC000012283F8CF20152283F88E2008BD0B46A3
:108AD000072203F8032BD0F80920C1F80320D0F8AF
:108AE0000D205A60B0F811201A81C27C9A7270472A
:108AF00008B5436893F88E201AB1C5211C20E6F70B
:108B0000A1FA042283F88E2008BD08B502784368D4
:108B10003AB983F88F20A3F8CC20BDE80840FFF7CE
:108B2000A2BDD3F88020D10703D4D3211C20E6F7BF
:108B300089FA22F00102C3F88020EEE70E23A0F5A7
:108B4000A4700B7003884B8070474368017893F8DA
:108B50008E2061B9052A08BF00224FF0000002BF35
:108B600083F8BE2083F8CA2083F88E207047102A2D
:108B7000F1E738B50578446855B994F88F305BB99A
:108B8000FFF760FD55B9022384F88F30002038BD0F
:108B9000D4F880305B07F3D50120F8E7D4F88030B3
:108BA00043F00403C4F88030F0E7037833B142683F
:108BB000D2F8803023F00403C2F88030FFF753BDB1
:108BC00008B5436893F88E201AB170214B20E6F760
:108BD00039FA0278002A14BF1022052283F88E2069
:108BE00008BD10B5D0E90D42A24206D38B8C121BF2
:108BF000498E05334B43934202D3012380F83E3024
:108C000010BD01230B7000238B7030F8D23CA1F80B
:108C10000330437A4B714389CB8083890B81704742
:108C200010B5446894F8D12092070ED494F88E3091
:108C30001BB174214020E6F705FA0122A4F8C630E2
:108C400084F88E2084F8CA2010BD037843B994F8C4
:108C50008F300BB9FFF707FD002384F83231F3E7BB
:108C6000D4F880309B07F7D5FFF7FDFCD4F88030AF
:108C700023F00203C4F88030EEE710B50B79012829
:108C80004C790A6843EA0421104608BF41F4803158
:108C900010BD07B5FFF7F1FF0DF10702EFF7F0FC8C
:108CA00003B05DF804FB08B5836800681B6898474B
:108CB00000F5AF7008BD836870B59B690446006815
:108CC0000E469847054650B9736831462079A3612E
:108CD000F8F7CCFF60B9AB210B20E6F7B3F9237CA2
:108CE000022B09D104F12000EFF7B4FE0123237415
:108CF00085F00100C0B270BD237C032BF6D1F1E7F3
:108D000010B504460846237C0BB1002010BD214657
:108D1000F8F72EFF2028207102D001232374F4E7F6
:108D20000720F3E738B504460D46FFF7C4FF18B136
:108D3000D5E90423C4E9082338BD70B5044686B0DC
:108D4000FFF7B1FF0025A36801905B6820688DF8EC
:108D500000509847216B8DF8080068468DF809503F
:108D6000D4E90823CDE90423FEF7D0FD638A86B257
:108D700033446382EFF70CFFB8B97100B4F94400D3
:108D800089B2FFF7ABFBB4F844301B1AA4F84430A7
:108D9000049B6946059A1B1842EBE0722046CDE918
:108DA0000432FFF7BFFF06B070BD2846F0E72DE99B
:108DB000F041044686B0FFF776FF0746256BD4E9FD
:108DC0000836ED1846F10006EFF7E2FE10BB02216F
:108DD000B4F94400FFF782FBB4F844301B1AA4F83E
:108DE000443045194FF00008A36846EBE0768DF853
:108DF00000805B6820680197984769468DF80800F5
:108E000020468DF80980CDE90456FFF78BFF06B0A8
:108E1000BDE8F0810020E4E7037C0BB90020704737
:108E2000037C012BFAD0007C073818BF0120704763
:108E300008B58B1E0246012B07D8FFF7EDFF40B1A6
:108E40001046BDE80840FFF778BFBDE80840EFF7DF
:108E50006FBD08BD037C012BDAB201D0FFF7DCBF88
:108E600010467047007C031F584258417047037CEE
:108E7000032B04D0007C831F5842584170470120C7
:108E80007047806908B5E638F9F73CF820B940F238
:108E9000AD210B20E6F7D6F808BD08B50246FFF76E
:108EA000BBFF30B11046FFF7E2FF10B91046FFF7E5
:108EB0007EFFBDE80840EFF799BC38B50446FFF7E0
:108EC000C9FFD8B1237C022B16D0257CEB1E5D4256
:108ED0005D41012907D1072323742079F8F7F8FEB3
:108EE0002079F8F79FFF012323743DB104F120009E
:108EF000BDE83840EFF7AEBD0125EAE738BD10B553
:108F00000446FFF7A7FF70B120460121FFF7D5FF08
:108F10002079F8F71DFE20B94FF4F2710B20E6F727
:108F200091F800232374002010BD024608B5037C8D
:108F3000022B08D1032313741079F8F73BFEA8B96C
:108F400040F203310FE0037C052B01D10623F2E749
:108F5000037C032BF0D0037C062BEDD0037C072B86
:108F6000EAD040F201310B20E6F76CF808BD10B5ED
:108F7000FEF764FD002814BF14240024FAF77EFED7
:108F8000404200F01400204410BD30B585B01546B5
:108F9000089BC01A099B61EB0304002C214602DAEE
:108FA000404264EB440103AB2A46009302AB01F05C
:108FB000B4FB002C039801DA00B1281A05B030BDCB
:108FC00008B521B94FF499713720E6F73BF883686B
:108FD0008B4202D240F23311F6E7C26813445B1AA7
:108FE000C0E9021308BD38B50546F7F7ABFA00F53E
:108FF00044434FF47A72033D4933B3FBF2F4FFF775
:10900000B6FF012D00F1CD038CBF002028202344A2
:10901000184438BD10B5044690F87500FFF7E3FF1B
:10902000012201462046BDE81040FFF740BAD0F8C3
:109030001401704710B5044690F85831EBB1FF2386
:1090400080F86031012100F0B4FA94F85831A3B1EE
:1090500094F81001F8F73CFE94F81001F8F7E2FEDE
:1090600094F81001F8F774FD20B940F2092130207E
:10907000E5F7E8FF002384F85831002010BD08B55B
:1090800090F8602142B990F8182142B1D0E94731F7
:10909000994202D9F2F7BCF80022104608BD01221D
:1090A000FBE710B50446FFF762FF00F2951120467A
:1090B000FFF706FAB0F5296F28BF4FF4296080B298
:1090C00010BD70B5044621B1012978D040F62801C1
:1090D00072E000F0F1F994F8593105460E46DBB123
:1090E00050EA010318D0D4E94A32D4E95201C01A37
:1090F000334661EB02012A4601F01BFB05FB01F33D
:1091000000FB0633A5FB00021344D4E94A211218E0
:1091100043EB0103C4E94A23E08C30B1EEF756FD7E
:10912000E38CB0FBF3F202FB1300D4E94A32ED18F2
:109130004FF0000346EB02062D184FF0020284F8B0
:10914000383146F1000684F85931A4F84021C4E9C9
:109150004A56C4E9525694F8603103F0FF01DBB976
:109160006FF00043D4E954029A4208BFB0F1FF3FC8
:1091700018D02046D4E9525600F04FF9AE30D4E969
:1091800054325B1B62EB06021B1A62F10002002ADA
:1091900008DA2046F2F73CF8F6F710FFBDE8704019
:1091A000F8F7C1BC04F59C7194F81001F8F75EFD66
:1091B0000028F1D14FF4EA613020E5F743FF0023A6
:1091C00080F81831E8E790F85801003818BF0120FE
:1091D00070470B46062203F8032BB0F80920A1F8CC
:1091E0000320C27A9A7070470B46172203F8032BAC
:1091F000D0F80920C1F80320D0F80D205A6070473C
:109200003E2301F8033B00F10903293053F8042BF6
:10921000834241F8042BF9D11B880B8070478B885F
:10922000F7B513F0180506460C461FD1086820B99B
:1092300040F2CF312D20E5F705FF00F04AFA217CFE
:10924000F0F70CFA677CA38801463A463046009353
:109250002B46F0F721FAA430D4E90223824273F1BD
:1092600000032CBF0120002003B0F0BD0120FBE76C
:1092700010B50446EEF7AAFC82B204F1690104F1CC
:109280003600FEF73AFC84F8440010BD37B50446BA
:109290000D46FFF7EDFF01222B466179204603B012
:1092A000BDE83040F0F718BB38B513220B460C462A
:1092B00003F8032B00F10902293052F8041B824203
:1092C00043F8041BF9D1127802211A700123A588F2
:1092D000A3712846E6F7D8FBB8B1E37863B10088FC
:1092E000EDF7D4FC02212846E6F7E4FB68B140F232
:1092F0002B212D20E5F7A6FEEDF70CFC4B0404D541
:109300002846BDE83840FCF767BD38BD0B4616223D
:1093100010B503F8032BD0F80920C1F80320427BD5
:109320001A71CB78BBB130F8B43C1B0713D4B1F839
:10933000054002212046E6F7A7FB60B10088EDF763
:10934000A5FC02212046E6F7B5FB20B140F26B21D7
:109350002D20E5F777FE10BD0121F0F7EBBDFFF7FB
:10936000FBBF08B590F894300BB1012008BD90F810
:10937000CC30002BF9D190F8BE3003F0FF00002B69
:10938000F4D0EDF789FB80F00100C0B2EEE730B514
:109390004FF4B47285B00D460021044601F022FA64
:1093A000FF2323701323638042F21073E384E6F7F4
:1093B00089FC00220146E0646846E6F7C9FC002209
:1093C0000121E06CFBF716FC0422E16C6846E6F72D
:1093D000BFFC0022E06C1146FBF70CFC04F13000EE
:1093E000E57400F026F902A8EEF754F820B940F22F
:1093F0000B312D20E5F726FE02A904F13600FEF719
:1094000064FB05B030BDFF23C86C0B70FBF7BFBB1E
:109410000078FF3818BF01207047F7B50446303098
:109420000E4600F056F961880746CA0605D528227F
:10943000F1F736FF6D3003B0F0BD8B07E06C0FD550
:10944000FBF77AFC217905463846F0F707F963887F
:1094500001462846009333466279F0F71DF9E9E7A3
:10946000FBF75AFCEEE74388092B10B5044607D1F9
:10947000F1F72CFC20460121BDE81040F1F768BB54
:1094800010BD034608465A8812F0180F30B587B051
:1094900010D103F13001ADF80420D3E902459B88D7
:1094A00000916946ADF81030CDE90245FFF7B7FEEF
:1094B00007B030BD0120FBE7D0E9020170470B681F
:1094C000C0F816308B8843830123037770474388A5
:1094D00013F0100005D013F0040F14BF00201F205C
:1094E00070479A0704D4DB0701D4E6F719BCEE20D5
:1094F000704708B5FFF7EBFF003818BF012008BD23
:109500004FF40043A0F8483043881D2B08BF0021CA
:109510004174704790F913007047408800F00100D3
:1095200070478078C0F3400070478078C0F34010E7
:1095300070478078C0F3C000704710B54488C06C95
:10954000E30654BFC4F340040024FBF7DCFB84F0C3
:1095500001042043C0B210BD8078C0F300107047F2
:109560004088A0F109035842584170474079C31E12
:10957000012B05D8B1F87230012B14BF0420032051
:10958000704710B50446EEF721FBC0F30B00A04274
:10959000F9D010BD90F8683001624B72D0F8693094
:1095A000C1F80A30B0F86D30CB8170477047F0F7E2
:1095B000D9BB80F888107047FF2380F88B30704744
:1095C00080F8241080F8252070478278034612F036
:1095D000010002D0D978C90710D5900702D5D978F3
:1095E00089070AD512F0040008D0D878C0F38000AB
:1095F00080F001008000C0B2704702207047C0F3C5
:109600004002C0F3800300F0010013441844704787
:10961000022808B507D0042807D0012807D039212F
:109620002E20E5F70FFD262008BD2720FCE725208A
:10963000FAE70023C0F8023001234370037070473B
:109640008170704710B54270144601708078FFF742
:10965000D6FF484304FB00F2FE2A03DD5C212E20E6
:10966000E5F7F0FC10BD0023C37043710371704730
:1096700010B50446FFF7A9FF637962780133DBB2C6
:109680009A4263710CD1E3780022A178034362719E
:10969000DBB29942E37001BF2379E2700133237199
:1096A000BDE81040FFF7B4BF38B504468078FFF737
:1096B000A6FF0146E078FFF7A2FF237822796578BC
:1096C0009B1A6B4359436379C91A00FB1510C0B24A
:1096D00038BD014608B58078FFF791FF4A780B78CE
:1096E00053435843C0B208BD08B5427903462AB176
:1096F000FFF76BFFBDE80840FFF78ABFC07881071E
:109700000BD410F00100F5D19B785A0707D413F061
:10971000020F14BF02200120ECE70220EAE7042038
:10972000E8E7042806D1920102F53472803201FB89
:1097300002F07047032803D1120102F5E772F5E742
:1097400002280BBF0B320A329200D200EEE740F241
:10975000EE20704740F25A3358437047037D63B997
:10976000C37BA3F11102032A07D990F8500028B156
:109770001D2B8CBF00200120704701207047037D06
:1097800063B9837BA3F11102032A07D990F8500033
:1097900028B11D2B8CBF002001207047012070478D
:1097A00038B50446084694F8903213B10C25284683
:1097B00038BD94F88F30163B012BF7D894F8C0329F
:1097C00003F0FF05002BF1D191B194F8EE3123B9EC
:1097D00040F6A4213120E5F735FC052304F1F80219
:1097E00004F5EF7100F04CFF012384F89032DEE7BE
:1097F0000223FAE7EEF7F4BA022910B5044603D0C3
:1098000003290BD07B210EE00421E6F73DF968B96E
:1098100020460621BDE81040E6F736B90621E6F7F6
:1098200033F918B97221AA20E5F70CFC10BD08B570
:10983000032803D8DFE800F0070907094FF4047193
:10984000AA20E5F7FFFB012008BD0020FCE770B56A
:109850004668054611213088E6F716F904460146A8
:109860002846F1F7A5FE18B102280AD0FE2070BDE7
:1098700094F85A00FFF7DBFF002814BF1C202A20B1
:10988000F5E7002386F83531F0E7012B2DE9F041AB
:1098900006460F461446984604D0032B27D04FF4B3
:1098A0005B7105E00721E6F7EFF820B94FF453713B
:1098B000AA20E5F7C7FB036840F2E242236090F874
:1098C000353023714368B3FBF2F363718368B3FBF4
:1098D000F2F3A371C5687D23424639463046B5FB95
:1098E000F3F5EDB2E571BDE8F041F1F7A5BD062154
:1098F000E6F7CAF810B94FF45771D9E7D0F89030AD
:1099000040F2E242236090F8A1302371D0F8943005
:10991000B3FBF2F36371D0F89830B3FBF2F3A371A9
:10992000D0F89C50D7E738B50D461121E6F770F80E
:10993000044620B940F27931AA20E5F783FB88225A
:10994000002100F04FFF95E80F0084E80F0038BDBC
:1099500010B5044690F8751090F87400F1F758FFB0
:10996000002201462046BDE81040FEF7A0BD10B51C
:1099700086B0044613460A4601466846F1F766FF7C
:10998000694694F8F101F8F771F920B940F2FD2128
:109990003520E5F757FBB4F888300133A4F8883058
:1099A00006B010BDF1F7F0BEC0F8D011704710B589
:1099B0000446FFF7DCFA00F24B112046FEF780FD6B
:1099C000B0F5296F28BF4FF4296080B210BD10B5E3
:1099D000044686B020B940F2B3113520E5F732FBDA
:1099E00090F8F02102F0FF0312B14FF4DA71F4E7BE
:1099F00090F8F121202A02D140F2B511EDE701469D
:109A000001226846F1F722FF694694F8F101F8F760
:109A10002DF910B940F2B911DFE706B010BD0346C9
:109A200090F8CA0028B1B3F8C610B3F8C820914224
:109A30001ED293F9CE202AB1B3F8CC10B3F8C820C7
:109A4000914214D2B3F8C220B3F8C41091420ED29E
:109A5000B3F8C00093F8923023B9052894BF0020D2
:109A60000120704782428CBF0020012070470120F6
:109A70007047436893F818212AB1002283F88E209A
:109A800083F8CA20704783F88F20FEF7ECBD436847
:109A900093F88E20032A05D1002283F8CA2083F888
:109AA0008E207047FEF7DFBDA1F11303012B0AD909
:109AB00010B9172902D87047132906D91C298CBF61
:109AC000002001207047012070470020704738B502
:109AD000142853680D46144693F88E300BD0162880
:109AE00019D0122830D1052B13D100211046BDE822
:109AF0003840FFF72AB81E3B022B0AD81046FEF763
:109B000098FD35B1626892F8E03023F0200382F8C6
:109B1000E030002038BD212BFBD11046FEF789FD37
:109B20006DB1626892F8E13023F0010382F8E13010
:109B3000626892F8E13023F0080382F8E1301A21DC
:109B40002046EDF71FF8E4E740F25C413620E5F7E8
:109B500079FA024640680B4690F8E01041F00401A3
:109B600080F8E01059791879F2F708BB38B50C463F
:109B70000546D1E90501E6F749F894F8F1012028F6
:109B80000FD0F8F7A5F894F8F101F8F74BF994F82D
:109B9000F101F7F7DDFF20B940F6AC113620E5F70B
:109BA00051FA04F5E4742046EEF746FF10B1204662
:109BB000EEF750FF0F212846E5F77CFF10212846DD
:109BC000E5F778FF12212846E5F774FF11212846B2
:109BD000E5F770FF13212846E5F76CFF28461421AE
:109BE000BDE83840E5F766BF00207047EEF75CB887
:109BF000EEF7BAB8EEF7D0B8EEF7F2B870B5468E19
:109C0000014690F89220B600B0F8C03012BBC3F104
:109C100006039D1B91F8BE301BB191F88E30052BC9
:109C20001DD101F18000FFF7AAFDD0B1D1E92D349B
:109C3000E41AA41BAC420888A8BF2C4600F0C2FA64
:109C400020B1C389043B9C42B8BF1C4624EAE4709F
:109C500080B270BDB0F8C250ED1AAD1BDAE7002437
:109C6000E8E72C46E6E7002070478B210A2008B57C
:109C7000E5F7E8F983210A2008B5E5F7E3F990F85C
:109C800035304BB9B0F85230828A9B1A9BB2032B05
:109C90008CBF0120022070470120704700207047D0
:109CA00010B50C460A21E08DE5F7EEFE10B1FF235A
:109CB00080F8A630A06820B94FF4F9710A20E5F7C2
:109CC000C1F9BDE81040FAF762BF70B50D46042136
:109CD0000646E5F7D9FE044648B906213046E5F7C1
:109CE000D3FE20B115B190F8BD3003B9044620462B
:109CF00070BD90F82D3053B90131C9B2837B01EBAF
:109D00004300C0B2012884BF0130C0B270470231A5
:109D1000F3E7C28D70B5044690F8300094F8341023
:109D20004FF6FF7301F0FF05B1B99A420ED000283B
:109D30000CBF23253B25A068FAF7EEFF2B46014612
:109D4000227C2046BDE87040F3F710BC94F8353013
:109D5000002B18BF0925EEE79A42E8D10925EAE76A
:109D600010B514461A469DF80830F3F7FFFB00F5CE
:109D7000AF70A0428CBF0020012010BDFF2380F8EF
:109D80002C307047C1737047012070470020704726
:109D90000023403080F88430F4F7DABF08B5D0F8FB
:109DA000C83023B940F246511220E5F74BF93E2165
:109DB000BDE80840F3F7DEBD00207047FFF770BF35
:109DC00010B590F8C320044690F8C230134490F8C0
:109DD000BC20DBB29A4204D24030BDE81040F4F718
:109DE000C5BEF3F7CBFE2046BDE81040FFF7D0BF5D
:109DF00090F8C430033B012B01D8FFF7E1BFFFF718
:109E0000C7BF70B50E4690F8BA3009781546B0F85D
:109E1000B8200446994290F835103CBF013292B206
:109E200039B1C38E0A3B9B1A1BB2002BD4BF092148
:109E300000212046FFF75DFFF37803449BB2FF2B20
:109E400027D894F8A2207AB9D4F89400042DA0F170
:109E500096000CD105339BB29B0103F5C873984261
:109E600034BF0020012070BDD4F89800EEE7032D28
:109E700005D105339BB21B0103F5BF73EFE7022D3C
:109E80000BBF0B330A339BB29BB20CBF9B00DB00B2
:109E9000E5E70020E7E7033180F8C410704708B514
:109EA000836800681B68984700F5AF7008BD08B567
:109EB000037C072B07D00079F7F7D8FE18B92E21BD
:109EC0003420E5F7BFF808BD2DE9F04F90F8148075
:109ED00089B00446D0F800A0FFF7E1FFB8F1FF0F0A
:109EE0004FF00006039018BF237D81461CBFDAF8AF
:109EF0009420013320688DF80860D4E9085B19BF0D
:109F000029465F4629465F4618BFE2FB0317A36850
:109F100001915B68984701998DF8100002A88DF8AF
:109F20001160CDE90617F7F7DBFE18B96F21342071
:109F3000E5F788F8069BB3EB050C079B63EB0B0377
:109F4000002B01DA7121F2E76FF00102624576EB36
:109F5000030301DA7221EAE7226BDAF89470BCFBA2
:109F6000F2FE7E1EA2FB0E316644F61AEB184BEB96
:109F70000101B8F1FF0FB6FBF7F004D1B7429EBF65
:109F8000658A01356582658AAE44A4F812E09AF8C4
:109F9000A150854214D8D21841F10001134616464B
:109FA000FF220D4620462275C4F81890C4E90831F6
:109FB00002A9CDE90665FFF77AFF09B0BDE8F08F89
:109FC000B7420D461E4694BF00F1FF32FF22E7FB69
:109FD000006598BFD2B2E5E770B5044607293BD8C3
:109FE000DFE801F004342B2B273A2F37056880690E
:109FF000E638F7F787FF20B940F25F113420E5F724
:10A0000021F8237DFF2B0AD100232375638A0133B6
:10A010006382A36820689B68BDE8704018470133DD
:10A02000DBB2237595F8A1209A42F2D840F26B1169
:10A03000E4E7BDE87040F6F747B9BDE87040FFF7C8
:10A0400043BF8368BDE870401B6918474FF4BE7179
:10A05000D4E740F27F11D1E74FF4C171CEE764211C
:10A0600008B5F8F735FF043008BD2DE9F84304685A
:10A0700006462046F4F78AFAFF2300F28717337565
:10A0800094F8A220002A45D0D4F89C30207C03FB11
:10A0900002F5D4F8983003F1F108F6F753FA00F519
:10A0A00022434FF47A723046B133B3FBF2F305EB3F
:10A0B00008029D1800222946EEF7AAFB804630BB15
:10A0C000D4F898C006F12009D6E90832D6E90C0187
:10A0D00013EB0C03A5EB0C0542F10002C4F8D850B9
:10A0E000C4E9343204F1E00383E8030061464846E2
:10A0F000FEF766FF494604F1D000EEF7C9FCD4F83C
:10A100009830BB4203D939464846FEF759FF4046CE
:10A11000BDE8F88339463046BDE8F843EEF778BB32
:10A1200070B504460668FEF795FE05462046FEF724
:10A13000E6FE044635B196F8A2301BB106F1D00018
:10A14000EEF788FC204670BD007DA0F1FF03584269
:10A150005841704738B500210546D0F8D001EEF7D8
:10A16000CFFC0446014605F5E470EEF791FCA168CA
:10A17000D4E900325B1842F10002C5E97232B4F949
:10A18000243023B140F29F213420E4F75BFF38BD37
:10A190001D2310B50446C370ECF7ECFC207110BD14
:10A1A0001E2310B50446C370ECF7E4FC207110BD0B
:10A1B00001234380038000238380C3804FF44863DE
:10A1C000038170471021E5F75FBC73B5694605460A
:10A1D000FDF7DDFA044618B11F215420E4F732FFE1
:10A1E0002846019EFFF7EEFF28B101237386848184
:10A1F00044810482C48102B070BD3C2303804FF4CB
:10A20000FA4343800123C380838000230381438179
:10A210004FF448638381704708B5F5F755FCF5F7AF
:10A220001BF9F4F783FEBDE80840F4F77BBFC821B3
:10A2300008B5F4F72FFF022807D1013911F0FF010B
:10A24000F7D1EB213B20E4F7FDFE431E5842584175
:10A2500008BD07B501ABF6F75BFA03B05DF804FB88
:10A2600038B504461546F5F74DFA01462A4620460C
:10A27000BDE83840F5F732BE10B5F5F79BFB044654
:10A2800008B9F5F73FFE204610BD19B943780BB168
:10A29000C3788370704710B504460846F6F752F944
:10A2A0004FF47A73B0FBF3F0201A10BD10B50446DA
:10A2B0000846F6F747F94FF47A7200F2E733023CAA
:10A2C000B3FBF2F3E01A10BD08B5431E072B09D803
:10A2D000DFE803F00D0F0504080D0D06022008BD90
:10A2E0000420FCE740F2FE410620E4F7ABFE00202C
:10A2F000F5E70120F3E708B5F9F7BCFBBDE8084036
:10A3000000F038B8801A00F3070038B50D4614463F
:10A3100059B240B2F8F706F90023287020446B7058
:10A3200040B238BD0023036070477047002070477B
:10A330004FF0FF3070474FF0FF30704770474FF0DD
:10A34000FF307047002070470020704700230370E3
:10A3500070479DF800300022FFF7D4BF4FF0FF3068
:10A360007047002070474FF0FF3070474FF0FF30CC
:10A370007047704770470020F8F73CB90020F8F7A5
:10A380003DBA0020F8F74EBA0020F8F733B970470D
:10A39000F8F794BAF8F7A6BAF8F796BA38B50546BA
:10A3A00091F82B000C46F7F7D3FB18B9F6216A2079
:10A3B000F9F75AF9002309212846238584F82A3021
:10A3C000236A984718B103780BB1FA21EFE738BD3B
:10A3D000426A08B5034611441A78A1F19600596201
:10A3E000012A06D1F7F78EFD40B9DA216A20F9F784
:10A3F0003BF9F7F787FD08B9DF21F7E708BD70B52E
:10A400000024F9F779F805462646E0B2854200D8DF
:10A4100070BDF9F777F80134068580F82A60F4E713
:10A42000F8B504460D460027F9F766F80646F8B277
:10A43000864204D8082D0CD96FF0150008E0F9F712
:10A4400061F890F82A300137002BF0D04FF0FF3040
:10A45000F8BD2CB129462046BDE8F840F9F75EB8B2
:10A4600021462046F8E710B50446F9F74BF80146B7
:10A4700088B190F828308BB990F82A3073B1013B3D
:10A48000012B04D82046FFF789FF002010BD0123CF
:10A4900080F82830F9E76FF00100F7E76FF022004D
:10A4A000F4E770B50D46F9F72DF80446002848D0BA
:10A4B00090F82A60731E012B49D8002D44D02846FD
:10A4C000F8F7ECFD00283FD02B78FBB9012323706F
:10A4D0002B79003B18BF012363726B79002B14BFEB
:10A4E000042302232372AB68A5336360EB68236106
:10A4F0000323214694F82B0084F82A30F7F7B6FBA3
:10A5000040BB40F2E2216A20F9F7AEF8022E1ED1DC
:10A51000002323702B79003B18BF012363726B79F2
:10A52000002B18BF04262672EB68A968A533636068
:10A53000D4E906325B1842EBE172C4E90432042329
:10A54000D7E76FF0010070BD6FF01500FBE76FF00B
:10A550002200F8E70020F6E7F8B5037904461BB1BE
:10A560001B219D20F9F780F84679017126B9012356
:10A570004371217909B96171F8BD276820462671B8
:10A58000B84702280546F4D103212046B84708B150
:10A590002F21E6E723682946204698470028E8D07F
:10A5A0003021DEE703460068884204D109B10A6819
:10A5B0001A600846704728B97047884202D10A6875
:10A5C0001A60F6E7034600680028F6D1704701F1EB
:10A5D0001003013813F8012D8B4200F8012FF9D137
:10A5E00070472DE9F04713F0010F8EB004460D4679
:10A5F00017469A46DDE9168924D006A8FFF7E7FF3B
:10A60000A30735D002AA04F110052068083454F8D5
:10A61000041C1346AC4203C31A46F6D106AD02AC85
:10A620001AF0020F4346CDF8009023D02946204669
:10A630000AAAF9F7C1F80AA93846FFF7C8FF0EB011
:10A64000BDE8F08713F0040F0DD106AB0E4601F103
:10A65000100C1D463068083656F8041C1A4666452C
:10A6600003C21346F6D1214602A8FFF7B0FFD6E792
:10A6700006ADD5E73A4629462046F9F79DF8DEE7CC
:10A6800013B50024CDE90044FFF7ABFF02B010BDC5
:10A69000F9F7CCB920BF704720BF70479142F8B599
:10A6A00003D373219620F8F7DFFFB2FA82F33BB1B0
:10A6B000C3F1200499409A4020FA04F498402143C1
:10A6C0004FEA124C93B2040C87B2B1FBFCF50CFBC1
:10A6D000151E05FB03F64FEA0E4E0EEB10408642A8
:10A6E00005D9361A964294BF01260226AD1B04EB0B
:10A6F0000141280405FB1211B1FBFCF40CFB141101
:10A70000634307EB0147BB4205D9DB1B934294BF70
:10A7100001230223E41A2043F8BD70B50446154610
:10A720001E46FFF7BBFF049B00FB154430601C6016
:10A7300070BD2DE9F0411D4607460C46164652EA0B
:10A74000050303D1A6219620F8F78EFF85B9914223
:10A7500004D2FFF7A3FF2946BDE8F0810846294649
:10A76000FFF79CFF05463246384606FB1541F0E7E9
:10A77000B5FA85F80123400803FA08F3C8F11F0869
:10A7800040EAC470A3FB0212610803FB0522FFF735
:10A7900085FF30FA08F04FF0000102D0013861EB7C
:10A7A000010100FB05F3A0FB062C06FB0133BF1AD9
:10A7B000634464EB0304B742AC41CDD3013041F1B3
:10A7C0000001C9E762B1013910B5841810F8012BF6
:10A7D00011F8013FA04201D09A42F7D0D01A10BD23
:10A7E00010467047F0B5C9B20446A30726460ED1FD
:10A7F0004FF0013522F003034D43E718BC420CD162
:10A80000334402F003021A44934209D1F0BD002AF6
:10A81000FCD0013A04F8011BE7E744F8045BEDE7DC
:10A8200003F8011BF0E700280CBF6FF015000020B3
:10A8300070470020704707230370002070470020F6
:10A8400070470020704710F8012B11F8013B012AD6
:10A8500028BF9A42F7D0D01A7047034611F8012B4F
:10A8600003F8012B002AF9D17047034613F8012B96
:10A87000002AFBD1181A013870472DE9F0478646A7
:10A880008C460846089E154674461946002B40F033
:10A89000C1808542B2FA82F245D94AB1C2F12003A1
:10A8A00000FA02FC954094402EFA03F343EA0C0CA4
:10A8B0004FEA154EA8B2230CBCFBFEF80EFB18CCD9
:10A8C00008FB00F943EA0C43994528D9EB1808F135
:10A8D000FF3704D2994502D9A8F102072B44A3EB14
:10A8E0000903A4B2B3FBFEFC0EFB1C330CFB00F00F
:10A8F00044EA0344A04214D92C190CF1FF3304D2CA
:10A90000A04202D9ACF102032C44241A43EA0740C6
:10A910001EB1D440002334607360BDE8F087474621
:10A92000DDE76346F1E792BB431B01214FEA154E79
:10A93000AFB2200CB3FBFEFC0EFB1C330CFB07F884
:10A9400040EA0343984561D9EB180CF1FF3004D27B
:10A95000984502D9ACF102002B44A3EB0803A4B242
:10A96000B3FBFEFC0EFB1C330CFB07F744EA03446D
:10A97000A7424DD92C190CF1FF3304D2A74202D9BA
:10A98000ACF102032C44E41B43EA0040C0E7C2F1EF
:10A9900020039540944020FA03F12EFA03F34FEA86
:10A9A000154E9040AFB20343B1FBFEFC0EFB1C10F2
:10A9B000190C0CFB07F841EA0041884522D96918B7
:10A9C0000CF1FF3004D2884502D9ACF102002944D1
:10A9D000A1EB08019BB2B1FBFEFC0EFB1C110CFBB2
:10A9E00007F743EA01439F420ED9EB180CF1FF3100
:10A9F00004D29F4202D9ACF102012B44DB1B41EA95
:10AA0000004193E76046E3E76146F7E76046A4E765
:10AA10006346B8E7834206D916B9002108467CE7A9
:10AA2000C6E900E0F9E7B3FA83F78FB9834201D3AF
:10AA3000724508D8BEEB020460EB030301209C467C
:10AA40001EB9002169E73846FAE7C6E9004CF8E785
:10AA5000C7F1200CBB400EFA07F522FA0CF42EFACF
:10AA60000CF1BA401C4320FA0CF3B8404FEA1449E9
:10AA700001431FFA84FEB3FBF9F809FB18300B0CF5
:10AA800008FB0EFA43EA00439A4540D9E31808F15F
:10AA9000FF3004D29A4502D9A8F102002344A3EB67
:10AAA0000A0389B2B3FBF9F809FB183308FB0EFE61
:10AAB00041EA03418E452CD9611808F1FF3304D2D5
:10AAC0008E4502D9A8F10203214443EA0040A1EBDC
:10AAD0000E01A0FB02984145CE46434602D306D163
:10AAE0004D4504D20138B9EB020E68EB0403002E89
:10AAF000A7D0B5EB0E0261EB030101FA0CFC22FAC0
:10AB000007F3F9404CEA0303C6E9003199E74046F0
:10AB1000C5E74346D9E70000D0B50D4B1B7813B10C
:10AB20000C4819F05AFA08A7D7E900670A4C3046D2
:10AB3000394618F05BFE2378F92BF8D902F032F988
:10AB4000F5E700BFAFF30080389C1C000000000058
:10AB5000E10D002052EF0400907C01200000000075
:10AB600070B4174E0C46B042154608D00136B042BC
:10AB70000FD0023EB04210D070BC17F0F5BA0AA355
:10AB8000D3E90023C5E900230E4B0020236070BCED
:10AB9000704707A3D3E90023F4E707A3D3E9002311
:10ABA000F0E700BFAFF3008002C0FF7F00000000AD
:10ABB00003C0FF7F0000000001C0FF7F0000000015
:10ABC00002C0FF7F03004E8070B5194C85016319E8
:10ABD00093F83A3005F11906024626445BB1154B4D
:10ABE0001B781BB13146144819F0F7F9134A137852
:10ABF0000BB1013B13702C440025FF231E22294674
:10AC0000304684F8373084F8383084F83A5020F0F1
:10AC100038FC00220023C4E90023C4E90223C4E96C
:10AC2000042384F83B5084F83950257670BD00BF6A
:10AC3000D8260020E10D0020FCD50400907C0120E6
:10AC400030B40D4B0D4A1C68114600239C4201DCB8
:10AC500030BC7047D2F8D45002F5A472854208D1B6
:10AC60004FF4A47230BC02FB031000F5967018F08C
:10AC7000B1BD0133EAE700BF4059012068650020FB
:10AC80002DE9F04FDFF810B2A7B09BF800300E4668
:10AC90000490002B49D1814A1360814A1370DFF878
:10ACA000049299F8003083B118F085FD7E4BD3E90A
:10ACB00000239042994108DB002389F800307B4B48
:10ACC0001B7813B17A4819F088F94FF0000A06ACE6
:10ACD0007F227849204620F013FC20468DF897A06B
:10ACE000FFF7C3FD8046744BD3E8AF5F002D62D001
:10ACF000724E1E2233685146184620F0C2FB684A45
:10AD000003461278002A3BD1B8F11D0F28BF4FF03F
:10AD10001D0818464246214620F08CFB002233686D
:10AD200008F1010503F8082036E018F044FD644DF1
:10AD3000D5E9002390429941B1DB5C4F3B7813B1D8
:10AD4000604819F04AF95B4C7F225F49204620F0A9
:10AD5000D7FB002300200021504A84F87F30136085
:10AD60004F4A8BF800301370584AC5E90001137040
:10AD70003B78002B93D02146554819F02EF98EE7E9
:10AD8000464A1568002DBFD01E2D28BF1E25184627
:10AD90002A46504920F04EFB00234F4A01211380E0
:10ADA000FA230498ADB2B5809370566027B0BDE821
:10ADB000F04F09F07DBC7378002B14BF01230023F2
:10ADC000039321D0DFF8F4801E22D8F800A0294692
:10ADD000504620F056FB324B3F4F1B78002B3CD0A7
:10ADE0002E4A1268002A38D01E2A28BF1E22144676
:10ADF0005046384920F01EFBA8F804403D80FA2256
:10AE00000125BA70C7F80480DDE90310324A09F061
:10AE10004FFC0146F0B1254C237863B12F4819F05F
:10AE2000DCF823783BB1039B2D4800937278012313
:10AE3000317819F0D2F8237865B15BB1264A002148
:10AE4000536828489B88019393780093537812782D
:10AE500019F0C3F827B0BDE8F08F9BF80010224A24
:10AE60000593002908BF14462046FFF7FEFC214643
:10AE700002460546504620F0DDFA0022059BA8F860
:10AE800004503A801BB1054A1268002AB7D199F8DC
:10AE90000020002AB3D1B3E78F7C012004590120A0
:10AEA000AF7C01208E7C012058650020E10D002040
:10AEB0008AD60400500D00200C590120F0580120C2
:10AEC0006065002027D604009DF20400CE7C01209E
:10AED00067D60400B07C0120FC580120A3D60400F2
:10AEE000DAD6040028D704001AD6040038B5144670
:10AEF00029B904F1240018F06DFC002038BDCD689C
:10AF0000044928681AF0C4FB0028F6D1AB88A4F8DD
:10AF10006C30EEE7D00D0020FA2870B51ED0104D31
:10AF2000860105EB801494F83A0090B118F043FCC8
:10AF3000AB59656853EA05020A4A0BD1D4E90234D9
:10AF4000C01A61EB0401904271F10001B4BF01200D
:10AF5000002070BDC01A61EB0501F4E70020F8E79E
:10AF6000D8260020E193040070B503788AB0044627
:10AF70000E4607AD032B20D8DFE803F002191B1D96
:10AF800011492846FFF769FC059563781E21049353
:10AF9000A37830460393E3780C4A02932379019314
:10AFA00063790093A37917F003FF0AB070BD0849D5
:10AFB000E7E70849E5E70849E3E70A212846074AA1
:10AFC00017F0F6FEE0E700BF68D704008AD7040058
:10AFD0006FD7040076D7040080D70400951D0500C4
:10AFE0002DE9F041082905460E46404F92B004D1A4
:10AFF0003B7813B13E4818F0F0FF28461AF02FFFB7
:10B00000804638BB3B78002B5BD13A4B3A4A1968F3
:10B0100016460023994218DDD2F8D40002F5A47236
:10B02000A84260D14FF4A47202FB03F404F59670B9
:10B03000304418F0CFFB04F1FC00304418F0CAFB98
:10B0400004F58A70304418F0C5FB18F0B4FB12B058
:10B05000BDE8F08102A9FFF787FF3B78002B40D1C4
:10B06000002DD2D028461AF0FAFE06460028CCD091
:10B0700000241A2221460BA80A9420F002FA304636
:10B080000AA9FFF771FF1D4EDFF8748096F83A3079
:10B090008BB10AA906F11900FFF7D5FB58B93B7827
:10B0A0004BB196F8383022460093404696F8373038
:10B0B0000AA918F092FF0134FA2C06F14006E5D1F6
:10B0C000A3E7104C304606F061FD324603462146A8
:10B0D0000D4818F082FF002D97D0B8F1000FC1D1B4
:10B0E00093E702ACEEE7013394E700BFE10D0020E7
:10B0F000B7D704004059012068650020D8260020F9
:10B100001BD80400ADD70400F5D7040010B50378B0
:10B110000C46083B012B0CD842780B2A09D1064972
:10B12000406820F0BAF9034601200BB92070184698
:10B1300010BD0120FCE700BF4CD804002DE9F0470A
:10B14000054618462F4B88461B788CB0002B56D0EE
:10B15000002604A98DF80C601AF03AF82A4903AACF
:10B1600004A806F0FDFE9DF80C30002B47D0DFF858
:10B170009C904FF0FF324FF0FF33254813F028FE2C
:10B1800099F80040132C29D8DFF888A05746A6422A
:10B190002ADB2A6807EBC40347F83420AA8828462C
:10B1A0009A80AA7901349A7104A983F8078089F8F2
:10B1B0000040FFF7D9FE184B1B7843B1CDF8008053
:10B1C000142299F80010154804AB18F006FF99F8FE
:10B1D0000030132B02D9124818F0FCFA0C480CB0BE
:10B1E000BDE8F04718F000BB50460722294620F082
:10B1F00054F90AF1080A0028F0D00136C7E70CB06C
:10B20000BDE8F087E07C01200DB10200E17C012067
:10B2100058590120E27C0120E10D002058D804009B
:10B220003C10002030B50446284D8DB0C9B12B78B4
:10B230005BB1274B274DD3E90023D5E90005121A4E
:10B2400063EB0503244818F0C8FE20460AF092FA82
:10B25000224818F0BFFA22480DB0BDE8304018F07F
:10B26000B9BA1AF0FCFD0346006804A901909A8857
:10B270009B7901A88DF80A30ADF808200394FFF7F8
:10B2800073FE2B781BB1174804A918F0A6FE002204
:10B290000023154801A91EF045FDA0B12B781BB174
:10B2A000124804A918F099FE132120461AF05FFDF8
:10B2B00020460AF05FFA094818F08CFA084818F09E
:10B2C00089FA0DB030BD0548F9E700BFE10D002057
:10B2D000C8260020D026002077D804006C1000205B
:10B2E00084100020B7D80400C40F0020C5D8040083
:10B2F0002DE9F04F574D85B02B781BB15649574873
:10B3000018F06BFE0123564F3B7056481EF019FD96
:10B31000DFF85491554E99F80030F92B0CD92B7861
:10B3200023B1FA224C49524818F057FE4FF22440FC
:10B33000002118F05BFAEEE74E4B1B6A33B14FF079
:10B34000FF324FF0FF334C4818F04CFA4B4813F0E3
:10B3500099FE00234A4CDFF82C81DFF82CA13370D2
:10B360004FF0FF324FF0FF33204613F031FDD8E8A5
:10B37000AF3F002B47D15146012001AA8DF8043080
:10B380000AF024FB9DF80430002B3CD101233F4AF6
:10B390003B701068516801AB03C390683C4918606A
:10B3A00001A809F0AFFF0446354818F01DFAA4BB08
:10B3B0000023384A314818F015FA3C7009F0F2FFC2
:10B3C0003378002BA7D04FF22440002118F00EFA5A
:10B3D0004FF0FF324FF0FF33224813F0F9FCDFF853
:10B3E000B880DFF890A0DFF8B4B031788C421EDB73
:10B3F0002B7813B12A4818F0F0FD00231948337058
:10B4000018F0F2F987E7204618F0EEF943F60952F2
:10B410000023244818F0E6F9A2E72B7823B122464E
:10B420000D49214818F0D9FD47F6122080E7002287
:10B430000023414650461EF075FC024628B12B7889
:10B440001BB12146584618F0C8FD013408F1080820
:10B45000CBE700BFE10D0020FED804000AD90400AC
:10B46000E07C012058590120907C0120E17C0120E2
:10B470002AD90400640F0020541000203C10002042
:10B48000445901200859012077370400C0C4040042
:10B490003DB10200B4C40400E27C012079D904006B
:10B4A000B0D904002410002050D904002DE9F04F39
:10B4B000DFF840A1ADF50B7D00AF07F10C044FF0B4
:10B4C000FF324FF0FF332146504613F01DFC18F0B9
:10B4D00072F9012641F2883B47F61229786007F19C
:10B4E0001C05884694E80F0007C52B7018F063F917
:10B4F0007B68C01A61EB0801BBEB000061EB410106
:10B50000012871F100033EDBA0FB090309FB0131B7
:10B5100040F2E733C0184FF47A724FF0000341F164
:10B520000001F8F7B7FB02460B462146504613F0E0
:10B53000EBFB054638BB07F11C030D2221461846DC
:10B540003B601FF0CBFF0028D0D03B680135AE42F6
:10B5500003F10D03F1D10D23224607F11C0103FB7A
:10B56000061307F1140C154603CD654518605960A4
:10B570002A4603F10803F6D12868013618602A79B3
:10B58000142E1A71B2D14FF000084FF02C0BC146A7
:10B5900007F11C0507F590740D2128461DF0D9FF11
:10B5A00029460246786004EB09001FF043FF08F1CA
:10B5B00001087A68464509EB020005F10D0504D043
:10B5C00000F1010904F800B0E6E700236D4688B0F9
:10B5D0006A4623540849C2E905144FF40071918367
:10B5E000064942F8101F4FF4E651054803F0E0FA0F
:10B5F000AD4662E7940F0020CDD90400030000019E
:10B6000034C40400F0B54A4C8DB0237813B14948D6
:10B6100018F0E3FC484F494E4FF0FF324FF0FF3334
:10B62000454802A913F070FB0028F5D104A902A82F
:10B63000FFF79AFC237833B19DF90F2040483B6A0D
:10B6400004A918F0CAFC002501953E4813F01AFD24
:10B650003D4813F017FD4FF0FF334FF0FF323B48EA
:10B6600013F0B6FB0123D6E8EF2FC6E8E13F00292F
:10B67000F9D1374B1D7009F095FE364A364901ABBA
:10B6800002A80AF0F1FD0546304818F0ADF8DDB12A
:10B69000237843B168421FF01DFF2A46034604A9E0
:10B6A0002E4818F09AFC0023D6E8EF2FC6E8E13FB9
:10B6B0000029F9D12A4818F08DF83B6A002BABD14C
:10B6C000284818F087F8A7E70023274A1D4818F0F4
:10B6D00089F8237880B11BB1244804A918F07DFCB7
:10B6E00001980028DFD013211AF041FB0023204AE3
:10B6F000154818F077F8D6E7019A32B9002BD2D066
:10B700001C4804A918F069FCCDE71BB11A4804A92C
:10B7100018F063FC0023194A0B4818F063F800285E
:10B72000C1D02378002BBED0154804A9EAE700BF9A
:10B73000E10D0020DDD90400640F0020085901202C
:10B7400023DA04006C1000208410002044590120EA
:10B75000E07C0120480D00201809002052DA040086
:10B760002410002054100020B4C4040076DA040031
:10B77000366E01009BDA0400CEDA04001C4E0E0087
:10B7800008DB04001FB54B1D03930B1D0293CB1C5C
:10B7900001938B1C0A4600934B1C034917F034FBA2
:10B7A00005B05DF804FB00BF46DB04007FB56A46C8
:10B7B0000346154600F10806144618685968083310
:10B7C00003C4B3422246F7D1186820601B79237165
:10B7D00000222946002306481EF0A4FA014628B19B
:10B7E000044B1B7813B1044818F0F7FB04B070BD8C
:10B7F000940F0020E10D002064DB040070B50646C4
:10B800000D4600248AB0AC4206DB194B1B782BB3E3
:10B810009DF82410174809E0694630460AF0A0FC5C
:10B82000014630B1124B1B78C3B1134818F0D5FB59
:10B8300014E09DF82430022B09D10D4B1B781BB16D
:10B8400021460E4818F0C9FB01200AB070BD3BB973
:10B85000074B1B7813B10A4818F0BFFB0020F4E730
:10B8600040F21B60002117F0C1FF3234CBE700BF6C
:10B87000E10D0020F2DB04008EDB0400B0DB0400ED
:10B88000C9DB04002DE9F04F04467C4D91B04FF028
:10B89000FF334FF0FF327A4805A913F035FA2B78C1
:10B8A00013B1784818F099FB079B08A9C4F8D43065
:10B8B00005A8FFF759FB2B7823B12168724808AA25
:10B8C00018F08BFB04F59676304613F0DBFB002373
:10B8D00030466E4A17F086FF28B12B781BB16C48B2
:10B8E00008A918F07AFBD4F8D40048B92B781BB11A
:10B8F000684808A918F071FB0023C4F8D430C6E7E3
:10B9000041F28831FFF77AFFE0B92B7813B1624832
:10B9100018F063FB1321D4F8D4001AF028FA024679
:10B9200028B12B781BB15D4808A918F056FBD4F854
:10B93000D40009F01FFF00235948C4F8D43017F091
:10B9400049FFD9E7574B00221868D4F8D41008F003
:10B95000D7FF2B78024600285BD01BB1524808A9BC
:10B9600018F03BFB4E4817F035FF504A0023C4F84F
:10B97000D8204F4AC4F8E630C4F8DC200122A4F8ED
:10B98000E0204FF6FF72A4F8E6200322C4F8E2306C
:10B99000A4F8EA3084F8E820A4F8443104F1FC0665
:10B9A000304613F06FFBD4F8D40004F1D8010DF049
:10B9B00029F80246002833D02B781BB13D4808A94E
:10B9C00018F00BFBD4F8D40017F0E3FE002800F0C9
:10B9D000E0811321D4F8D4001AF0C9F92B7802467B
:10B9E000002800F0C0811BB1334808A918F0F5FA0F
:10B9F000D4F8D40009F0BEFE0023C4F8D4302B786C
:10BA0000002B3FF479AF21682C4808AA18F0E5FA1A
:10BA100072E7002BA6D02A4808A918F0DEFAA1E7A1
:10BA2000D4F8D40017F0B5FE38B92B78002BC9D064
:10BA3000244808A918F0D1FAC4E730460023134A75
:10BA400017F0D0FE064628B12B78002BBAD01E483E
:10BA500008A9EFE7D4F8D40017F09BFE28B92B789B
:10BA6000002BAFD0194808A9E4E7B4F844212B789B
:10BA700082BB002BA6D0164808A9DBE7E10D002009
:10BA8000C40F00201FDC040033DC0400B4C4040035
:10BA900054DC040092DC0400BCDC0400EEDC040096
:10BAA00084100020EC5801202EDD0400D00D002071
:10BAB000EDAE02005DDD0400B5E004002EE10400FF
:10BAC0004BDD040085DD0400C2DD0400DEDD040082
:10BAD0001BDE04001BB1B34808A918F07EFADFF89A
:10BAE000C8920027CB46C846DFF8C0A29BF83A2090
:10BAF000002A00F086800BF11903184608A9039369
:10BB0000FEF7A1FE00287CD13846FFF705FA002891
:10BB100045D008EB871393F837A093F838902B782B
:10BB20006BB1A34808A918F058FA2B783BB15346DB
:10BB30003946A048CDF8009008AA18F04EFA3E46C3
:10BB400000229D4BC4F8F220C4F8EC30B4F8443124
:10BB50008DF810A0A4F8F03004ABC4F8F430022340
:10BB60008DF81190A4F8FA20A4F8F83004F58A773B
:10BB7000384613F087FAD4F8D40004F1EC010DF044
:10BB80006FFC0246002800F085802B781BB18B48A3
:10BB900008A918F022FA3046FFF716F812E72A78BB
:10BBA00022B13946864808AA18F017FA9BF83A20BD
:10BBB0002AB19AF8002012B1013A8AF80020002137
:10BBC000FF228BF83A108BF837208BF838200BF1D6
:10BBD00019001E221FF055FC002200230021CBE992
:10BBE0000023CBE90223CBE904232A788BF83B100E
:10BBF0008BF839108BF818101AB13946714818F0C3
:10BC0000ECF90137FA2F0BF1400B7FF46FAF99F885
:10BC10003A705FBB4FEA861A0AF1190343441D22AA
:10BC200008A918461FF06CFC012108EB0A0282F8F3
:10BC30003A10022111765D495FFA86F9D78682F8BB
:10BC400038900A7801320A702A7862B10146584861
:10BC500018F0C3F92B7833B13B4631465A48009669
:10BC600008AA18F0BAF94FF0000A69E70136FA2E6F
:10BC700009F14009CBD12B78002B3FF4A3AE5348F8
:10BC800008A918F0AAF92B78002B3FF49BAE504876
:10BC900008A9CFE6002338464E4A17F0A3FD40B16D
:10BCA0002B78002B3FF477AF4B4808A918F095F993
:10BCB00071E717F080FD00230022B70108EB86161C
:10BCC000C6E900232B78C6E902012BB14B46524648
:10BCD000424808A918F081F917F06DFD2B78064647
:10BCE00089461BB13E4808A918F077F940F6B83AE2
:10BCF0004744DFF8F08017F05EFD801B61EB09011F
:10BD0000504571F1000109DB2B78002B3FF45AAE4E
:10BD100040F6B8320023344808A910E0D7E90023E0
:10BD2000964279EB03030DDA2B78002B3FF44AAEF1
:10BD300017F041FD821B2D4861EB090308A918F09B
:10BD40004CF93FE6D4F8D40017F023FD28B92B783E
:10BD50001BB1404608A918F040F940F635400021D3
:10BD600017F044FDC7E71BB1214808A918F035F9C1
:10BD70002926D4F8D40017F00CFD00283FF438AE83
:10BD8000013E3FF435AE40F21B60002117F02EFD5E
:10BD9000EFE72B78002B3FF42BAE164808A918F0DC
:10BDA0001CF925E63CDE0400D8260020907C01200A
:10BDB00065DE040070DE0400D937040075DF04007E
:10BDC000AFDE0400DCDE0400F6DE04003ADF04002F
:10BDD0005BDF0400B4C4040099DF0400B1DF040099
:10BDE000E4DF04002DE0040063E0040002E004004E
:10BDF000DDE00400FAE004002DE9F0479AB0814646
:10BE00000C46154600214A220DF11E001E461FF069
:10BE100038FB01230693A9F10203DFF8BCA0DFF889
:10BE2000BC802F4FADF81C90062B36D8DFE803F00E
:10BE300004212104350404002368CDF82230A388AE
:10BE4000ADF826300623ADF820301E22254901A882
:10BE500011F09EFB244906AA01A81DF075F90446BD
:10BE600058BB9AF8003003B33146204818F0B5F8B3
:10BE70001BE02368CDF82230A388ADF826300623D6
:10BE8000ADF82030002DE0D02A68CDF82A20AA880D
:10BE9000ADF82830ADF82E20D7E79AF8003023B15E
:10BEA0004A463146124818F098F80024C8F8004075
:10BEB0003C7020461AB0BDE8F0870123049A3B701D
:10BEC0009AF80030C8F80020002BF2D0314609481B
:10BED00018F083F8EDE700BFE10D002004590120C0
:10BEE000AF7C0120B07C0120C8CB04006CE10400D1
:10BEF00050E104007EE104002DE9F0478B880C46F8
:10BF00001E2B28BF1E230A68C2B006469D1816A81D
:10BF100095427AD17D4A0025924603F584736B449D
:10BF200096F8008096F8059003F8B05C92F83A30E5
:10BF300043B192F83730434504D192F838304B453D
:10BF400000F0BB800135FA2D02F14002EED1A78846
:10BF5000032F57D90025142229460BA80A951FF054
:10BF600090FA3C2229461FA81E951FF08AFA142237
:10BF7000294611A810951FF084FAD4F800805022A9
:10BF800029462EA81FF07DFA3A46414606A811F030
:10BF900027FE5F492EAA06A81DF017FA00283ED0FA
:10BFA000BDF8BC30092B3AD1BDF8C030062B36D1D4
:10BFB0009DF8C730574A04939DF8C6301821039363
:10BFC0009DF8C53010A802939DF8C43001939DF8E8
:10BFD000C33000939DF8C23016F0EAFE4E4A9DF839
:10BFE000CC30127872B1013BDBB2042B96BF4B4AC6
:10BFF0004B4952F8231073794A480093337810AABA
:10C0000017F0EBFF42B0BDE8F08712F8011BA1F179
:10C0100020075E2F88BF2E2100F8011B78E72568D6
:10C02000A788502200212EA81FF02BFA3A46294655
:10C0300006A811F0D5FD36492EAA06A81DF0C5F9AF
:10C0400050B9A1881429DDD920682EAA17F0D0FB99
:10C050002EA8FFF7ABFBD5E7BDF8BC30062BF0D11F
:10C06000BDF8C030062BECD19DF8C73018210493E1
:10C070009DF8C630274A03939DF8C5300AA802935D
:10C080009DF8C43001939DF8C33000939DF8C230F1
:10C0900016F08EFE3F2232A91EA81FF031FA0023AF
:10C0A0008DF8B7301C4B1B78002BABD073791E4832
:10C0B000009333781EAA0AA9A2E717F07CFB0AEBCB
:10C0C000851393F83A20C3E90001AF0183F8378064
:10C0D00083F838909AB9012283F83A20134A1378EA
:10C0E000013313700C4B1B784BB107F11902434617
:10C0F00029460F48CDF80090524417F06EFF574480
:10C100003B7E012B04BF02233B7620E7D82600208C
:10C11000C8CB0400C3E10400E10D00204CCC0400B6
:10C12000C50E0500E1E1040003E20400907C01205B
:10C1300090E104001D2306491E220B70FF234B7063
:10C1400059238B7000230348CB7019F037B800BF18
:10C15000917C0120F0580120F8B5002442F21177BB
:10C160002646114D95F83A3073B101360134FA2C58
:10C1700005F14005F6D10D4B1B78A3B13146BDE862
:10C18000F8400B4817F029BF17F015FBD5E9042339
:10C19000801A61EB0301B84271F10001E6DB204631
:10C1A000FEF712FDE2E7F8BDD8260020E10D0020E1
:10C1B0002AE204002DE9F04F964C80462378ADF238
:10C1C000A44D002B42D0944817F007FF2378002B92
:10C1D0003CD0924817F001FF2378002B36D09049CD
:10C1E000904817F0FAFE2378002B2FD08E4817F0D6
:10C1F000F4FE237853B38D4817F0EFFE23782BB36A
:10C200008B4817F0EAFE237803B38A4817F0E5FE5F
:10C210002378DBB1884817F0E0FE2378B3B1874874
:10C2200017F0DBFE23788BB1854817F0D6FE237814
:10C2300063B1844817F0D1FE23783BB1824817F0F0
:10C24000CCFE237813B1814817F0C7FE804FDFF88A
:10C25000049203F061F8014600282ED0037863B3FE
:10C260007F220EA81FF04CF900238DF8B7302378F9
:10C270004BB179480EA917F0B0FE23781BB13846B0
:10C280000EA917F0AAFE082274490EA81FF026F97D
:10C29000054600287ED172492EAB06AA0EA816F0DC
:10C2A000B3FD02280ED023783BB16E4817F095FEFF
:10C2B000237813B16C4817F090FE2020002117F06E
:10C2C00095FAC6E702A906A8FFF75CFA062804D08B
:10C2D0002378002BF1D06548EDE704A92EA8FFF7DD
:10C2E00051FA062804D02378002BE6D06048E2E714
:10C2F000FFF732FF01225F4B5F4E1A7017F05BFAB7
:10C3000041F28832B24680185C4B41F10001C3E92A
:10C31000000196F83A30002B2FD006A906F119003B
:10C32000FEF791FA48BB01230AEB851A8AF8183008
:10C33000534B032004AA02A9FFF75EFD514B1B7863
:10C340000BB3514B1B68F3B1237873B14F4817F00F
:10C3500044FE23784BB14E4806A917F03EFE2378E1
:10C360001BB14C482EA917F038FE2378002BA4D01F
:10C3700038460EA917F031FE9FE70135FA2D06F178
:10C380004006C6D1D4E72378002BEED0424817F000
:10C3900024FEEAE7072249460EA81FF09FF800286E
:10C3A00040F088802EA90DF13F00FFF7EBF9062839
:10C3B000237803D0002B80D038487CE723B138485D
:10C3C0000DF13F0117F009FE0125FFF7C5FE294BCE
:10C3D0001D7017F0F0F941F28832284B801841F1B6
:10C3E0000001C3E900012F4B1D7017F0E4F940F67E
:10C3F000B8322D4B801841F10001C3E90001002241
:10C400002A4B02202EA9FFF7F7FC2378002BACD093
:10C410002748BCE7E10D00203EE2040069E2040089
:10C42000500D00208DE20400A2E20400B3E20400FB
:10C43000F7E204003BE3040082E30400C3E30400EA
:10C4400001E4040036E404005EE404007DE404003A
:10C45000A2E4040093E5040083E40400B6E40400CD
:10C46000BFE40400D4E40400E9E4040010E504009F
:10C4700021E504008F7C0120D82600206065002083
:10C4800032E50400AF7C01200459012037E50400A7
:10C4900053E5040061E504006FE504009BE504003A
:10C4A000AFE504008E7C0120586500201E070500C2
:10C4B000C8E504000A2293490EA81FF00FF80028CF
:10C4C00035D12EA90DF14200FFF75CF9062823783B
:10C4D0007FF470AF23B18C480DF1420117F07DFD60
:10C4E0000125FFF739FE894B1D7017F064F941F201
:10C4F0008832874B801841F10001C3E90001854B68
:10C500001D7017F058F940F6B832834B801841F18E
:10C510000001C3E900010022804B07202EA9FFF78C
:10C520006BFC2378002B3FF420AF7D482FE70922D6
:10C530007C490EA81EF0D2FF002835D12EA90DF19E
:10C540004100FFF71FF9062823787FF433AF23B1AA
:10C5500075480DF1410117F040FD0125FFF7FCFD85
:10C560006A4B1D7017F027F941F28832684B80182A
:10C5700041F10001C3E90001664B1D7017F01BF982
:10C5800040F6B832644B801841F10001C3E9000164
:10C590000022664B08202EA9FFF72EFC2378002BE3
:10C5A0003FF4E3AE6248F2E6072262490EA81EF0AD
:10C5B00095FF002855D160492EAB06AA0EA816F0AB
:10C5C00023FC02280CD02378002B3FF476AE5B4886
:10C5D00017F003FD2378002B3FF46FAE58486AE64E
:10C5E00002A906A8FFF7CEF806287FF471AE04A9C9
:10C5F0002EA8FFF7C7F8062823787FF475AE4BB155
:10C60000504806A917F0E9FC23781BB14E482EA923
:10C6100017F0E3FC0125FFF79FFD3C4B1D7017F061
:10C62000CAF841F288323A4B801841F10001C3E95F
:10C630000001384B1D7017F0BEF840F6B832364B8B
:10C64000801841F10001C3E9000104AA3F4B042016
:10C6500002A9FFF7D1FB2378002B3FF486AE3C48BC
:10C6600095E607223B490EA81EF038FF00287FD12F
:10C670002EA90DF13F00FFF785F8062823780BD08F
:10C68000002B3FF41AAE344817F0A7FC2378002B98
:10C690003FF413AE31480EE623B131480DF13F01AE
:10C6A00017F09BFC0126FFF757FD184B00251E7065
:10C6B00017F081F841F28832154B801841F10001E2
:10C6C000C3E90001134B1E7017F075F840F6B8323D
:10C6D000114B801841F10001C3E90001214B1122E7
:10C6E00018460DF13F011EF00BFF1F4B45742A4603
:10C6F00005202EA9FFF780FB2378002B3FF435AEF1
:10C700001A4844E6EAE50400F5E504008F7C0120C0
:10C71000606500208E7C01205865002011E6040031
:10C7200018E604003DE6040047E6040062E6040063
:10C7300068E604008CE6040094E60400A8E6040021
:10C74000BCE60400E2E60400FFE604001CE7040087
:10C7500020E7040042E704009BE504004AE70400E8
:10C7600062E70400CE7C01207BE704007FE7040041
:10C770008E490EA8FEF767F828B18D490EA8FEF77E
:10C7800062F8002843D1237813B18A4817F025FCBA
:10C79000FFF7E2FC00231D46874A0133FA2B82F89B
:10C7A0003C5002F14002F8D10122844B1A7017F07C
:10C7B00002F842F6F462824B801841F10001C3E9AD
:10C7C0000001804B00221D7000237F49C1E9002336
:10C7D0007E4B2EA91D707E4B18689B882E90ADF85D
:10C7E000BC3005207B4BFFF707FB7B4B1B7843B12D
:10C7F0007A4B196829B12378002B3FF4B6AD7848FD
:10C80000B1E52378002B3FF4B0AD7648BFE50722B1
:10C8100075490EA81EF062FE30B1042273490EA8BD
:10C820001EF05CFE002875D12C210EA81EF045FEDE
:10C8300070B3461C30461EF02CFE2C2105463046B7
:10C840001EF03BFE40B301301EF023FE06460021E1
:10C85000594A0B4692462EA892F83AC0BCF1000FF6
:10C8600002D040F8213001310133FA2B02F14002AD
:10C87000F2D1002D237811DA002B3FF41EAD5C4875
:10C8800017F0ABFB2378002B3FF417AD594812E5A6
:10C890004FF0FF363546DAE72E46D8E78D4201DA0B
:10C8A000B5420BDD002B3FF408AD01290A46B8BFA5
:10C8B00001225148013A17F090FBE3E78E42A8BFEE
:10C8C00001F1FF36721B132AC8BF05F1130623B10D
:10C8D00033462A46494817F080FB49480DF1B80B0A
:10C8E000AE42237804DA002B3FF43FAD45484EE5D5
:10C8F00073B15BF825200AEB82131A4693F83810BF
:10C900001932009193F83730294617F066FB3C48FE
:10C910000135E5E70A223C490EA81EF0DFFD28BBE1
:10C9200001253A4A80210DF14203394816F040FAB8
:10C93000224B1D7016F03FFF41F28832204B8018C9
:10C9400041F10001C3E900011E4B1D7016F033FFD9
:10C9500040F6B8321C4B801841F10001C3E90001D8
:10C960002378002B3FF4A9AC2A4810E52A490EA8E9
:10C97000FDF769FF28B129490EA8FDF764FF0028DB
:10C9800056D12378002B3FF498AC254817F025FBAF
:10C990002378002B3FF491AC2249234817F01DFB6C
:10C9A0002378002B3FF489AC2048F0E4A1E7040091
:10C9B000A4E70400ADE70400D82600208F7C012006
:10C9C000606500208E7C012058650020CE7C01200F
:10C9D0008CEE0400D2E70400AF7C01200459012052
:10C9E000DBE7040008E8040041E804008D1A0500B4
:10C9F00049E80400BCE8040055E8040089E80400A4
:10CA00009BE80400AFE80400C8E80400D3E8040091
:10CA1000500D0020DDE80400FCE80400902805002B
:10CA200004E904002DE9040039E9040047E90400A1
:10CA3000B1490EA8FDF707FF002877D12378002B16
:10CA40003FF43BACAD4817F0C8FA2378002B3FF415
:10CA500034ACAB4817F0C1FA2378002B3FF42DAC6F
:10CA6000A84817F0BAFA2378002B3FF426ACA64862
:10CA700017F0B3FA2378002B3FF41FACA34817F04C
:10CA8000ACFA2378002B3FF418ACA14817F0A5FAB4
:10CA90002378002B3FF411AC9E4817F09EFA2378C0
:10CAA000002B3FF40AAC9C4817F097FA2378002B30
:10CAB0003FF403AC994817F090FA2378002B3FF429
:10CAC000FCAB974817F089FA2378002B3FF4F5ABBD
:10CAD000944817F082FA2378002B3FF4EEAB92488B
:10CAE00017F07BFA2378002B3FF4E7AB8F4817F061
:10CAF00074FA2378002B3FF4E0AB8D4817F06DFA01
:10CB00002378002B3FF4D9AB8A4817F066FA2378D4
:10CB1000002B3FF4D2AB884817F05FFA874B1B78A5
:10CB2000002B3FF4CAAB864986481CE49DF8383098
:10CB3000002B3FF41AAC0EA8FDF797FE00230EA9B8
:10CB4000834264D10EA81EF0A4FC40210346054692
:10CB50007D4A2EA816F02CF923784BB129467B4844
:10CB600017F03BFA23781BB179482EA917F035FA54
:10CB70000122784B1A7016F01EFE41F28832764B75
:10CB8000801841F10001C3E90001FFF7E5FA2EA882
:10CB9000FDF76BFE237806461BB170482EA917F0EF
:10CBA0001CFA0025664B7F2218462EA91EF0A8FC11
:10CBB000AB466B4B80F87F5093F83A200AB10135B1
:10CBC000EDB20BF1010BBBF1FA0F03F14003F3D10E
:10CBD00025BB2378002B3FF4C8AB624817F0FDF962
:10CBE0002378002B3FF4C1AB5F4817F0F6F92378A8
:10CBF000002B3FF4BAAB5D4817F0EFF92378002B18
:10CC00003FF4B3AB41F288315948FFF7ACBB11F8A0
:10CC1000012B303A092A63D8013391E7DFF854A198
:10CC20001E22DAF80030002118461EF02AFC1D2EC4
:10CC300028BF1D262EA932461EF0FCFB0023DAF881
:10CC40000020012193554C4A404601361380AAF832
:10CC5000046082F802B0C2F804A007F029FD23782E
:10CC6000002B3FF482AB2A4644482EA917F0B5F9B1
:10CC70002378002B3FF479AB3149414817F0ADF9E7
:10CC8000B5E740490EA8FDF7DEFD10B92070FFF7AB
:10CC900014BB3D490EA8FDF7D6FD58B901243B4809
:10CCA000234621462EAA8DF8B84001F0A9FB204664
:10CCB00000F04EFF2378002B3FF4FFAA34480EA962
:10CCC00017F08BF92378002B3FF4F7AA314817F0BF
:10CCD00084F92378002B3FF4F0AA2F48FFF757BBC5
:10CCE0002E490EA8FDF7AFFD0028CAD101232C481C
:10CCF0002370FFF74CBB00BF6FE9040074E9040028
:10CD00008AE90400DCE9040028EA040068EA040077
:10CD1000B2EA0400EEEA040082E30400C3E3040084
:10CD200001E4040025EB040052EB04005DEB040079
:10CD3000A3EB0400C7EB0400EBEB0400E10D0020C3
:10CD4000500D002018EC040081EE040030EC0400CB
:10CD500060EC04008F7C01206065002077EC04000B
:10CD6000D826002092EC0400D9EC040073ED0400F6
:10CD7000B2ED0400F0580120FC58012021ED040020
:10CD800055ED0400E4ED04000723050010590120CF
:10CD9000EDED04000DEE040030EE040079EE040029
:10CDA000D6ED04002DE9F04F0025564C564EDFF825
:10CDB0005C9193B094F83A305BB9637E002B40F0FD
:10CDC0008E800135FA2D04F14004F3D113B0BDE893
:10CDD000F08F2846FEF7A0F800287AD194F83B702F
:10CDE000002F4CD104F1190A53464021484A02A8A9
:10CDF00015F0DEFF474B7F22184602A91EF080FB8C
:10CE00004FF0010B444B42F210781F70434B80F8F7
:10CE10007F701F60424B83F800B016F0CCFC414A93
:10CE200010EB080041F10001C2E900013E4A82F81E
:10CE300000B016F0C0FC3D4A10EB080041F10001C3
:10CE400084F83BB084F83970C2E9000116F0B3FCF5
:10CE50003378C4E904011BB15146354817F0BDF8D9
:10CE60003378002BADD094F839302946009394F8EC
:10CE70003B3094F83A202F4817F0AFF8A1E7337809
:10CE800083B116F098FCD4E90423821A61EB030302
:10CE9000294817F0A2F8337823B140F6B831274873
:10CEA00017F09BF816F087FCD4E90423801A61EB95
:10CEB000030140F6B933984271F10001D0DB3378B9
:10CEC0001BB12946484617F088F82846FDF77CFE36
:10CED000C6E794F83A30002B7FF473AF6DE73378F0
:10CEE0001BB12946164817F078F81E22002104F1DC
:10CEF00019001EF0C6FAFF2384F8373084F8383062
:10CF00005FE700BFD8260020E10D0020E9EE040015
:10CF1000D3E80400500D0020AF7C0120045901200B
:10CF20008F7C0120606500208E7C012058650020E8
:10CF300093EE04000DEF0400ACEE0400CAEE040012
:10CF400034EF04000A28A8BF0A202DE9F04F064656
:10CF500000254FF000084FF00009244C244FDFF863
:10CF600094B08DB0B54204DB234B1E600DB0BDE81C
:10CF7000F08F4FF0000A2560C4F8D4A0A4F844A1B3
:10CF80000122514604F1FC001CF091FF01225146A0
:10CF900004F58A701CF08BFF0122514604F596704F
:10CFA0001CF085FF05233946CDE902A34FF400624A
:10CFB000CDE90689CDE9004A104BCDF810A004F167
:10CFC000080012F051FB2B46C4F8D0005A4610213D
:10CFD00008A815F0EDFED4F8D00008A912F0AEFABA
:10CFE000013504F5A47407F50067BBE76865002008
:10CFF000888401208CEF04004059012085B802008C
:10D00000002370B588B08DF80730FFF793F809203A
:10D0100003A902F091F8044688B9039817F05AFF63
:10D020005A4B039A9862526818461A604FF480521D
:10D03000DA6004221A8201F02DF8044638B1544B0C
:10D040001B7873B12146534816F0C7FF09E05248D8
:10D050001CF0CFFD40B94E4B1B7813B14F4816F072
:10D06000BCFF002008B070BD2546FF264C4B18467B
:10D07000402200211EF005FA03460134FA2C80F804
:10D08000376080F83860057603F14003EFD1012363
:10D090003E4819460DF1070217F059FD002829DD19
:10D0A0009DF80740012C25D13E4816F096FF2346F7
:10D0B000214636480DF107028DF8075001F0A0F91E
:10D0C000334C237863B1384816F087FF23783BB19F
:10D0D000364816F082FF237813B1354816F07DFFED
:10D0E000002006F0DFF9014638B12378002BB8D0D4
:10D0F0003048A9E702F028F9E2E72F4E03AD0FCE42
:10D100000FC533682D492B602D4D03A82A4607F023
:10D11000BDF9014620B12378002BA2D0294893E71E
:10D120002949286807F034FA2378014618B1002B02
:10D1300097D0264888E713B1254816F04EFF286897
:10D1400018F098FD2378014618B1002B89D02148AA
:10D150007AE713B1204816F040FF002302A928689F
:10D16000ADF808308DF80A3007F0C2F9014628B151
:10D170002378002B3FF475AF184865E70520FFF7CB
:10D18000E1FE17481CF0DDFD01206BE7105901207E
:10D19000E10D002094EF040090B80400B8EF040003
:10D1A000D8260020D0EF0400DDEF040000F00400DA
:10D1B0002EF0040052F00400CCC4040060CC040043
:10D1C000EC58012072F0040074CC04009DF00400BF
:10D1D000D5F00400F1F0040021F104003DF1040059
:10D1E000445901202DE9F04389B0FFF709FF4A4D6A
:10D1F0002B78002874D0C3B1484816F0EEFE2B7887
:10D200009BB1474816F0E9FE2B7873B1454816F0FC
:10D21000E4FE2B784BB14449444816F0DEFE2B78EF
:10D220001BB14349434816F0D8FE4FF000084FF0B9
:10D230000009002405264FF48062CDE90689CDE976
:10D240000364CDE901443C4B3C4900943C4812F056
:10D250000BFA4FF40062CDE90689CDE90364CDE90C
:10D260000144384B38490094384812F0FDF9384BE6
:10D270001B684FF400620093CDE90689CDE9036491
:10D28000CDE90144334B3449344812F0EDF94FF401
:10D290000062CDE90689CDE90364CDE90144304B54
:10D2A00030490094304812F0DFF94FF48062CDE944
:10D2B0000364CDE901440094CDE906892B4B2C4948
:10D2C0002C4812F0D1F92C4C2C4E2D4F23680133F1
:10D2D0000B2B09DC236000212A4816F087FAF5E7BA
:10D2E000002BA2D0284888E7002323602B78002B4E
:10D2F000F1D03846317816F070FE2B78002BEAD04A
:10D30000224B234A1978234B2348002918BF1A4679
:10D31000224916F062FEDEE7E10D002077F10400FD
:10D32000C3F1040004E904002DE9040039E9040014
:10D330004CD80400EFF10400F1B2020088F00120A3
:10D340005875002005B6020088E80120907400207E
:10D35000EC580120B5C1020088D8012000730020DC
:10D3600019AB020088E00120C8730020ADB40200B0
:10D3700088D4012038720020E8580120907C0120D8
:10D3800012F204005A620200A0F104008F7C012016
:10D3900071F104006CF1040054F20400500D0020FF
:10D3A0002DE9F04F91B0009302F004030293C2F311
:10D3B000C2030133840705460E46DDF868800392F8
:10D3C000059340F0BB81041D30B1072909D86FF0E7
:10D3D0001B0011B0BDE8F08F01F007063444C6F120
:10D3E0000806009B4FF000094FF0040A591E4FF049
:10D3F000FF334F460193CB465346CDF810900DB105
:10D40000009A22600598002800F3E8809848009A66
:10D41000824203D397488242C0F0E080039AA4EB93
:10D42000050E92074FEA9E0000F103810F2F00F2D4
:10D43000B180002D00F0058107F140020DEB020CD8
:10D44000019A0CF8200C0CF8102C04980130049070
:10D45000E7E07A285DD84B280ED8472859D82928E4
:10D460002DD8252852D054D820287AD02338D0F16E
:10D47000000B4BEB000B74E04C382E2849D8DFE84A
:10D4800000F07048484848484848484848484B4891
:10D490004848484848484859484B4B595959704B97
:10D4A0006D487048184B184848827F4B48484B4895
:10D4B0007F0000204FF0000B4FF0040A38E00122FB
:10D4C0002A38C0B202FA00F010EA0E0F49D110F06B
:10D4D000625C2FD110EA020B43D06046013C5444F9
:10D4E000B4FBFAF40AFB04F4002D61D0A3EB050CA5
:10D4F000A444B4453FF66BAF002868D1042B47D154
:10D5000058F8043B2360042304342AE0019A013ACA
:10D5100001924FF0000B24E011F8010C6C2834D17B
:10D52000002011F8023C83466C2BC5D14FF0080A4D
:10D530005346D3E708F1070828F00708073424F01A
:10D540000704F8E802AB35B106982044B0423FF634
:10D550003EAFC4E900AB4FF0000B08344FF0080AAF
:10D56000534611F8010F002878D0BBF1000F7FF46B
:10D5700070AF2528F5D14FF0010B019B01330193CA
:10D580004FF0040AECE7584694E700208346A5E7ED
:10D59000082B02D06FF015001BE708F1070828F0F0
:10D5A0000708F8E80223C4E9002308230834D8E771
:10D5B00068B9042B02D108F10408A4E7082BE9D1CB
:10D5C00008F1070828F0070808F10808EDE7059AB0
:10D5D000013A059258F8042B009210E7039A90073D
:10D5E00020D54FF0010CA4EB050E4FEA9E00BEF5CE
:10D5F000007FCFD20F2FCDD8F5B107F140020DEB50
:10D60000020E019AC0B20EF8200C0EF8102CBCF1DC
:10D61000000F3FF41AAF60F07F000EF8200C09F104
:10D6200001090137C5F108024FF6DA7E043406928B
:10D6300097E74FF0000CDAE7BCF1000F01D001369C
:10D64000EFE7029802360028EBD10098CDE90631C9
:10D65000FDF70BF9DDE906310644E2E7631BB3F59C
:10D66000806F97D245B9A6F10804E018B1E600BF73
:10D67000F8B6040010360500029A9B0828602B704B
:10D680009DF81030C2B1EB7085F80290B9F1000F2F
:10D6900005D0002208A8C5F1010C97420ED14FF029
:10D6A000000AC5F101030DF1200801930DF1300BC3
:10D6B000574512D1601B8CE66B70E5E710F8013B13
:10D6C000190608D50CEB040EB64503F07F033FF6B0
:10D6D0007EAE04F8013B0132DFE7B9F1000F03D061
:10D6E00098F90020002A17DB029BD3B11AF80B200F
:10D6F00004F8012B0022019B18191044B0423FF698
:10D7000066AE98F80000009904F8010B20460392D9
:10D710001DF090FE039A14440AF1010A08F1010871
:10D72000C6E798F8002055F822300093029B009835
:10D7300045F82230FDF799F8421CDCE76FF00D0048
:10D7400047E600BF2DE9F04F97B000AFD7F880B0A3
:10D750003B62CBF3C0030446894690F802A0FA620C
:10D76000BB6141B9457800780AEB800020444D4503
:10D7700017D8A0EB0409E378FB61BAF1000F02D0DF
:10D780001BF0010F16D1FB6953BBFB6A1BB1494665
:10D7900020463A6A98474D4628465C37BD46BDE864
:10D7A000F08F461C3046FDF760F80130304409F137
:10D7B0000109DCE7626823787A62FA6A9900796184
:10D7C00004EB8301002A40F001810E464FF000086F
:10D7D0004D4601EB0A094E454CD101EB0A0610E01B
:10D7E0001BF0020FD1D023789A007A61626804EBB3
:10D7F00083017A62FA6A002A77D14D46904601EB9E
:10D800000A061BF0050F0CBF02230123FB62FB6914
:10D8100006EB430A0BF00203BB625645BCD016F878
:10D82000021B16F8013C54F82390994B994502D3FA
:10D83000984B994536D3BB69002B40D0786A16F0D7
:10D84000A3FB00283BD0E9468AB06A46924B53615D
:10D850007B6AC2E906314FF4007313848F4B42F8A0
:10D86000103F00234FF412518D4801F0A1F9023D01
:10D87000CD46D2E716F8013BF96254F82300FCF7D5
:10D88000F4FFD7F88430F96A01304BB1D7F888300B
:10D8900098453EBFD7F8843023F8180008F10108F6
:10D8A000054498E7BB6923B1786A16F06DFB002840
:10D8B000C9D11BF0010F05D1FB6AED1AADE7BB6AB8
:10D8C000002BAAD04846FCF7D0FFD7F8843053B1DC
:10D8D000D7F8883098453FBFD7F88420431C22F8FA
:10D8E000183008F10108054497E7BAF1000F73D02A
:10D8F0001BF0040673D0D046002607F148005246BC
:10D900003B61B9621DF096FDB96A3B6901EB0A0201
:10D91000BA62FA69F9695200FA60BA6A02EB410226
:10D920003A610BF00202BA603A69B96A8A4258D188
:10D9300062781BF0020F18BF00217A6208BF4FEA1D
:10D940005801B2181BF0010FD2B240F09F801BF0BB
:10D95000040F14BF40460020BB616270A070E170EC
:10D9600020463A6A7969FB6A9847051EFFF614AFAC
:10D97000BB69414623707B6A3A6A6370FB6984F82D
:10D9800002A0E37007F14800FB6A9847B0F1000875
:10D99000C0F2BA807B69A9EB0A01C91AFB683A6A2E
:10D9A000C91AD7E90A0398470028C0F2AF804FF0A0
:10D9B000000BA84408EB000507F1380AB34571D302
:10D9C00000213A6A0846FB6A9847E5E656464FF05A
:10D9D000000807F1380092E75646D04696E7B04671
:10D9E00094E7BA6A12F8021B12F8015CBA6254F8A2
:10D9F0002500274A904202D3264A90421ED3BA6994
:10DA000032B1786A7B6016F0BFFA7B6800288BD150
:10DA1000BA6802BB08F1280207F1300C08F10100D6
:10DA2000944407F1580208F1020852FA80F00CF809
:10DA3000101C5FFA88F800F8105C75E7BA693AB113
:10DA4000786A7B6016F0A0FA7B6800287FF46CAFE0
:10DA50001BF0010F09D006F1280207F13000711CFC
:10DA6000161806F8205CCEB25EE71BF0040F3FF4F8
:10DA70005BAF08F1280207F1300008F1010102EB69
:10DA8000000808F8105C5FFA81F84DE7002063E7B2
:10DA9000F8B6040010360500AAF2040004000001E4
:10DAA0006CC304001BF80A3054F8239087F8373011
:10DAB000D7F884302BB3D7F888309B4521D2D7F8DC
:10DAC000843033F81B8001213A6AFB6A07F1370082
:10DAD000984700281ADB0544B8F1000F06D14846E4
:10DAE000FCF7C3FE00F101081FFA88F841464846DA
:10DAF0003A6AFB6A9847002808DB05440BF1010BE2
:10DB00005CE74FF00008DEE7454645E6054643E69C
:10DB1000014B1860704700BF2809002080B50546FA
:10DB20000E461746984612F097F803461DF0DAFDA8
:10DB30000446DFF81890424649F80030394630462E
:10DB4000A84754F8090001F0E7FF00BF08000000F3
:10DB5000044608B5EFF31183402383F31288BFF323
:10DB60006F8F72B60DF024FC204602F025FD0348AD
:10DB700016F033FA17F07BFAFCE700BF5EF30400FF
:10DB80002DE9F043079D15B91560002012E003242C
:10DB9000B5FBF4F404EB4407BD4218BF0134B4F103
:10DBA000804F09D2A40001348C4200D838B96FF0FC
:10DBB0000B001460BDE8F0834FF0FF34F7E7044634
:10DBC0000021DFF8B4E0B94203F1030C04F10406CC
:10DBD0002BD3A942274623D201F1010CAC451F7873
:10DBE00028BF002324494FEAA70E38BF5B7811F8FD
:10DBF0000EE0AC4584F800E001EB131E2EBF3D2380
:10DC00009B0003F03C034FEA071738BFCB5C07F0DB
:10DC100030071EF80770A3703D2367703746E37026
:10DC20000023381A10603B70AFE71CF8034C1CF857
:10DC3000023C4FEAA4091EF8099024011CF8018C4B
:10DC400004F0300406F8049C0EEB131919F8044094
:10DC50009B0006F8034C03F03C030EEB9814E35CC6
:10DC600008F03F0806F8023C1EF80830344606F873
:10DC7000013C03316346A6E707F404002DE9F043B5
:10DC800000273C463D46DDF81CE0DFF8288175455D
:10DC90001FD3E4BB00201460BDE8F0830136764555
:10DCA00033D013F806C0BCF1200FF7D0AEEB060955
:10DCB000B9F1010FA6EB05050DD0BCF10D0F0AD18E
:10DCC00003EB060999F80190B9F10A0F6ED1751CA2
:10DCD000DDE72E46E3E7BCF10A0FF8D02DB9BCF121
:10DCE0003D0F05D10137022F0DD96FF01500D3E795
:10DCF0001CF0800FF9D118F80C507F2DF5D03F2D76
:10DD000001D8002FF1D10134E1E73546C1E74FF0EA
:10DD1000060C04F00706E4080CFB06F60CFB04F402
:10DD20000736E41B04EBD60470B18C420CD80027F4
:10DD3000014603263C46DFF87CE0DFF87C801D448A
:10DD40009D4205D10C1AA5E76FF00B001460A3E704
:10DD500013F8019BA9F10A0C5FFA8CFCBCF1160FB9
:10DD600004D848FA0CFC1CF0010FE9D01EF809C0D9
:10DD70000134BCF1400F08BF013E0CF03F0C042CF5
:10DD80004CEA8717DCD17EB13C0C012E0C7002D11D
:10DD900001310024D4E7022E4FEA17244C7016BF3D
:10DDA0008F7002310331F4E73446C9E7002DA2D069
:10DDB0009BE700BF87F30400F6FFBFFF2DE9F047A4
:10DDC000058B04462807904611D4022905F0070563
:10DDD00040F0CC80204616F086FB78B10138218BCC
:10DDE000042811D8DFE800F0C2106D8595000129E4
:10DDF0000CBF45F0100545F02005258388F31188F8
:10DE0000BFF36F8FBDE8F08701F0070AAA4500F065
:10DE1000A5800027B9463E46A368002B00F0BC80D1
:10DE200041F00801218388F31188BFF36F8FA16847
:10DE3000002900F0BA800D68002900F0B680334652
:10DE400052462046D1F80480C047002D76D02B687A
:10DE500029461D46F0E701F007035A1F012A1BD887
:10DE6000002221F00701062B276889B2C4E90022AD
:10DE700009D13B4603E0628B013262831B68002BB1
:10DE8000F9D141F002012046218316F02CFB002835
:10DE90007AD041F0200176E0042B0AD121F007016D
:10DEA00089B22046218316F01EFB10B141F02001FB
:10DEB0002183218B01F0070AAA454FD00027B946DC
:10DEC000AAE7236921F0070141F00601062DD3F8E6
:10DED000009021832DD1B9F1000F3FD041F008010E
:10DEE000218388F31188BFF36F8F20463949C847D3
:10DEF00029E021F00701236941F0040189B2042DD2
:10DF0000D3F804902183E6D000274FF0040A3E4660
:10DF100082E721F00701236941F0050189B2052D4F
:10DF2000D3F808902183D6D000274FF0050A3E464B
:10DF300072E700274FF0060A3E466DE72B4687E75B
:10DF4000B9F1000FD1D1EFF31188402383F3128888
:10DF5000BFF36F8F238B23F008032383258BEA06FF
:10DF60002ED525F01003238305F007056669218B64
:10DF7000002EBFF670AF00232768C4E9003321F0FC
:10DF8000070141F001012183218B4FF0000901F0CD
:10DF9000070AAA457FF440AF002F9CD041F008014A
:10DFA000218388F31188BFF36F8F002FC8D03D689D
:10DFB000394633465246204616F0C1FA2F46F4E75A
:10DFC000AB067FF51BAF25F02003238305F0070583
:10DFD00000E700BF6B4504002DE9F7430F460646F6
:10DFE0000821C06A16F0F4FB80463C68DFF84890D0
:10DFF000241A3C6004EA0905AC4203D8002003B0AF
:10E00000BDE8F08308236A462146304616F076FBC9
:10E010000028F4D16946304616F0E4FB40B1BDF863
:10E020000230BDF8042005EA090513441D443C6094
:10E03000A4EB0804E0E700BF0000FFFF73B504464F
:10E040004FF6FF72C06A082116F0C2FB0025636814
:10E050000F4EADF800208DF80620E2681918334005
:10E060001344181A60606846ADF80210ADF8045009
:10E0700016F0A5FB6946204616F074FC2046211DCB
:10E0800016F075FB284663683340A36002B070BD8C
:10E090000000FFFF2DE9F04704468AB000F11407A5
:10E0A00038461BF04EFEA06A8368DB689847E06242
:10E0B00050B98D4A01218D4816F066FB6FF01505A9
:10E0C00028460AB0BDE8F087A06A8368DB689847F5
:10E0D0000368013B1F2B01D9854AEBE7E368B3F5E1
:10E0E000803F08D94FF48032012100927F48814A55
:10E0F00016F0E7FDE2E7A06A216807AA19F0D6FA50
:10E1000008B17D4AD6E7E5682DB1089BB5FBF3F26F
:10E1100003FB12550DB1794ACCE7238A012B01D8B4
:10E12000774AC7E7E36A029593F805904FF0FF330B
:10E130004FF0FF32384610F04BFE0821E06A16F02F
:10E1400047FBA8460646238A1FFA85FA534508D896
:10E15000238A434523D1384610F0B2FE6FF02C05D8
:10E16000AEE7E1682B04891B13FA81F14A460823C4
:10E170002046029116F0D0FA78B1204602A916F096
:10E18000F6FA08F1010808234A46204602991FFAC8
:10E1900088F816F0C1FA0028DAD00135D3E79A459D
:10E1A0000BD1029908234A462046891B16F0B4FA7F
:10E1B00018B9204602A916F0DAFA204602A9FFF79C
:10E1C0000BFF054618B1384610F07AFE78E7029B3F
:10E1D0004FEA13484FEA08486360C4F80880D4E95E
:10E1E000011399420FD30823204603AA16F086FA9A
:10E1F00005460028E7D103AB13F8012B91453DD12B
:10E200000135082DF8D1636820461B0C1B0402A9B8
:10E21000029316F0ACFA4A462046E368029916F0DB
:10E220007BFA051ECFDB63687ED04FF6FF7906EBE5
:10E230000308E3681FFA88F29B1B9A42CDF8088016
:10E2400038D303212F4A294816F09EFA20466168E8
:10E2500016F09CFA05460028B5D163682A4AE168A1
:10E2600013400B44A3EB4603636013402046A360B6
:10E2700016F0A0FB0546002D72D0A4E7204603A9A6
:10E2800016F0B0FA626810B9921B6260A7E7BDF899
:10E290001050BDF80E10E06AC4F80880294416F04A
:10E2A00097FA40449042A060EED1002DECD06FF080
:10E2B0001C0580E008234146204605AA16F01EFAF8
:10E2C000054600287FF47FAF204605A916F08AFA9C
:10E2D00038B1BDF814304B4503D1BDF81830002BD0
:10E2E0006FD0B044A5E700BF5BF40400ACC30400EA
:10E2F0007DF404009AF40400C3F40400DBF4040089
:10E30000EFF4040061F504000000FFFF4A462046D8
:10E310005B1A16F001FA051EFFF655AF08D0E26A47
:10E32000A36812681344A360D4E901318B42EDD88D
:10E330006168E36801EB46029A429CD1DFF8A8804D
:10E34000A26801EA08039A4295D0204616F01EFA08
:10E35000054600287FF437AF636803EA0803A3602B
:10E36000E368A288A3EB46039A4220D0384610F017
:10E37000A7FD0123E268A374238A032100921B48AE
:10E380001B4A16F09EFC63689AB200920321194A58
:10E3900016481B0C16F095FCA3689AB20092032154
:10E3A000154A12481B0C16F08CFC002588E6204606
:10E3B00016F0E9FA0546384610F082FD002DD8D057
:10E3C0007EE60E4A0321094816F0DEF9636820460E
:10E3D0001B0C1B0402A9029316F0C9F920460299EE
:10E3E00016F0D4F946E700BF0000FFFFACC30400FD
:10E3F00012F5040029F504003BF504004CF5040077
:10E400002DE9F04F1D46837C91B0044602910092A5
:10E4100053B90121634A644816F0B6F96FF00C064F
:10E42000304611B0BDE8F08FC26A0821104616F0E0
:10E43000CFF929460190104616F0CAF9E368019A0F
:10E440000746A3EB8203AB42C0F0A9801DB1009B3D
:10E45000002B00F0A48063680593204606AA05A956
:10E46000DDF814A016F0FBF906460028D8D1BDF857
:10E470001830029A934206D06268059B9A42ECD10A
:10E48000002D36D1CCE7204606A916F0ABF90028BE
:10E49000F2D0BDF81A80BDF81C3045B39D4228D19A
:10E4A0004FEA1A4A4FEA0A4AD044AA46E36ADDF81C
:10E4B00000B01B685B4203F020030393DDF80C906F
:10E4C0004146D14528BFD14620464B4608AA16F002
:10E4D00015F900284AD14A46584608A91CF0DDFF24
:10E4E00038B9BAEB090AC844CB44E7D198E7002B06
:10E4F00096D0002F3DD1B84604F1140A4FF0FF32F8
:10E500004FF0FF33504610F063FC238A9E4243D005
:10E51000A168626808EB01039A422FD3029B204650
:10E52000ADF82030FF23009A8DF826302B46ADF849
:10E530002210ADF8245016F0DCF929460746E06AAF
:10E5400016F046F9A3680344A36057B908A816F06B
:10E5500036F9204608A916F005FA002814BF074628
:10E560002F46504610F0ACFC3E4659E7C1DC06464B
:10E5700056E7019B1F441FFA87F8BDE72046FFF7C7
:10E580005DFD07460028ECD1204616F013FA074639
:10E590000028E6D10136B8E76FF01B07E1E76FF01E
:10E5A00015063DE747F40400ACC304002DE9FF471E
:10E5B0001E46837C04460F469046BDF830904BB90A
:10E5C0002C4801212C4A16F0DFF86FF00C0004B043
:10E5D000BDE8F0870821C06A16F0FAF8E368A3EBFB
:10E5E0004003B34243D30025D4F804A0CDF804A0DF
:10E5F0004D455146DDF804A009D9636853451ED145
:10E60000BDF80830BB421AD06FF00100DFE72046AA
:10E6100002AA01A916F023F90028D8D1BDF80830C4
:10E62000BB4206D1204602A916F0DCF808B101353C
:10E63000ADB26268019B9A42DAD15146E0E7BDF87B
:10E640000C30002BE0D0A945DED8BDF80A00090C3B
:10E65000B3424FEA014128BF3346014442462046B7
:10E6600016F04CF80028B2D1BDF80C00AFE76FF0FF
:10E670001500ACE7ACC3040047F404002DE9F047F3
:10E68000044607464FF00109DFF8508014B93846B8
:10E69000BDE8F08794FAA4F5B5FA85F509FA05F313
:10E6A0002E0108EB05156FEA030A24EA03042B7B0D
:10E6B000002BEBD058F806301B694BB94644736801
:10E6C00004222846196807EA0A0716F077FADDE7F8
:10E6D000284698470028D9D1F0E700BF64C4040059
:10E6E00030B5002289B00F490F481BF0A7FE002269
:10E6F00000230024CDE906230E230C4DCDE903347D
:10E700004FF440722846CDE90144094B0949009471
:10E7100010F0AAFF0849284610F010FF204609B063
:10E7200030BD00BF3DE70200F086002020760020CB
:10E7300055EA020088F401208FF50400014810F02A
:10E7400041BC00BFF40F00202DE9F047804621486E
:10E750000F4616F017FA0646002833D00025284643
:10E76000BDE8F087237B83B12368DB680BB12046CB
:10E770009847636883F8069023681B69D3B9636878
:10E7800004222046196816F019FA0136103454454F
:10E79000E8D3B8F1000FE2D0002DDFD02846FFF714
:10E7A0006DFF0546002FF7D0002140F2391011F01F
:10E7B00001FAF1E7204698470028E0D009FA06F36D
:10E7C0001D43E2E705464FF00109034CDFF80CA0BA
:10E7D000DDE700BF7C59012064C4040074C4040058
:10E7E000014B53F82000704798CC040008B503464D
:10E7F00008462BB1044A136000F070FC002008BDED
:10E800006FF01500FBE700BF2C09002010B5044C89
:10E81000237813B9034810F0D5FB0123237010BDF2
:10E82000827D0120F40F002010B50446094816F03F
:10E83000A9F93CB1084BD3E8EF1F0139C3E8E21F47
:10E84000002AF8D105481BF005FEBDE81040044839
:10E8500010F0B8BB7459012078590120F0860020CF
:10E86000F40F002000200146034BD3E8EF0FC3E86C
:10E87000E21F002AF9D170477459012070B5FFF7E3
:10E88000F1FF0546074C084EB44200D370BD6368E3
:10E890005B792BB123685B6813B129462046984702
:10E8A0001034F1E764C4040074C4040010B5044CCF
:10E8B0000449204615F0B0FC034B1C6010BD00BF9E
:10E8C000FC0D002084CC04006C59012000230D4A6B
:10E8D00010B513700C4A0D4913600D4A0D481360B2
:10E8E000FFF784FFFFF7E2FF0B4B0C4918468B4202
:10E8F00000D310BD1A1A5C68121101322271103354
:10E90000F5E700BF837D01207459012040420F00CC
:10E9100078590120814B040064C4040074C40400CD
:10E92000014600220023014815F097BCFC0D002091
:10E93000014815F030BD00BFFC0D0020024B014620
:10E94000186815F07CBD00BF6C590120014815F016
:10E95000B1BD00BFFC0D002070B5274B1878002812
:10E9600049D0FFF7E5FF0546002841D1234B244C51
:10E970001B68002B19DD1BF019FD4FF47A75A0FB05
:10E98000050647F61222002305FB0161F5F782F91F
:10E99000D4E90032C01A40F2E93361EB0201984237
:10E9A00071F1000101D3FFF769FFD4E9003213F5DB
:10E9B0007A7342F10002C4E90032BDE87040FFF70B
:10E9C000C5BF63685B7923B12368294620461B686D
:10E9D00098471034B442F4D32846FFF7AFFF094BF1
:10E9E000D3E8EF1F0139C3E8E21F002ABED0F7E7E2
:10E9F000054C064EEEE770BD827D01207459012062
:10EA0000E88600207859012064C4040074C404001E
:10EA100070B50D4D297861B90120FFF795FE0B4CBB
:10EA20000B4EB44206D3FFF797FF0028FBD101231A
:10EA30002B7070BD63685B791BB1236820469B68AF
:10EA400098471034EDE700BF837D012064C40400C3
:10EA500074C4040000212DE9F0470846FFF774FE56
:10EA6000044658B340F21B684FF000091CF03AFE10
:10EA70001B4B1C4A1B58136033B11B4B1B68092BE3
:10EA800002DD1A4810F09EFA0025194FDFF85CA04D
:10EA900044B12046FFF7F2FD044618B94FF0FF38A5
:10EAA0004FF0FF39FFF758FF064628B9B5B942467F
:10EAB0004B46504610F0C0FA3546E9E74FF0FF38B4
:10EAC0004FF0FF39D2E72B689B691BB10022284623
:10EAD000114698471035BD42F5D3E8E7054DFAE7F2
:10EAE000080000007059012078590120F40F00201F
:10EAF00074C4040064C4040013B5184816F042F846
:10EB0000174B1B7873B1EFF31184402383F3128802
:10EB1000BFF36F8FFFF720FF84F31188BFF36F8F70
:10EB200002B010BD0F4B1B68002BF9D050B900226A
:10EB300000230D48CDE9002340F23912002311F0E3
:10EB4000A9FBEDE70928EBD107481BF083FC074838
:10EB500002B0BDE8104010F035BA00BF785901206E
:10EB6000837D012070590120F0860020F40F0020E1
:10EB700010B5064B04461B6898472146A060044820
:10EB800015F0EAFBBDE81040FFF7B6BF2C090020E6
:10EB9000FC0D0020044A054B9B1AB1EBD30F34BF88
:10EBA00052F8310000207047F4C2040064C404002D
:10EBB0002DE9F04F8FB0C1F34A2804AF0D469146BE
:10EBC000B8607B600C0DB8F1000F63D000264FF0E9
:10EBD000040B4FF00A0A07F11403C7F80C80C7E9C9
:10EBE00007667E620193CDF808B0CDF800A007F16A
:10EBF0001C0332464846F968FEF7A4FDB0F5006FE5
:10EC000003461CD36C468AB0D9F8041004AB2648DE
:10EC10001A46C3E9050140F2FF71D9614FF4007152
:10EC20001984224B42F8103F4FF4125133462048CA
:10EC3000FFF7BEFFA5462C37BD46BDE8F08FC0F3F9
:10EC40000A0804F11700184420F0070080083B6010
:10EC5000FFF766FE68F35325044690B13B6800F168
:10EC60001001C7E9083607F11403F961CDE900A3E3
:10EC7000CDF808B048460F4AF96807F11C03FEF7C3
:10EC800061FD68F353252A4620467B68B96815F074
:10EC9000B5FFD0E704F1170020F007008008FFF768
:10ECA0003FFE0446EDE700BFA4F5040004000001A8
:10ECB000B4C30400CF4B04002DE9F04F87B00446E5
:10ECC000DDE9105ADDE91279934698460391BFB108
:10ECD0003B46524610210020CDF80090CDF814900C
:10ECE000FEF75EFBB0F5006F06460AD340F2FF73F5
:10ECF0000221174A174807B0BDE8F04F15F0D7BFFB
:10ED00003E4605F11700304420F007008008FFF769
:10ED100007FE04F007040BF0070BE40044EA8B1431
:10ED200044EA462444EA0554054640B13FB13B4617
:10ED300052463146CDF800901030FEF731FB434685
:10ED400022462846039907B0BDE8F04F15F056BF9C
:10ED5000E3F50400B4C30400406820B1034BC01ABB
:10ED600040F3CF0070474FF0FF307047F4C204000B
:10ED70000EB403B503AB53F8042B014604480193CA
:10ED800001F0F8F902B05DF804EB03B0704700BF82
:10ED9000114D0400CA0605D48B064CBF0249034935
:10EDA000FFF7E6BF704700BF2EEC04001BF604001F
:10EDB0002DE9F04F89B09B46149B9DF84CA006931B
:10EDC000159B04460593169B0D469046179E04938B
:10EDD000BAF1000F00F09D8006F48073079315F0E0
:10EDE000EBFE06F00209024600283ED0204691497B
:10EDF000FFF7BEFF0746B9F1000F08D016F0440F29
:10EE000035D12A4620468C49FFF7B2FF074406F069
:10EE1000010353B1894B204653F82A20884B894976
:10EE2000002A08BF1A46FFF7A3FF06F48073002BE1
:10EE300049D006F00803002B63D1B8F1000F66D06B
:10EE4000424620468049FFF793FF0546069B3D4416
:10EE5000002B6DD1049B002B73D1F30700F1E480EC
:10EE600031462046FFF796FFD8E00746C3E7774BC9
:10EE700018680028CAD0764B4FF47A791B684FF097
:10EE80003C0CB5FBF3F5B5FBF0F14FF4616300FB0F
:10EE9000115509FB05F5B1FBF3F2B5FBF0FE03FBE1
:10EEA000121100FB1E55B1FBFCF309FB05F5B5FB88
:10EEB000F0F50CFB131120460091CDE901E5654901
:10EEC000FFF756FFA2E706F00803EBB1624B2046BE
:10EED00053F82A206149FFF74BFF0546B8F1000FB0
:10EEE00005D0424620465849FFF742FF0544BBF192
:10EEF000000FABD05A4620465949FFF739FF054469
:10EF0000A4E74FF0000BE1E706F00805E6E7454609
:10EF10009CE7BBF1010F069B06D1002B64D1049B3B
:10EF2000002B7BD000250CE0002BF8D04D485CE096
:10EF30004D48069B22464D4914F0F5FF049B002BDB
:10EF400068D0DFF82C81DFF82C91049F3146102F18
:10EF5000204628BF10274FF0000BFFF71BFF5D4531
:10EF600045DC059B494620461A78FFF701FF4FF024
:10EF7000010B1BF0070F03D141462046FFF7F8FEB7
:10EF80005F453BD9059B4946204613F80B20FFF708
:10EF9000EFFE0BF1010BBBF1100FEAD14FF0000BAC
:10EFA00020463549FFF7E4FE5A46059B20469A5C09
:10EFB000A2F120015F2928BF2E223049FFF7D8FE99
:10EFC0000BF1010BBBF1100F1DD01BF0070F03D18C
:10EFD00041462046FFF7CCFE5F455A46E5D84146FC
:10EFE0002046FFF7C5FEEBE71F485546A1E741461F
:10EFF0002046FFF7BDFE0BF1010BB0E7204620498C
:10F00000FFF7B6FEC5E7059B3B440593049BDB1B5E
:10F0100004939AD1BAF1000F7FF41FAF204609B0D4
:10F02000BDE8F04F15F067BE2046054A0549FFF7D9
:10F030009FFE15E723F6040027F60400A8CC040081
:10F040001EF60400140E05004CF60400845901203D
:10F050008059012030F60400BCCC040050F60400B6
:10F0600056F604003F4D0400114D040075010300E5
:10F0700063F604005BF6040065F6040067F604001E
:10F0800061F6040042F20F7373B58B4228BF0B4642
:10F0900005680446052168460D4A13F089FE0646B8
:10F0A000636828460B225B680A4915F016FE636800
:10F0B0003246694628465B6815F00FFE63681B22DE
:10F0C00028465B68044915F008FE02B070BD00BF19
:10F0D000B328050086F604006AF604000021012327
:10F0E000064A904206D8064A01B901231360054B2F
:10F0F00018607047012140085B00F2E740420F00B2
:10F100008059012084590120F8B50D460446064F68
:10F110004618B44201D12846F8BD14F8011BBB685B
:10F1200001485B689847F4E790B80400014B03601E
:10F130000020704704CD040070B5104B0D461C68CC
:10F14000B4B10F4B196800238B4202DB6FF0010052
:10F1500070BD224612F8106B864202D0144601336D
:10F16000F2E7E0681AF045FD28B100202C60EFE7D7
:10F170006FF00C00ECE76FF01200E9E738090020AF
:10F1800004CD0400F7B58368044663B3D0E9047680
:10F19000026AB3FBF2F502FB15353DB10068551B61
:10F1A0002A4694F8241018441CF06BF9A368E06810
:10F1B00022683E442B4481684D683146A847054685
:10F1C00048B101210346194A1948009615F079FD06
:10F1D000284603B0F0BDE3695BB92369A268134414
:10F1E00023610023A3600025F2E7535DDB43535501
:10F1F0000135A36822689D42F7D3E06881680D68F5
:10F200003146A847054630B103460A4A012108485D
:10F2100015F04DFDDCE73246E369A16820689847A8
:10F2200005460028D9D0044A0346EFE7C8F6040093
:10F23000F4C20400ECF6040002F7040010B5044622
:10F240000121034A034815F029FD0020606010BD2C
:10F2500016F70400F4C204002DE9F3470E46DDE979
:10F260000AA891461F46044680B179B172B18B68F5
:10F270000846DB6898470368B7FBF3F203FB12729A
:10F280004AB11E4A01211E4815F008FD6FF00D001D
:10F2900002B0BDE8F087BAFBF3F203FB12A20AB199
:10F2A000184AEFE7B8F1000F04D0B8FBF3F503FB01
:10F2B00015850DB1144AE5E7C4E90097C4E905A82E
:10F2C000E6602561A56003686A4623620C9B0F49CE
:10F2D000E3614379304684F82430CDE9007518F0B5
:10F2E000E9F9019A0AB90A4ACCE7D4E905310B4495
:10F2F0009A4201D2074AC5E72846C9E736F7040013
:10F30000F4C204006DF7040081F70400E74E040026
:10F3100093F70400AFF7040010B5084C216811B151
:10F3200007481AF0ABFD4FF0FF324FF0FF330548AE
:10F330000FF016FE2060053010BD00BFB45901204B
:10F34000B4100020FC10002038B5094C094D2046AF
:10F3500029461AF093FD204605F188011AF08EFD2A
:10F360002046BDE83840002203490AF033BE00BF02
:10F37000B4100020B8590120FC1000202DE9F04FF6
:10F380008BB0D0F808A01E4600AFDAF80C308046EB
:10F390000D46914698470368202B0BD9264A012138
:10F3A000264815F07BFC6FF0150528462C37BD4626
:10F3B000BDE8F08FB9F1000F01DA214AEFE746EA24
:10F3C00009045A1E144005D001211E4A1B4815F09D
:10F3D0006EFCE8E72946202207F108001CF051F8EE
:10F3E0002546A642E1D9A6EB040BBBF1200F28BFAE
:10F3F0004FF0200B09EB0401DAF804505B4640465D
:10F4000007F108027960A847051E796811DA6C4691
:10F4100088B06A460C4BD161C2E90538042342F832
:10F42000103F00234FF401510448FFF7C1FBA546EC
:10F43000BBE75C44D5E700BFECF704008CC30400D5
:10F4400012F804002FF8040061F8040008B505481C
:10F4500014F0C3FD044814F0C0FDBDE808400348A3
:10F4600014F0BBBD8EF80400C8F80400FBF80400DB
:10F4700008B50348034A0021121A15F0D2FD08BD51
:10F480007812002084840120074808B5074A0849FB
:10F49000121A15F0C8FDBDE808400648064A07499B
:10F4A000121A15F0C0BD00BF4000002074120020E9
:10F4B00010360500400000204000002010360500F6
:10F4C0002DE9F04706460C4600AF002936D0D1E9B9
:10F4D0000012E9468AB06D46A3684FF0050AA846B7
:10F4E0001F48C5E90723C5E9050148F810AF002307
:10F4F00042464FF421511B48FFF75AFBD4E903124F
:10F50000CD466369AD461848C5E90723C5E905013D
:10F51000C5F810A0002342464FF421511148FFF7CF
:10F5200047FBCD46E3690121104A0E4815F0BFFBA9
:10F53000A36901210E4A0B4815F0B9FB012E07D132
:10F54000EFF305830B4A31460648103B15F0AFFB3D
:10F55000214630460FF088F9BD46BDE8F08700BF70
:10F5600035F9040024C4040064F9040093F904008C
:10F57000A2F90400D0F9040030BFFFF7FDBF00BFBF
:10F580002DE9F04105460B4EDFF82C80324606EBA4
:10F590000807CC1B204609491BF04CFFA019424626
:10F5A0000021083C1BF06DFFC5F8B84007F10800CA
:10F5B000BDE8F0810000000008000000C0C40400A5
:10F5C000054B5A699B689A421FBF044A536843F02F
:10F5D000805353600FF0C2BF0074012000ED00E0C3
:10F5E00070B52A4C06460D4629482A4915F028FDD3
:10F5F000A36ADB0647D52648274915F021FD1120CF
:10F60000A36A1C0704D52248244915F019FD1220CD
:10F610001E4CA36A990712D521491D4815F010FD0B
:10F62000636BA26A120609D501211E4A184815F01B
:10F630003EFB1EB1A36A23F08003A3621320134C88
:10F64000A36ADE0704D51248174915F0F9FC142007
:10F65000A36A9C0604D50E48144915F0F1FC152048
:10F660000A4B9A6AD10658BF9A6A9A6A920642BFB2
:10F670005A6A22F400525A629A6A42F0FF029A626F
:10F6800000232B7070BD1020BAE700BF00ED00E032
:10F6900024C40400E3F90400F9F904002CFA04007E
:10F6A0003FFA040057FA04006DFA04008CFA0400D3
:10F6B00010B5244C2449254815F0C2FCA36A9901D1
:10F6C0003ED52248224915F0BBFC1E20A36ADA0170
:10F6D00004D51E481F4915F0B3FC1F20194CA36A1E
:10F6E000DB0204D519481C4915F0AAFC0220A36AC4
:10F6F0001C0304D51548194915F0A2FC2120114C12
:10F70000A36A590304D51148154915F099FC222024
:10F71000A36A9A0304D50D48124915F091FC2320E1
:10F72000084CA36ADB0304D508480F4915F088FC90
:10F730002420A36A6FEA03436FEA1343A36210BD58
:10F740001D20C3E700ED00E0BBFA040024C4040060
:10F75000D3FA0400E6FA040000FB04002AFB0400CC
:10F7600048FB04006DFB040087FB040070B5294CC6
:10F7700006460D462848294915F062FCA36AD904BB
:10F780003CD52548264915F05BFC1720A36A1A05CD
:10F7900004D52148234915F053FC18201D4CA36AB9
:10F7A0009B0512D51C48204915F04AFCA36BA26AA0
:10F7B000100409D501211D4A174815F078FA1EB129
:10F7C000A36A23F40043A3621920124CA36A5905CB
:10F7D00004D51148164915F033FC1A20A36ADA053E
:10F7E0000ED50D48134915F02BFC1B20094A936ACE
:10F7F00043F47F43936200232B7070BD1620C5E74E
:10F80000A36A9B04F2D504480B4915F019FC1C208F
:10F81000ECE700BF00ED00E024C40400B2FB0400EC
:10F82000C8FB04002CFA0400D9FB0400F2FB04001E
:10F8300007FC040022FC04008CFA04002DE9F041CE
:10F840008AB0654B0446D3F80480002600AFC8F3A5
:10F85000080586F31188BFF36F8F02F07F43B3F181
:10F860007F4F07D102F00C03082B12D15B495C4893
:10F8700015F0E6FB002634460023FB71EB1E092B36
:10F8800000F28980DFE803F00A7F827B8787878721
:10F89000878510074CBF0C460126EDE751495048BB
:10F8A00015F0CEFB00234C4DFB71EB6A9A0705D592
:10F8B0004D494B4815F0C4FB002331E0EB6A002BA7
:10F8C00001DA4A49F5E7EB6A5B00F5D54849444857
:10F8D00015F0B6FB6B69A26943F480736B61BFF3EB
:10F8E0004F8FBFF36F8F6B6932F8022C23F4807354
:10F8F0006B61BFF34F8FBFF36F8F4DF602739A4268
:10F9000007D0AB6ADBB26BB30120F91DFFF768FECD
:10F9100037E023680121374A314815F0C8F92368D8
:10F92000FA79DAB907F1080504F1200C2A462068B3
:10F930006168083403C264451546F7D17A6A002E1F
:10F9400045D0C2F3080121B96FEA52226FEA422280
:10F950007A62184607F10801FFF7B2FD2837BD4665
:10F96000BDE8F081AB6A13F47F4F04D00120F91D8C
:10F97000FFF7FCFE05E0AB6AB3F5803F9CD3FFF7D1
:10F9800097FE0346CCE70020F91DBFE70020F91DD4
:10F99000EEE719498DE7194A18F4F87FE8468AB06E
:10F9A000174B18BF13466A461649103DC2E90513A6
:10F9B0004FF400731384144BD56142F8103F0023B9
:10F9C0004FF411510648FFF7F3F8C54674E722F4E7
:10F9D000FF7222F00102BBE700ED00E068FC0400CA
:10F9E00024C4040093FC0400AAFC0400CBFC040023
:10F9F000D9FC0400F8FC040014FD04004FFC0400D2
:10FA00003AFC040038FD040004000001064B5A696A
:10FA100042F010025A615A6942F480625A615A698E
:10FA200022F008025A61704700ED00E0EFF3088011
:10FA3000EFF3098101B57246FFF700FF01BD00BF7A
:10FA4000002080F31488BFF36F8F002080F30A88B2
:10FA500080F30B88104880F3088800200F49087055
:10FA60000CF0A8FE00200E490860BFF34F8F00F095
:10FA70002DF8402080F311880A484FF400614018A7
:10FA800080F30988EFF314800221084380F314887F
:10FA9000BFF36F8F00F0E6F8C04A02207F84012098
:10FAA00094ED00E080210220002318460649D1F899
:10FAB0009020C2F30722934200DB7047C1F89830D0
:10FAC000C1F8A0000133F6E700ED00E010B572B612
:10FAD000002484F31388FFF7E7FF23464FF0FF303D
:10FAE0000C4A03F120010133102B42F82100F8D118
:10FAF00000234FF0FF30074A03F160010133102B60
:10FB000042F82100F8D162B6BFF34F8FBFF36F8F79
:10FB100010BD00BF00E100E0084B9B6883420BD1A1
:10FB2000EFF3058343B1064B5A6842F080525A60A6
:10FB30005A6A22F400425A6210F094B8007401200C
:10FB400000ED00E016498A684FF030001044EFF3F2
:10FB5000098C80E8F01F402080F31288BFF36F8F7C
:10FB6000104F4FF000664A698A603E60D2F8B800D4
:10FB70000D4C2060D2F8BC000023C2F8BC3080F3EA
:10FB8000118802F1300090E8F01F8CF3098802F12F
:10FB9000000004B515F05CFABDE8044070470000B1
:10FBA0000074012004ED00E0C85A01201EF0040F8B
:10FBB0000CBFEFF30880EFF30980816911F8021C94
:10FBC0000229FFD001B5724615F02FFA01BD00BF22
:10FBD00000B2002807DB01234109034A00F01F009F
:10FBE000834042F82130704700E100E000B2002875
:10FBF0000CDB01220649430900F01F00824020333C
:10FC000041F82320BFF34F8FBFF36F8F704700BFC2
:10FC100000E100E0D30748BF002100B258BF023125
:10FC20000028ACBF00F16040064A4FEA4113DBB246
:10FC3000ABBF00F5614000F00F0080F800331354B3
:10FC4000704700BF14ED00E0044B054A23F07F032A
:10FC50009360BFF34F8FBFF36F8F704700E80000D2
:10FC600000ED00E008B5FFF7EFFF074AD2F8883053
:10FC700023F47003C2F88830FFF7FAFBFFF704FCA7
:10FC800000F048F80EF014FF00ED00E042F8203CD0
:10FC9000009B0B4942F81C3C019B21F0010142F8FA
:10FCA000183C029B42F8081C42F8143C4FF0807349
:10FCB00042F8043C0023203A0265C0F8BC3070478B
:10FCC0001DDB020000B50E4B15469860D0F8B82039
:10FCD0000C4B0E461A60D0F8A83083F30B882C46E4
:10FCE00086F309880020044B984720460021002213
:10FCF0000023024C20470000615004001DDB02007D
:10FD000000740120C85A01201022014B1A6170476B
:10FD100000ED00E00023402040F20F1210B5044C2B
:10FD2000E1180133934281F80003F9D110BD00BFFF
:10FD300000E100E008B5EFF30583064A103B02EB53
:10FD4000C30152F8330049688847BDE80840FFF70F
:10FD500037BC00BF70B904001FB5094C094A2346DF
:10FD60000121094800F012F900230393074B0121F8
:10FD7000E41A01A80193029400F012F904B010BD36
:10FD800000F0022000000020A8CD0400781200201E
:10FD900010B50C7A0B6804F01F0223F01F031A43FE
:10FDA000CB68640923F01F03054943EA440343F089
:10FDB0000103C1F89800C1F89C20C1F8A03010BD23
:10FDC00000ED00E010B50A4BD3F89030C3F30723E1
:10FDD000013B984208D901210346064A064814F01F
:10FDE00066FF6FF0150010BDFFF7D2FFFBE700BF05
:10FDF00000ED00E04FFD0400FCC304002DE9F04FCE
:10FE00008946144606464FF00008514D85B0C84556
:10FE100027DAD6F804A0BAF1000F44D0BAF11F0FC8
:10FE200017D91AF01F0F14D1D6F800B01BF01F0F0E
:10FE30000FD1584615F037F907460AEB0B00013889
:10FE400015F031F9874210D06FF01507414A3B4653
:10FE500001E04346404A0121404814F028FF6FF07A
:10FE60001504204605B0BDE8F08F17F1160FEDD050
:10FE7000BC42EBDDC5F89870D5F89C10C5F89870B9
:10FE8000D5F8A03021F01F0143F01F0BD6E9003256
:10FE90001A44994202F1FF3A1DD1D34507D13146A8
:10FEA000F8B215F009F908F101080C36AFE7314650
:10FEB000C5F89870D5F89C3022F01F0203F01F039C
:10FEC0001343C5F89C30E0B215F0F6F810F1160FA8
:10FED000C5D0441CE7E7C5F89870D5F8A020013BD1
:10FEE00023F01F0302F01F021343D3453146E0B253
:10FEF000C5F8A030E8D015F0DFF810F1160FAED03D
:10FF0000C5F89870D5F89C209DF808300BF1FF3BA0
:10FF100062F304038DF80830D5F8A0309DF808206E
:10FF20005B0863F347128DF80820D6E900321344CA
:10FF3000009323F01F035B44A3EB0A03013023F07B
:10FF40001F036946C0B20393FFF73CFFBEE700BF43
:10FF500000ED00E098FD040075FD0400FCC3040002
:10FF60000522044BC3F89420BFF34F8FBFF36F8F6C
:10FF7000704700BF00ED00E0BFF35F8F0022024B2F
:10FF8000C3F89420704700BF00ED00E010B5034CAB
:10FF90002278FFF733FF207010BD00BF857D012060
:10FFA0002DE9F74F294D8A4606464FF00008AB462B
:10FFB000274FD0451BDAD6F80490B9F1000F3FD097
:10FFC00031680846019115F06EF80199044609EB75
:10FFD0000100013815F067F884424FF014021D4B00
:10FFE00008D002FB08F36FF015024BF8032003B0B2
:10FFF000BDE8F08F14F1160F2C60F8D01978A142EB
:020000040003F7
:10000000F5DD02FB08B0C7F89840C7F89840D7F86C
:100010009C4000F10801007B64F304000871D7F8EC
:10002000A0000C79400860F347140C71D7F89C10BD
:1000300021F01F016960D7F8A01021F01F0129618C
:1000400008F1010814350C36B3E700BFCC5A012083
:1000500000ED00E0857D0120F0B54149414CD1F82B
:1000600090302568C3F307239D4287B075D80020E0
:10007000FFF782FF3C4BC1F8C030854216D13B4CA4
:1000800001A82570FFF752F800250646384FAE420A
:1000900013D1002023783249D1F89020C2F30722EF
:1000A000934254DBFFF75CFF00202FE0616801EB17
:1000B0000011FFF76DFE0130DFE70199280101EB28
:1000C0000513DA683A40B2F5001F21D0B2F5800F6F
:1000D0002BD0B2F5801F38D15A689B680958013B74
:1000E00022F01F0003440120844623F01F0340EA4E
:1000F0004C10CDE902218DF8100002A9207805935B
:10010000FFF760FE00281DDA6FF0150007B0F0BDA4
:100110005A689B680958013B22F01F0003444FF0C6
:10012000020C012023F01F03E1E75A689B6809587D
:10013000013B22F01F0003444FF0000C022023F08B
:100140001F03D4E723780133237001359FE7C1F8FB
:100150009830C1F8A00001339EE74FF0FF30D5E79B
:1001600000ED00E0B4CD0400AAFF4400857D01202D
:100170000000F0FFF0B587B007460E461446002198
:10018000102268461D461BF07CF902238DF80230D0
:10019000054B2A4621466846CDE90476019312F0C4
:1001A000C9FE07B0F0BD00BFF150040008B5024819
:1001B00012F0DEFDFEE700BFCAFD040008B5024BE9
:1001C0001B689847002008BDE05A0120034B044AF1
:1001D0001860937843F0020393707047E05A01204F
:1001E0003C09002008B5054813F0F7FE002383F30F
:1001F0001188BFF36F8F0423184602DFCFFD040080
:1002000008B50649064821F00701C1F1005202F580
:100210003C3213F030FE002008BD00BF47EB022047
:10022000E45A01204FF0FF324FF0FF3301480EF047
:10023000CFBD00BF4C09002001480EF041BE00BFF9
:100240004C09002038B504460D46FFF7EBFF214668
:100250002B460822074813F0D6FD044628B925B1DD
:100260001BF040FA0C22044B1A50FFF7E5FF204622
:1002700038BD00BFE45A01200C00000010B5044650
:10028000FFF7D0FF2146034813F0E0FCBDE8104023
:10029000FFF7D2BFE45A012070B541690446867A5F
:1002A0000A4D59B1437ADB0706D42C2303FB0653CE
:1002B0005B6A1B689B689847002363612C2021467A
:1002C00006FB0050BDE8704019F0E3BD141100209A
:1002D0002C22024B02FB0030704700BF141100209B
:1002E0002C21827A054B01FB02339A6A1B7F801A0C
:1002F0001B3323F00303B0FBF3F07047141100200D
:1003000038B52C24827A064B04FB02335B6AD3E9AE
:1003100001240C601568FFF7E3FF04FB005038BDB3
:10032000141100202DE9F04385B00546684690463B
:100330001C4603911AF03CF8DDE90067EFF31189E0
:10034000402383F31288BFF36F8F6B8B002B41D058
:100350002A8B9A4225D90022002328460EF000FE5F
:100360000446F0B189F31188BFF36F8F039B002B14
:1003700041D032463B4668461AF03FF82C21A27A1B
:10038000254B204601FB02335B6A03A91B681D68ED
:10039000DDE90023A847606170BB2046FFF77CFFC2
:1003A00024E0698B4B1E6B8389F31188BFF36F8F39
:1003B0002B7F2A8BAC6A1B3323F00303521A02FBF8
:1003C0000344154B154AEB1A9B105343A3722B7F22
:1003D000E372CBE789F31188BFF36F8F2346424660
:1003E00028460EF0BDFD04460028BFD1002420465B
:1003F00005B0BDE8F0836361012300252381039BE1
:1004000029466382E27A656004F118001BF039F82E
:1004100063692582E360EAE714110020A38B2EBAFA
:1004200070B52C250C4C00B970BD037A4668002BC2
:10043000FAD0013BDBB20372002BF5D1C3604360FD
:10044000837A05FB03431B6A13B198473046EAE7FA
:10045000FFF722FFFAE700BF141100202DE9F84F43
:1004600007460E469046054629466D68002DFBD18D
:100470004FF02C0ADFF874B001F10C04204614F0A0
:100480000EFF86421AD3204614F009FF1FFA80F9A6
:1004900041464A46204614F0A8FEB6EB09064D44F4
:1004A000C8441FD00C9B63B1DDE90A010D9A98473F
:1004B0000146B8B1384614F070FEDDE71FFA86F940
:1004C000E6E7BB7A03FB0AB0436A9B6843B1B342D9
:1004D00028BF33461946DDE90A23FFF723FFE7E784
:1004E0003146F8E72846BDE8F88F00BF1411002018
:1004F00008B5234A234B1A6009F0FCF94FF47A61DE
:100500002148D0F82436C3F30802C3F309434B4310
:1005100082F480721D49883201FB02334FF4FA21C4
:100520005B00B3FBF1F201FB12331949B3F57A3FDB
:1005300028BF0132C1F80429D0F820364FF47A6080
:10054000C3F30802C3F30943434342F21C5082F44D
:10055000807202F2172200FB02334FF47A701B0AFA
:10056000B3FBF0F200FB1233B3F5FA7F4FF0010357
:1005700028BF0132C1F81C27C1F80036002008BD91
:100580000020A107FC0C002000C0FF00F82A00801A
:100590000000125048B1054B054A1B68B3FBF2F34B
:1005A0005843044B43F0010318477047FC0C0020EC
:1005B00040420F0040CA0400BFF34F8F0549064B6D
:1005C000CA6802F4E0621343CB60BFF34F8F00BFF1
:1005D000FDE700BF00ED00E00400FA0538B5064C69
:1005E000064DAC4201D3002038BD54F8043B002B2B
:1005F000F7D09847F5E700BFB8C40400C0C40400B2
:10060000084B0246186808B1036800B97047418971
:100610009142FBD01BB1196818460B46F5E7194605
:10062000FAE700BFF85A01200A4B1B681BB11A6891
:100630001BB9184670471A46FAE75989814206D015
:100640001AB1116813460A46F2E71146FAE7D8686C
:10065000704700BFF85A012000230360044B5A681A
:1006600012B9C3E90000704710605860704700BFBE
:10067000F85A012000230360044B5A6812B9C3E9F9
:100680000000704710605860704700BFF05A0120AA
:100690002DE9F04F89B004910021DDF84880196000
:1006A0001E46284BA8F800101B68054617468DF813
:1006B00019104FEA104B002B42D089464FF6FF7AB3
:1006C0001C681BB9084609B0BDE8F08F9A6852450E
:1006D00006D0BBEB124F27D125EA020292B21ABB19
:1006E000326828460792B8F800200297ADF81A2021
:1006F000049A059101920DF1190200925B6807AA14
:100700009C460DF11A03E047059948B1B9F1000F75
:1007100006D1079B022833600BD001464FF0010938
:100720009DF81930002BCDD144B1226823461446E0
:10073000C7E7BDF81A30A8F80030EEE72246F5E723
:100740001946BFE7F05A012000232DE9F04F044677
:100750000D468BB0CDE9063301F10C092B8A3BB96C
:1007600098462846216814F003FF0020216881E0A4
:10077000072B40F20481EA6806AB1068516803C396
:10078000BDF81A3008215BBA1FFA83FAADF81A30A7
:10079000BDF81C3048465BBA9AB2ADF81C300592E1
:1007A00014F04FFD2B8A5345C0F0EF809DF8187070
:1007B00017F0050840F0EE802846216814F0C4FECA
:1007C0000646002800F0E98001226068042140F814
:1007D000045B2B8ACDE901880092EA6819F0FCF8E5
:1007E0003146A06814F092FD9DF81820D4F808B0A6
:1007F000C2F3C102012ACBF84C8000F2C3800598F5
:10080000FFF7FEFE002800F093809DF81F1014F003
:100810004EFD002800F08C809DF8182012F0070291
:100820002ED0022A47D04FF003083146A06814F0BA
:100830006DFDD4F80890022109F10407384619F03B
:100840008BF900287AD002223846554919F069F907
:10085000002873D04146384619F047F90221002894
:100860006ED1384619F080F92846216814F080FED0
:100870003046216814F07CFE40460BB0BDE8F08F96
:10088000D0F80080A068B8F1000F51D00F210430DB
:1008900019F062F900284ED02046C0478046A06873
:1008A0000F21043019F060F940B9B8F1000F08BF0A
:1008B0004FF00708B9E7D0F80480E3E7B8F1000F7C
:1008C000B3D1BBF84E80B8F1000F12D017F0180F5B
:1008D0000FD1BBF84C00FFF7A7FE034610B94FF04D
:1008E0000108A2E7404698478046B0B1002E4ED09E
:1008F0009BE7DBE90012C868121A0A82DBF80030B5
:1009000008A91A8A06A8083A14F0E1FCA3681B6833
:10091000DA680B4603CB10605160236830469B6A4F
:100920009847804698BB5146484614F08AFC15E724
:100930004FF0080879E74FF0070876E7022190E7C3
:10094000384619F011F900288ED0D9E900A7DAF855
:100950000C3008A9FF1AA7F1080206A814F0B7FC8A
:10096000AAF81070A3681B68DA680B4603CB106006
:100970005160236830469B6A9847002674E74FF021
:100980000908EEE64FF00D084FE74FF009082E4634
:1009900000254AE74FF00808F9E74FF00208F6E7AC
:1009A000F3FD040070B504460E4615468AB3A0F860
:1009B0004810A0F84A201849032219F0B2F818B9D3
:1009C000002000F0010070BD0221204619F0C4F89B
:1009D0000028F5D005222046104919F0A2F8002879
:1009E000EED03146204619F08AF80028E8D00222DD
:1009F00020460B4919F095F80028E1D029462046F9
:100A000019F07DF80028DBD00221204619F0ACF85F
:100A1000D7E70120D7E700BF77200500F6FD0400E7
:100A2000F3FD04002DE9F0418468064614F0030448
:100A300090B001D014F059FB14F04EFA4FF001338E
:100A400003FB00F7D6F80880A04501DC012019E07F
:100A5000A8EB0405402DA8BF40256A462B46214639
:100A6000304614F0F6F9031E06DB6A460023AD108B
:100A7000AB420AD14034E7E708480121084A14F0A4
:100A800016F90B2010B0BDE8F08152F8041B8F421C
:100A900001D10133ECE70020F4E700BFDCC3040020
:100AA000FCFD04001FB514F0A2FC041E2BDB03A9FF
:100AB000E0B2FEF741FB00280ADA0121234600904C
:100AC000124A134814F0FDF80A24204604B010BD61
:100AD0000398FFF7A7FF044690B903982146826860
:100AE00014F0E1F9034620B90024039814F0B0F99A
:100AF000EBE70121074A064814F0D9F80D24F4E782
:100B00000128F2D1F0E70E24DFE700BF24FE040045
:100B1000DCC3040048FE0400F0B585B014F067FCA7
:100B2000041E0D4616461F4623DB03A9E0B2FEF75E
:100B300003FB50B10121234600900F4A0F4814F0E7
:100B4000C0F80A24204605B0F0BD3B46324629468F
:100B5000039814F07EF90446039814F079F9002CF8
:100B6000F0D001212346064A044814F0A0F80B24D3
:100B7000E8E70E24E6E700BF24FE0400DCC304001F
:100B800067FE040070B50C4615461E4648B1334654
:100B90002A462146074814F0F6F9002818BF0C2011
:100BA00070BD054B0348197814F0FFF90028EED00A
:100BB0000A20F5E7005B01202C5D012070B50D4691
:100BC00086B0002868D1354B02A91878FEF7B4FA30
:100BD000034640B10121324A324814F068F80A2431
:100BE000204606B070BD029814F074F9064600283D
:100BF00050D0029B5C68013C2C44214603AA16F0AD
:100C000055FD014650B101212346274A254814F0DD
:100C10004EF81324029814F01BF9E1E7049BDDE978
:100C200002051D444368ED1A2A4614F03CF90446B7
:100C300040B12B461D4A009001211A4814F041F89A
:100C40000D24E7E703212B46194A164814F02FF824
:100C5000029B986816F049FC8542DBD8029B5968D4
:100C6000014403AA304616F021FD02980399436817
:100C70008568C91A6D1A2A4614F015F918B10D4A7B
:100C80002B460090D8E703212B460B4A054814F069
:100C90000EF8BFE71224BDE71424A1E72C5D012064
:100CA0008AFE0400DCC30400B0FE0400C3FE04009E
:100CB000F3FE040014FF04004CFF0400F0B50D46E1
:100CC000064618220021284687B01AF0DAFB73681E
:100CD000581C00F09F80002B40F08B8032691F2A47
:100CE0007DD9B268511C7CD0C5E90023F7684A4B16
:100CF0003A689A4277D1B269202A76D862B14748D9
:100D00000368013308D0037B9A4205D171690D3025
:100D10001AF0C3FB0446A0B1002014F0CCFB18B9B4
:100D200014F065FB00280FDA012014F0C4FB20B991
:100D3000012014F05CFB002806DA4FF0FF33092491
:100D4000EB60204607B0F0BDE86002A9C0B2FEF734
:100D5000F3F940B1EB6801210090314A314813F0BA
:100D6000B0FF0A24EDE70298B26883689A4203D97B
:100D700014F06EF81E24E4E714F06AF8337F73B9B8
:100D80002C7B03A92046FEF7D7F9A8B10121234601
:100D90000090234A234813F094FF0A2415E004A886
:100DA00014F064FB18BB07F1140104A814F027FB2E
:100DB0000028E5DB1B24C4E70398FFF733FE044655
:100DC000039814F045F8002CBBDBB4FA84F46409F2
:100DD0006C743369AB6001232B740024B1E71624D3
:100DE000AFE71524ADE71724ABE71824A9E71A24C9
:100DF000A7E70A4A13689168EB60002329606B60DB
:100E0000736852689342E8D1326913449942E0D240
:100E10001F2496E7142494E73DB8F3962C5D012037
:100E200024FE0400DCC304007FB514F0E0FA051EC4
:100E30000E4618DB03A9E8B2FEF77EF9044650B16E
:100E4000012100902B46094A094813F03AFF0A2471
:100E5000204604B070BD039814F03EF8307003983B
:100E600013F0F6FFF4E70E24F2E700BF24FE0400BF
:100E7000DCC3040073B50E464388054601934378EE
:100E80001921009303780B4A304611F091FF041E9C
:100E900003DA4FF0FF3002B070BD6B683BB1064A19
:100EA000C4F11901301911F083FF031EF1DBE018C2
:100EB000F1E700BF75FF040081FF0400033880B232
:100EC00019289ABF014B185601207047DDFF040016
:100ED00008B5054B2C22002118461AF0D2FA4FF023
:100EE000FF3240F8042C08BD305D01200148FFF7B7
:100EF000B3BB00BF500A002010B5041D03222046DA
:100F0000074918F00EFE08B9072010BD054B204612
:100F1000596818F0FEFD0028F6D00020F5E700BF64
:100F2000E9ED04002C5D01202DE9F0438BB00C4667
:100F30000DF10301054616461F46FFF775FF0146F2
:100F4000002840F08D802023284602AAFFF7E4FD08
:100F5000002850D19DF80380DFF81091B4BB0298AF
:100F6000484540D10FB1069B3B60059BBDF8104042
:100F700028461C44042321460DEB0302FFF7CCFD59
:100F800040B946F60813BDF804209A4204BFBDF8E4
:100F90000630E4180423214628460DEB0302FFF730
:100FA000BBFD58BB46F60713BDF804209A4225D175
:100FB0008146BDF806700434274404F10408B8459E
:100FC0001ED989F001094FEAC90014E00822414600
:100FD00020461AF056FA0298484504D107AB03CBD5
:100FE00020606160BEE74FF0013303FB08F8404525
:100FF00014BF172003200BB0BDE8F0830420FAE7EC
:101000000423214628460DEB0302FFF785FD002847
:10101000F1D1BDF80420BDF80630FF2A05D14FF606
:10102000FF72934205D10520E5E7122A01D1402B3A
:1010300004D0043303EB04084446BEE7B9F1000FC3
:1010400010D116B94FF00109F6E74434BC420BD871
:10105000324641462846FFF75FFD0028F2D0CAE736
:101060000220C8E70620C6E70720C4E73DB8F3968C
:1010700070B51C4A8AB005920422D0E9010500230C
:1010800001260692184ACDE90163079201AA089247
:101090008DF82430324602AB05A9043014F050F923
:1010A0000446E8B90346024603A901980435FFF750
:1010B0003BFF58B9019814F0FEF938B1092201211B
:1010C0002846FFF76FFC20460AB070BD0198FFF775
:1010D000E9FC0646FFF7FCFE002EF4D0B2B2EEE7C4
:1010E0000324F0E70FFF0400AB9704002DE9F04361
:1010F0000024D0E90138BFB008AF214620220646BF
:10110000384603F1040901941AF0BBF94FF0FF339C
:10111000CDE90933624B0325209305232193614BCD
:101120000BAACDE92237604B2892259304232693FE
:101130005E4B5F4A279336930DAB37935D4B2A92F4
:10114000399307235C4A0AA92C9231923A9309AA4F
:101150005A4B2D9132925A495A4A3B930FABCDE9E3
:101160002F15CDE934253C930622484601AB20A932
:101170008DF890408DF8A4408DF8B8408DF8CC40A3
:101180008DF8E0408DF8F4402B9514F0D9F8044622
:10119000002840F08380384602A9FFF78FFD08F150
:1011A00004080546B8B1484A03460121474813F0F0
:1011B0007EFDAAB201214046FFF7F4FB002305465D
:1011C000194610AA0120FFF7AFFEFFF781FE002DA0
:1011D00008BF072406E09DF818303BB9B068FFF758
:1011E0008BFE044620463FB0BDE8F083384D059B9A
:1011F0002B60029BAB60099BD3B90E9F0D993A46B9
:1012000005F10D006C602F731AF014F907F10D0051
:101210002146C7F1200228441AF033F99DF819300D
:1012200033B120460A99FFF7C9FC08B182B2C1E781
:101230000C9BD5E901122BB9914229D0B068FFF778
:101240005BFECFE70B449A1A534253410B99049A21
:101250000998FFF797FC074690B96B68049A134406
:10126000AA686B609342E9D10346014610AA0120A7
:10127000FFF75AFEB068FFF73FFEFFF729FEB1E720
:10128000144A03460121114813F011FDBAB291E747
:10129000194610AA0120FFF747FECFE72C46A1E729
:1012A00080130500AB97040039180500B5970400BA
:1012B0007A0F050089FF0400B197040061980400CB
:1012C000E9ED040085FF040091FF0400DCC3040085
:1012D0002C5D0120B1FF0400F0B540230F469DB006
:1012E0000293044615466B460CAA384603A90192A0
:1012F000FFF71AFE0646002840F08E8004340F21C6
:10130000204618F029FC10B900201DB0F0BD0422C1
:101310002046424918F005FC0028F5D0204607F089
:10132000010118F0ECFB0028EED0072220463C49D2
:1013300018F0F7FB0028E7D005A903A8FFF79AFDEE
:10134000002861DA05222046364918F0EAFB002819
:10135000DAD004222046344918F0E3FB0028D3D029
:10136000204601A918F0D7FB0028CDD0082220463E
:101370002E4918F0D6FB0028C6D00099204681F0EF
:101380001001C1F3001118F003FC0028BCD00722A3
:101390002046274918F0C5FB0028B5D02046C5F3E4
:1013A000400118F0F5FB0028AED009222046214963
:1013B00018F0B7FB0028A7D02046C5F3800118F02D
:1013C000E7FB0028A0D0062220461B4918F0A9FB05
:1013D000002899D0204605F0010118F0D9FB00281B
:1013E00092D009222046154918F09BFB00288BD08B
:1013F0002046C5F3C00118F0CBFB002884D00F2194
:10140000204618F0B1FB80E71922204605A98DF887
:101410002C6018F08FFB9AE7012076E70FFF04009D
:10142000FCE80400060005000C00050011000500A2
:101430001A000500220005007A2305002C00050093
:101440002DE9F743866807460436062230463249BE
:1014500018F067FB38B913F0E9FF13F0E8FF072035
:1014600003B0BDE8F0830221304618F071FB04465A
:1014700013F0DCFF002CF0D000240DF10701204612
:101480008DF8074013F0F8FF8046204613F0D0FF98
:101490009DF807300546022B80F001092AD18045CE
:1014A0004FF001082CD14D45B8682CDA4246294648
:1014B000FFF712FF0028D0D022464946B868FFF750
:1014C0000BFF0028C9D00221304618F049FB002844
:1014D000C3D00B223046114918F023FB0028BCD0A2
:1014E0000021304618F001FB0028B6D013F09FFF12
:1014F0000020B5E780454FF00508D4D0022BD2D8A4
:10150000074AD456CFE722464946FFF7E5FE0028B2
:10151000A3D042462946D1E7360005003D0005002C
:10152000A40005002DE9F0474FEA600982B00546A6
:1015300000AF4846884613F07BFF00230646F91C9F
:101540004846FB7013F098FF0446B8F1000F1CD01A
:1015500013F070FF484504D1FB78012B26D11C24E1
:101560001FE0AE4257D0FB78012BF8D0002B56D0AD
:10157000022B54D0284613F03AFF391DC0B2FDF7B4
:10158000DBFD8246D0B10A240BE0AE4245D0FB78A9
:10159000012B03D083B1022BE1D0EBE7A842DED1CF
:1015A000002420460837BD46BDE8F087002BDFD178
:1015B000AC42F5D0AE42EFE7A842EDE7731B5942CB
:1015C00042467868594116F0C1FF0446D8B1E94651
:1015D0008AB06A46134BC2E90756C2E905300623B2
:1015E000C2F8248042F8103F4FF4415153460E4850
:1015F000FDF7DEFA012CCD4609D0042C09D0032CCE
:1016000014BF01241724786813F022FCC9E70C24C6
:10161000F9E71D24F7E72024C3E72124C1E7AC4202
:10162000A8D1BDE749000500DCC30400F0B5364988
:101630009FB0049104210591344902AACDE9061214
:10164000334A0023099207220A92324A0546D0E91A
:1016500001040B920DF10302CDE902338DF8033042
:1016600001938DF820300C928DF83430022201ABBA
:1016700004A9043013F064FE002841D113F0D6FE13
:10168000039B04346BB99DF8033063B113F0D2FEB1
:1016900013F0CEFE9DF80310FFF744FF18B382B29B
:1016A00002E0402B0AD0182220460121FFF77AF9E8
:1016B000044613F0BCFE2CB300241BE00EAA174610
:1016C000029B03F1400C164618685968083303C69C
:1016D00063453246F7D10021384613F0ADFE0028AD
:1016E000D8DA0822E0E72846FFF7AAFE044620B130
:1016F00013F09DFE20461FB0F0BD13F098FEDBE70F
:101700000324F7E70724F5E70C000500B59704006C
:101710009C000500619804000148FEF79DBF00BFD2
:10172000600A002070B51B4A8AB005920522D0E9F4
:10173000016500230692184A8DF80830079202AC22
:1017400001228DF8243005A903AB301D089413F055
:10175000F7FD0DF10A030093012204AB21460F4867
:10176000FEF796FF034660B1012B049807D082B2C2
:10177000BDF80A10281DFFF715F940B907200AB077
:1017800070BD41F68562002305480DF09DFE0020E6
:10179000F5E700BFA7000500619804000100020002
:1017A000D0060020F0B50023D0E901450127134AF7
:1017B00089B00392124A01AECDE90133CDE9052685
:1017C0008DF81C30201D6B463A4603A9049713F090
:1017D000B7FD044678B904353A462846094918F059
:1017E000A0F920B13146284618F098F900B907242D
:1017F000204609B0F0BD0324FAE700BFB428050075
:10180000BB97040086F2040008B50248FEF732FFD9
:10181000002008BD700A002008B5084B984202D18C
:10182000049B012B02D00120106008BD40F64372DA
:10183000002303480DF048FE0020F6E701000200F7
:101840000007002008B502F0F7F8034620B1012197
:10185000034A044813F02BFABDE80840F1F7B6BE7E
:10186000BB0005002CC4040013B5084C204618F03A
:10187000F7FB074B204600934FF400620323054912
:101880000DF0B8FD002002B010BD00BF2887002079
:1018900060CE040088F7012000220023014813F0E5
:1018A00038BC00BF1C12002010B5836A044643B147
:1018B000054918F07FFB04F1100018F0D3FA00205E
:1018C00010BD6FF01500FBE71755040010B5044676
:1018D000103018F0D3FA2146BDE81040014818F046
:1018E00094BB00BF288700200748084B10B58362CF
:1018F000074BC362FFF7D8FF044610B9054808F04C
:101900004DFC204610BD00BF5C5D012091550400D8
:101910008B5504001919030008B50146034818F057
:10192000ADFABDE8084002480DF05EBDE4100020AD
:101930007C0A0020F8B50D4E0D4F002200233046E2
:101940000DF00EFB044600B9F8BD3846D4F88420EB
:10195000211D13F041FE0546204608F085FB002DB1
:10196000EBD029460348FFF7B1FFE6E7E41000207B
:10197000985D01205C5D01202DE9F74F05460E467C
:1019800014460A460146002015F099FD4FF0000A62
:10199000074640F606134FF05D08D1464FF0010BA5
:1019A000B245ADF8023001DB002062E002210DEB10
:1019B0000100A04700285CD1BBF1000F13D0B31C7D
:1019C0005BBAADF80230ADF804302B782246032123
:1019D00001A88DF8063013F0F0FD002849D10AF176
:1019E000010AA8F10308A6EB0A0343459B46A8EBAE
:1019F0000303A8BFC346012B05D84FF000090BF124
:101A0000FF3BD34414E0FCDD4FF00109F9E735F862
:101A10000A2005EB0A039B78ADF804200321224637
:101A200001A88DF8063013F0C8FD10BB0AF1030AB7
:101A3000ABEB0A03022B5246E9DCB9F1000F0FD0E1
:101A4000A6EB0A03012B17D0022B22D043B9224662
:101A500002217BBAADF8043001A813F0AEFD40B905
:101A600001211948A0474FF0000B41F20443002820
:101A700096D003B0BDE8F08FAB5C03218DF8043045
:101A80003B0A22460AF1010A8DF805308DF80670EE
:101A9000E2E70AF1010315F80A20EB5C8DF8042057
:101AA0008DF8053022463B0A032101A80AF1020AFB
:101AB0008DF8063013F081FD0028DAD1224601218D
:101AC0008DF80470C8E700BF2EEC04000E4B4029CF
:101AD00028BF402170B51D460C4C4618B04203F19A
:101AE000020304D1002305F81130074870BD0278C5
:101AF0001209A25C03F8022C10F8012B02F00F026D
:101B0000A25C03F8012CE9E7A47D01203909050056
:101B100030B503788BB0044607AD032B21D8DFE83E
:101B200003F0021A1C1E12492846F8F796FE059586
:101B300063781E210493A3780E4A0393E3780E483A
:101B400002932379019363790093A37911F030F91B
:101B500009480BB030BD0949E6E70949E4E70949FE
:101B6000E2E70A212846084A11F022F9DFE700BF20
:101B700068D704008AD70400867D01206FD704004F
:101B800076D7040080D70400951D050010B5C8B0B5
:101B900004464FF490720021684619F072FC4B4BDA
:101BA000472C00934A4B01934A4B02934A4B0393B1
:101BB0004A4B04934A4B05934A4B06934A4B07936F
:101BC0004A4B08934A4B09934A4B0A934A4B0B934F
:101BD0004A4B0C934A4B0D934A4B0E934A4B0F932F
:101BE0004A4B10934A4B11934A4B12934A4B13930F
:101BF0004A4B14934A4B15934A4B16934A4B1793EF
:101C00004A4B18934A4B19934A4B1A934A4B1B93CE
:101C10004A4B1C934A4B1D934A4B1E934A4B1F93AE
:101C20004A4B20934A4B21934A4B22934A4B23938E
:101C30004A4B24934A4B25934A4B26934A4B27936E
:101C40004A4B28934A4B29934A4B2A934A4B2C934D
:101C50004A4B2D934A4B2E934A4B2F934A4B30932A
:101C60004A4B32934A4B34934A4B35934A4B369303
:101C70004A4B37934A4B38934A4B39934A4B3A93E2
:101C80004A4B3B934A4B3C934A4B3D934A4B3E93C2
:101C90004A4B3F934A4B40934A4B41934A4B4293A2
:101CA0004A4B43934A4B44934A4B45934A4B469382
:101CB0004A4B479307D85DF82400494B002808BFDA
:101CC000184648B010BD4648FBE700BF1A010500A2
:101CD0002D010500440105005F01050075010500A7
:101CE0008D010500A2010500C0010500E10105000C
:101CF000F9010500180205003C0205005B02050021
:101D00007502050097020500B8020500D80205001B
:101D1000F70205001B030500340305005503050009
:101D20007503050091030500B0030500CD03050010
:101D3000EC0305000704050028040500470405001E
:101D40006804050089040500A5040500BC0405001D
:101D5000DB040500FE040500190505003605050035
:101D600055050500780505009E050500C50505001B
:101D7000DF050500000605002006050042060500F7
:101D80005A0605007F0605009A060500C2060500F2
:101D9000E1060500040705002207050044070500C9
:101DA0006C07050089070500B1070500CC07050091
:101DB000EB070500020805002208050040080500A1
:101DC0005B0805007C0805009A080500BC080500B2
:101DD000D5080500F50805001009050024090500CF
:101DE000ADD7040030B500240A4D0B4B87B0284610
:101DF0000393CDE9044418F033F903AB284600936C
:101E000040F638020A2305490DF0F4FA204607B0DF
:101E100030BD00BF108800204A09050088FF01205E
:101E2000014601480DF026BB10880020037830B52C
:101E3000012B13D0022B27D07BB90A46184B03F194
:101E4000100453F8045BA34242F8045BF9D11B78F9
:101E5000137043884B731B0A8B7330BD0A46104BBB
:101E600003F1100453F8045BA34242F8045BF9D178
:101E70001B7813704368C3F307224B731B0CCB739F
:101E80001B0A8A730B74E8E700F1100350F8042B67
:101E9000984241F8042BF9D103780B70DDE700BFBD
:101EA0005309050010B513F05EFC18F030F90B4C27
:101EB00018B1D4E8AF3F63B910BD0DF0ABFDD4E865
:101EC000AF3F1BB9BDE810400DF0B8BD0A209847E0
:101ED000F8E70A20BDE81040184700BFA05D0120C8
:101EE00038B50446084813F014F9054648B1631E96
:101EF000DBB21F2B96BF054A0021D15C0C3013F0DA
:101F00007DF9284638BD00BFF011002064090500A6
:101F1000034BD3E8EF2FC3E8E10F0029F9D1704755
:101F2000A05D01200F2810B50CD80D280CD90A4847
:101F300013F0EFF8044618B104210C3013F05EF9E9
:101F4000204610BD1328F2D009B10448F0E7022062
:101F5000BDE81040FFF7C4BF481200206C110020FC
:101F6000F0B505460E46174685B0AB88012B0ED955
:101F7000284613F076F9044648B1AB88984208D950
:101F8000022100930D4A03460D4812F09AFE05B057
:101F9000F0BD284613F065F92B688DF80800013C68
:101FA000394602A88DF809400393B0470028EED0C7
:101FB0002146284613F045F9D7E700BF8B090500F5
:101FC0001CC30400C36802211B78024A024813F0B4
:101FD0003BBC00BFB60905002CC3040070B5C66841
:101FE0003378B6F801509BB90F21284603F01EFD47
:101FF000F278044688B90D4B194633F8024B44B9C0
:102000006FEA05536FEA135321F81030084B1A5446
:1020100070BD01301428F0D1FAE74272012103F0BB
:10202000EBFB2046BDE8704003F0A4BB247B0120FD
:10203000257E012070B5C3681D787DBBB3F80160B3
:102040000F21304603F0F2FC044638B93346BDE8B0
:1020500070400121124A134813F0F6BB294603F0E1
:10206000CBFBA378012B04D02046BDE8704003F0E1
:1020700081BB231DD3E8AF3FDB07F5D50321204605
:1020800003F0BAFB032002F0EDFE03460028EBD07C
:102090000221054A034813F0D7FBE5E770BD00BFF6
:1020A000DE0905002CC30400040A050010B5C3684E
:1020B00001211C88204603F0B9FC38B92346BDE84D
:1020C00010400121034A044813F0BEBBBDE8104094
:1020D00003F050BB2A0A05002CC30400012110B5EF
:1020E0000C3013F0B6F8BDE8104003780121024A25
:1020F000024813F0A9BB00BF4E0A05002CC3040020
:10210000014610B5084813F008F80849084817F0C8
:102110007CFF031E06DABDE810400121054A06488F
:1021200013F092BB10BD00BF340800209C0A0020B1
:10213000F8880020700A05002CC3040073B5C56838
:102140000121B5F80160304603F070FC044640B947
:10215000334601212D4A2E4802B0BDE8704013F0ED
:1021600073BB2B781A2B19D1C378012B4AD14FF4AA
:102170008041043013F06AFB43040FD4D4F88C3050
:1021800069460093D4F894302046019304F0FCFB98
:10219000204602B0BDE8704003F0ECBA2B788BBB50
:1021A00040F2E242B5F803301A495343C4F888308C
:1021B000B5F80520A4F89020B5F80720A4F89220DF
:1021C000A3F5EA520C3A8A4204D90221124A104875
:1021D00013F03AFBB4F89030B3F5FA7F04D3022140
:1021E0000E4A0B4813F030FB40F67641B4F89230BB
:1021F000A3F10A0292B28A4204D90221084A044891
:1022000013F022FB204603F01DFEC1E72A0A050059
:102210002CC3040095F03C008D0A0500B40A0500AB
:10222000DB0A05000121024A024813F00BBB00BF84
:10223000070B05002CC304000121024A024813F0D9
:1022400001BB00BF210B05002CC304000B46B0B539
:102250000D8A00AF04462946D868FFF737FC8AB0DC
:102260006A46094BC2E90750C2E9053440F202430D
:102270009384064B4FF43251054842F8103F13F057
:10228000F7FABD46B0BD00BF430B050005000001D5
:102290002CC3040070B5C5680121B5F80160304653
:1022A00003F0C4FB044638B93346BDE87040012151
:1022B0000D4A0E4813F0C8BA2B783BB9D5F8033055
:1022C000C0F89830D5F80730C0F89C304FF4003192
:1022D000201D13F0BBFA204603F0A0FF2046BDE806
:1022E000704003F047BA00BF2A0A05002CC304005F
:1022F0002DE9F74F0023804689461746DFF804A1F1
:10230000DAE8EF4FCAE8E23F002AF9D1264644B99D
:10231000434601213C4A3D4803B0BDE8F04F13F06D
:1023200093BA2046FDF7DCFF4FF00C0B384D0BFB4A
:102330000050438843451BD02046FDF7D1FF0BFBDF
:102340000050438801210093324A43462F4812F03F
:10235000B8FCDAE8EF3FCAE8E26F002AF9D1002BB7
:102360004DD01E46304603B0BDE8F04FFEF758B8DA
:10237000A74208D0204612F0C7FE3A8AF96804F155
:102380000C0012F032FF2046FDF7AAFF0C2707FBD6
:1023900000504368ABB1B9F1000F12D12046FDF7F0
:1023A0009FFF012107FB00504268D2E90003127A27
:1023B00003F01F07B9405B09DAB100EB830013F0AB
:1023C00045FA2046FDF78CFF0C2707FB0050836879
:1023D000002BC7D02046FDF783FF784305F8009017
:1023E0002046FDF77DFF07FB0055A8680CF0EAFDCD
:1023F000B8E7C94300EB830013F03DFAE1E703B00F
:10240000BDE8F08F30080020650B05002CC30400E8
:10241000A45D01208D0B050037B50446084602EB8C
:10242000C3039A4202D16FF05E0010E0114611F82A
:10243000085BA54211D1038A5178994209D908480D
:102440000121084A009412F03CFC6FF0150003B023
:1024500030BD536898470020F9E70A46E1E700BF1E
:102460002CC30400C00B05002DE9F8430C460DF009
:10247000D1FAE168238A0A78022A71D0042A0BD0A3
:10248000134601213B4A3C4813F0DEF92046FDF794
:10249000C7FF6FF015040AE0022B0DD8374A364803
:1024A000012113F0D1F92046FDF7BAFF00240DF009
:1024B000C5FA2046BDE8F88348783E280AD1032BA8
:1024C00001D12F4AEBE7CB78012B01D00A2B47D162
:1024D000032604E013F0A3F90646F0073ED504F105
:1024E0000C05284612F0D7FE012107462846B4F80D
:1024F000109012F0A6FE0221284612F0AAFE804695
:1025000000783E2816D1E3681B78012B2CD00A2BCB
:102510002AD0022541F245131A4A1B491B4811F0E3
:1025200069FD002383F31188BFF36F8F03231846DF
:1025300002DF04E013F073F9C1070546EAD5144A37
:102540000623214698F8000013F09EF9AA070DD53E
:102550006369A4F8109013FA87F7E760B307A5D56D
:102560002046FFF7CDFDA1E70325E8E72046FDF76C
:1025700057FFF3E7880C05002CC30400E20B0500AD
:10258000FE0B05001E0C0500520C05006B0C05002F
:10259000E0CE040010B5012104460C3012F059FEC3
:1025A0002146BDE810400223014A007813F06CB9BF
:1025B00010CF040073B53E4812F0C4FD0446002855
:1025C00073D000F10C05284612F04BFE022803469A
:1025D00003D0042847D0374A03E0238A032B05D8C9
:1025E000354A0121354813F02FF913E0042128461C
:1025F00012F02FFEFF23428806882376238AC6F333
:102600000B009A42608309D0012100922B482C4A8A
:1026100012F057FB2046FDF703FF12E00F2103F0F5
:1026200005FA054610B9638B264ADAE703F032FA59
:1026300021462076320B284603F022F8284603F084
:1026400099F8214BD3F804317BB32049204817F087
:10265000DCFC031E29DA01211E4A184802B0BDE83D
:10266000704013F0F1B82846022112F0F2FD054641
:1026700000783E2812D013F0D2F810F002060DD1E7
:1026800040F6A843144A1549154811F0B3FC86F3E7
:102690001188BFF36F8F0323184602DF04232146FE
:1026A000104A287813F0F0F8B4E702B070BD00BF0C
:1026B00034080020310D05009C0C05002CC30400DB
:1026C000BD0C0500E10C0500300700209C0A00202D
:1026D000F8880020700A05001E0C0500030D050097
:1026E0006B0C050020CF040010B5012104460C300E
:1026F00012F0AFFD2146BDE810400F23014A0078DB
:1027000013F0C2B840CF0400F8B50121044600AF71
:102710000C3012F09EFD0678002321463046104A08
:10272000FFF77AFE5F3018D1258AE0682946FFF767
:10273000CDF96C468AB06A460A4BC2E90750C2E935
:10274000053640F202439384074B4FF43251074859
:1027500042F8103F13F08CF8A546BD46F8BD00BF07
:10276000B8CF0400450D0500050000012CC304008E
:102770002DE9F04F83B00123D0F80C80018A98F83E
:10278000004000AF03EB84038B425ED96D468AB0F4
:102790006A46C2E9073105232E484FF42151C2E9A8
:1027A00005042D4842F8103F13F062F8AD460C378F
:1027B000BD46BDE8F08F4B460121284A264813F05C
:1027C00043F8013598F800309D42F0DA08EB8503B4
:1027D000B3F801900F214846B3F8036003F026F9DF
:1027E00004460028E7D000F1C00936B1636943B957
:1027F0005A460121184813F025F8204602F0BAFF86
:10280000DFE7A1691A688B422046626108BFA261B6
:102810007B6002F0D9FE0CF0D5FB7B68C3F800A00A
:10282000226A7AB9C4E90733D9E8EF3F013BC9E826
:10283000E23F002AF8D100212046013E02F0CEFE00
:10284000B6B2D2E713602362EEE70025DFF810B0DE
:10285000AA46B7E7770D05002CC30400A20D0500BA
:10286000BE0D050008B502F0BFFA064BD3E8AF2F46
:1028700002F00B02D3E8EF1FC3E8E02F0028F9D1E4
:1028800008BD00BFB807002010B5C1E900239DF8BE
:1028900008300C460B72FDF723FD0C22024B02FBA5
:1028A00000335C6010BD00BFA45D0120F8B5024696
:1028B0000B46104812F02DFC0446C0B104210C3028
:1028C00012F082FC2046FDF70BFD0C2700260A4D76
:1028D00007FB005046802046FDF702FD07FB005035
:1028E00086602046FDF7FCFC07FB00556E60204625
:1028F000F8BD00BFC4110020A45D01200138C0B2A2
:1029000002289ABF014B185C00207047E8120500AE
:1029100070B5C5680121B5F80160304603F086F84E
:10292000044638B93346BDE8704001210A4A0B48D5
:1029300012F08ABFE878FFF7E1FF84F8A400287955
:10294000FFF7DCFF84F8A500204603F0C7FA204615
:10295000BDE8704002F00EBF2A0A05002CC3040037
:1029600002289ABF014B185600207047E512050057
:1029700010B5044692B04422064901A818F05AFD49
:10298000102C9DBF12AB03EB840454F8440C024896
:1029900012B010BDE0C40400D50D0500034B014684
:1029A000D3F8240182689268104700BF30070020E6
:1029B0002DE9F84F042100AF454812F047FF6D465E
:1029C00002F012FA88B06A46424B4FF4E651536166
:1029D000414B424893614FF400739383404B414C09
:1029E00042F8103F12F044FFAD46E2793E4B3F4EB5
:1029F0002046012A88BF1E46FFF78AF88AB06A4639
:102A00003B4BD061C2E905363A4B4FF42351136278
:102A1000394B324842F8103F12F02AFFA346AD4628
:102A20000125364EDFF8D880DFF8B090E3790BF15E
:102A3000070B9D4235DB94F824506E462846FFF77D
:102A400097FF8CB06A46E18C638DC2E907514FF461
:102A500000755362DFF8ACC02B4BC2E905C0158589
:102A60004FF4535142F8103F1C4812F001FFB54695
:102A700094F825603046FFF77BFF8AB06A46238DC5
:102A80002249C2E90763224BC2E9051095844FF43D
:102A90003351124842F8103F12F0EAFEBD46BDE83D
:102AA000F88F5846FFF734F8EA468AB06A4640F293
:102AB0000133C2E90565D06113844FF413514846D0
:102AC00042F8108F12F0D4FE0135D546AEE700BFB4
:102AD000B8070020E10D0500F30D05002CC304002C
:102AE0000300000130070020DD0D05002FEC04007D
:102AF000F70D05000002010304000002060E0500A8
:102B000004000001170E050006000001550E050027
:102B100005000001004870477C0E050001480CF0DC
:102B200063BC00BF8C0A002070B505460C4659B93D
:102B30004FF0FF304FF0FF31FFF7B8FE044618B9F1
:102B40006FF06805284670BD2046FDF7C9FB0C22D2
:102B5000184BA61802FB003330465D8012F09BFB39
:102B600003280BD90321304612F05AFB0580238A33
:102B70000121033B8370304612F05AFB40F6354387
:102B80009D420FD12046FFF709FF05460028D9D006
:102B900003460121084A094812F056FE2046FDF777
:102BA0003FFCCFE72146064817F068F90025FFF7FC
:102BB000B5FFC7E7A45D01208C0E05002CC30400FF
:102BC0003C08002073B5C368D9789A781E8842EA19
:102BD0000122ADF8002059791A79B4B242EA0122F3
:102BE000ADF80220D9799A79204642EA0122ADF85F
:102BF00004201A7A5B7A012142EA0323ADF80630F9
:102C000002F014FF054658B901211D4823461D4A0C
:102C100012F01AFE0221204612F06BFE02B070BDC7
:102C2000694603F081F938B91E21204612F061FE91
:102C3000284602F09FFDF1E74FF0FF304FF0FF31E3
:102C4000FFF734FE04460028F2D00E210C3012F0BB
:102C5000C6FA00230680C0F80A30BDF800302146CD
:102C60004380BDF802308380BDF80430C380BDF8D6
:102C70000630038142F22000FFF756FFD8E700BF7D
:102C80002CC304002A0A050038B502460B462B4D1A
:102C9000D5F80C1109B9002038BD05F1E8000CF099
:102CA000CBF90028F7D10022002305F586700CF03F
:102CB00057F9044668B940F6B843214A21492248E9
:102CC00011F098F984F31188BFF36F8F032318462E
:102CD00002DFD5F800315BB101211C4A1C4812F01B
:102CE000B1FDD5F80001FDF79BFB0023C5F80031CD
:102CF000204612F03DFAC5F800012046FFF74EFECF
:102D00000346C8B10121134A114812F09DFD124833
:102D10000CF058F92046FDF7E3FA0C220F4B02FBAA
:102D20000033588818B122461F21FFF7E1FA2046E8
:102D3000FDF776FBFFF7F2FE0120ADE7300700203C
:102D40001E0C0500870905006B0C0500AE0E050082
:102D50002CC304008C0E050018080020A45D01207F
:102D60002DE9F04F87B0064690460C4600AF71B98A
:102D70004FF0FF304FF0FF31FFF798FD044668B980
:102D80006FF0680528461C37BD46BDE8F08F887A8D
:102D9000FDF79EFA524B834240F09B8001220021B6
:102DA000384617F084F82046FDF79AFA0C23DFF82E
:102DB00034B103FB00B08760204612F0D9F9014618
:102DC0003046FFF7B1FE054618B12046FDF728FB57
:102DD000D8E718F087FC444B1A58444B9A421DD14F
:102DE000434817F060F8002182464248FFF74CFF45
:102DF000814688B94FF4F9733F4A4049404811F081
:102E0000F9F831463F4811F0F5F889F31188BFF31E
:102E10006F8F0323184602DF5445E1D10023384663
:102E2000344A0CF009F9814698B14FF4FC73324AE8
:102E30003549334811F0DEF84A463146334811F03F
:102E4000D9F8002383F31188BFF36F8F032318464B
:102E500002DF2046FDF744FA0C2358431BF800908C
:102E6000B9F1000F2ED04846FEF790FE6D468AB0AD
:102E70006A46274BC2E90790C2E9053640F2024391
:102E80009384244B4FF43251234842F8103F12F000
:102E9000EFFC2046AD46A9F10909FDF7C1FAB9F1E9
:102EA000090F0CD8DFE809F0180B0B08050B0B0B0A
:102EB0000B156FF00B0565E76FF00C0562E76FF01F
:102EC00004055FE7B8F1000F3FF47FAFC8F800409A
:102ED00058E76FF0150555E76FF06E0552E700BF34
:102EE000C4110020A45D012008000000D856012074
:102EF0003C080020B4C404001E0C0500C90E0500E7
:102F00006B0C0500D10E0500F10E0500FA0E050050
:102F10003F0F0500050000012CC3040073B50646F1
:102F20000D4642F22F00002101AAFFF719FF0446C7
:102F300038B10121144A154812F084FC204602B031
:102F400070BD0198C368B3F801203280B3F8033034
:102F50002B80FDF765FA3388A3F11B02E02A04D920
:102F600002210B4A094812F06FFC44F248112B88E9
:102F7000A3F5A47292B28A42E0D90221054A03481D
:102F800012F062FCDAE700BF5E0F05002CC30400FC
:102F90007E0F0500A30F05000022F0B585B0114695
:102FA00040F6034002AFFFF7DBFE0446002858D18D
:102FB000FFF758FC214641F203003A1DFFF7D0FE0F
:102FC000044600284DD17A68B84DD16805F12C032C
:102FD000D1F80100D1F8051003C31046FDF720FA1F
:102FE000214641F201003A1DFFF7BAFE04460028CF
:102FF00037D17868C3685A7885F824205A88EA84DB
:103000001A7985F82520B3F807202A85B3F805300A
:103010006B85FDF705FA214641F202003A1DFFF7E4
:103020009FFE0446E8B9D7F804C005F13406DCF881
:103030000C20531C4132344618685968083303C4C5
:1030400093422646F7D16046FDF7EAF995F830300D
:103050005B060AD40121964A964812F0F3FB6FF002
:10306000120420460C37BD46F0BD002142F2030099
:103070003A1DFFF775FE04460028F2D17A688E4BA0
:10308000D168D1F80100D1F8051003C31046FDF74F
:10309000C7F9214642F202003A1DFFF761FE0446DD
:1030A0000028DED17E68F468B4F801309AB292B19B
:1030B000E27882B1A5F8BC30E3780E2B06D00E2260
:1030C000022100927B487D4A11F0FBFDE2787C48AA
:1030D000114616F0ECFE3046FDF7A2F9002142F24F
:1030E0003A003A1DFFF73CFE0446002840F0C88035
:1030F0007868C368B3F80130A5F8D830FDF790F9C7
:1031000095F8306016F0200619D14FF0FF304FF0DF
:10311000FF31FFF7CBFB0446002800F0AE80022110
:103120000C3012F05CF801232146037046703246E1
:1031300040F66D40FFF714FE0446002891D195F843
:1031400050301C0712D5002142F21C003A1DFFF737
:1031500007FE0446002884D17868C368D3F80120AC
:10316000D3F80530C5E92623FDF75AF995F89030D4
:10317000980622D53846B91CFFF7D0FE0446002831
:103180007FF46FAF4FF0FF304FF0FF31FFF78EFB52
:103190000646002871D004210C3012F020F83B883C
:1031A000224603807B883146438042F22400FFF7A9
:1031B000D7FD044600287FF454AF4FF0FF304FF0A6
:1031C000FF31FFF773FB0446002856D008210C306E
:1031D00012F005F895F890203A4912F0020F3A4B98
:1031E00018BF0B46910695F8912048BF43F0400365
:1031F00012F0090F18BF43F400630370C3F30723F1
:1032000043700723002283700126C0232146C27029
:10321000037146718271C27142F20100FFF7A0FD95
:10322000044600287FF41DAF95F83030B5F8BC1087
:103230009A0631D4C9B941F205003A1DFFF790FD55
:10324000044600287FF40DAFB5F8BC307C684BB95C
:10325000E368B3F80120A5F8BC209A881848114605
:1032600016F025FE2046FDF7DBF84FF0FF304FF05B
:10327000FF31FFF71BFB044660BB6FF06804F0E60C
:10328000461D7FF4EEAE0221104A0A4812F0DAFA27
:103290001F23A5F8D83033E70029E6D131460C4A80
:1032A000044812F0CFFA6FF00404DAE63007002089
:1032B000C60F05002CC30400C0070020EA0F05005C
:1032C000F00700202E1207000E1207003010050034
:1032D0008D10050008210C3011F081FF10230370C0
:1032E0008823002243700226202321468270C67064
:1032F000027142718271C37140F60140FFF730FDE7
:10330000044600287FF4ADAE01463A1D4FF6014059
:10331000FFF726FD98B1504A0221504812F092FA68
:1033200000F072FE044600287FF49BAE03F0ACF878
:10333000044600287FF495AEFFF73AFB91E67B68E0
:103340006E46DC688AB0B4F80130032B96BF444A5D
:10335000444952F8231002AAD3614FF40073424843
:103360001384424BC2E9050142F8103F4FF4135158
:103370003A4812F07DFAB4F80120B546022AB4F8B2
:10338000033049D1052B47D8394A52F823106E46ED
:103390008AB002AAD3614FF4007336481384334BCA
:1033A000C2E9050142F8103F4FF413512B4812F0C7
:1033B0005FFAB546637994F806C0032B98BF2E4A8E
:1033C000B4F80760D4F809006C468CB094BF52F88A
:1033D0002310244902AAC2E9073C4FF40073DFF826
:1033E0009CE09385264BC2E905E1C2E909604FF4F0
:1033F000735142F8103F194812F03AFAA54678681E
:10340000FDF70EF800214FF602403A1DFFF7A8FC29
:10341000044618B11B4A7FE71249B8E77868C368C9
:10342000B3F80130A5F87530FCF7FAFF95F8753060
:103430005B077FF575AF21464FF603403A1DFFF756
:103440008FFC08B1104A67E77868C3685B7885F835
:103450007430FCF7E5FF63E7B01005002CC30400EF
:10346000D0CE0400D50D0500D410050004000001E5
:10347000B8CE0400ED100500A8CE0400051105002B
:1034800007000001321105005B11050010B5FFF7C0
:1034900083FD034B1B6813B1BDE81040184710BDF6
:1034A000BC5D012073B52A4D0646D5F8240116F0FF
:1034B000A0FB48B90121274A274812F0C3F96FF051
:1034C0001204204602B070BD6FF0020105F18800C1
:1034D00012F0D1F9012112F0B9F910EA010434D146
:1034E0001E4B1E600A4605F1E80016F0E0FC05F5EB
:1034F000867016F0B7FC1A4816F0B2FD6FF007039D
:103500004FF400621749164800940BF073FF1649F8
:1035100013480CF013F8D5F82401144983681B688C
:103520009847044630B103460121114A0A4812F077
:103530008BF9C6E726B902B0BDE87040FFF72CBD95
:1035400005F178000BF050FFBBE76FF07704B8E7A8
:1035500030070020841105002CC30400BC5D01204D
:10356000F8880020C00702209C1105006924030090
:10357000A51105002DE9F04387B005460DF10B01BB
:10358000002000F0BBFC044600286FD14FF0FF3054
:103590004FF0FF31FFF78AF9074600286AD000F1A3
:1035A0000C080A21404611F01AFE064604604460E9
:1035B000048105F17001023012F053F99DF80B30CF
:1035C000DFF8B8907370D9F8084014F002041BD1EA
:1035D000012310214046737211F001FEB9F80C204E
:1035E0000280B9F80E204280B5F88C208280B5F8B0
:1035F0008E20C280B5F890200281B5F89220047325
:10360000428144738473C473D9F80830DB071ED534
:10361000737A102143F004034046737211F0DFFD0A
:10362000B9F810200280B9F812204280B5F88C2039
:103630008280B5F88E20C280B5F890200281B5F85E
:10364000922042810022027342738273C27301236B
:1036500038460B4A009303A90723FFF715F9002208
:10366000394642F24300FFF77BFB0446204607B091
:10367000BDE8F0836FF06804F8E700BF3007002072
:10368000B8070020002170B502220646084602F065
:1036900039FD044630B9BDE870400121154A16488D
:1036A00012F0D0B8031DD3E8AF3FDB0707D50321E5
:1036B00002F0A2F82046BDE8704002F05BB840304E
:1036C00016F0E0FC10F00C0508D102210A480B4A64
:1036D00012F0B8F8294620466672E9E72046FFF75F
:1036E00049FF0028E6D00121054A034812F0AAF854
:1036F000E0E700BFC11105002CC30400DF11050085
:1037000005120500B0B50228044600AF0DD1FFF741
:10371000B9FF032001F0A6FB034620B12146134A5E
:10372000134812F091F8BD46B0BD3E2807D1FFF70F
:10373000A9FF6FF080010F4812F09DF8F3E7FEF744
:1037400025FA6D468AB06A460B4BD061C2E9053452
:1037500040F201331384094B4FF41251044842F8EC
:10376000103F12F085F8AD46DDE700BF040A050002
:103770002CC30400B807002021120500040000013A
:1037800030B54FF0FF304FF0FF3187B0FFF78EF8C4
:10379000044670B10025084A03A907230095FFF7E6
:1037A00073F82A46214642F20E00FFF7D9FA07B015
:1037B00030BD6FF06800FAE7B80700202DE9F0434C
:1037C00087B0774AB0F8019005460023104600AF55
:1037D00049F4704132F8024BA14240D1002220F856
:1037E0001320704AD65CEB7805F10408012B08BF62
:1037F0006D4B404614BF002493F8234011F0AFFFF7
:10380000414688B307F1100011F09EFFD5F8113042
:10381000C7F80930B5F81530A7F80D3001233B7211
:10382000E87878B34046FEF773F96C4688B06A468C
:103830005E4B4FF4E251C2E905304FF400739383BD
:103840005B4B5C4842F8103F12F012F81321A5467A
:10385000484612F06CF81C37BD46BDE8F0830133D2
:10386000142BB7D10026BEE7204612F0E6F8014639
:1038700007F1100011F0F5FF414607F1080011F0C3
:10388000F0FFCDE7022207F1100102F03BFCEB78DC
:10389000044623B96FF08001474811F0ECFF002C7B
:1038A000C0D0204640F2E242B5F8013007F11001E5
:1038B00020F8703B11F0D5FFB5F8173053430022C4
:1038C000C4F88830B5F81930A4F89030B5F81B303A
:1038D000A4F89230EB78627240F20112E370A4F81F
:1038E000A42073B907F1080104F17E0011F0B9FFBB
:1038F000217A2D4BC1EBC101194404F1770011F07D
:10390000B0FF4FF0FF304FF0FF31FEF7CFFF05461D
:1039100000283DD002210C3011F061FC238829469B
:1039200003803A1D42F23000FFF71AFA034688BBC3
:103930007A68D168C878FEF7E1FF84F8A4000879B6
:10394000FEF7DCFF84F8A5001046FCF769FD0721AF
:10395000204601F051FF26B101212046667201F098
:103960004BFF204602F0D2F8204601F003FFE37837
:10397000002B7FF470AF032001F074FA0346002897
:103980003FF469AF02210D4A0A4811F05DFF62E77A
:103990006FF0680302210A4A064811F055FFD6E786
:1039A000247B0120257E0120300700203D120500E8
:1039B000030000012CC30400B8070020040A05001E
:1039C0005912050000B5C16889B0087820B109B066
:1039D0005DF804EBFFF796BEB1F801308DF80000FA
:1039E000ADF80130CB7801A88DF80330B1F80B3079
:1039F0000431ADF81730B1F80930ADF81930B1F82D
:103A00000B30ADF81B304B7B8DF81D3011F029FFCA
:103A1000084B68461A689B88CDF80B20ADF80F302C
:103A2000CDF81120ADF81530FFF7C8FE09B05DF8EC
:103A300004FB00BF14010500022138B52F4811F026
:103A400005FF10EA010456D16FF004012B4811F074
:103A500012FF00F0FFFC01F0D9FF21462822284880
:103A600017F00FFD2246214640F60340FFF778F994
:103A7000044630B10121234A234811F0E3FE2046D9
:103A800038BD224DFEF7EEFED5F8240183685B6851
:103A900053B96FF00201194811F0EDFE042111F045
:103AA000D5FE6FF08504EAE7984710F1580F0446F9
:103AB000EFD058B103460121154A134811F0C4FE56
:103AC000042105F1880011F0C1FED8E71148FCF788
:103AD00023F82146402205F1340017F0D2FC05F10D
:103AE0001C000D49EC7111F0BCFE6FF001016C304F
:103AF00011F0C1FEC3E76FF07704C0E7B8070020FC
:103B0000247B0120711205002CC304003007002023
:103B100090120500F88800200701050038B504213F
:103B200004460C3011F095FB034640885D7818B1CF
:103B300022461978FEF7DCFB35B104480BF042FA57
:103B4000BDE83840FEF7EABF38BD00BF18080020C6
:103B5000F8B50446032100AF0C3011F07AFBE3689E
:103B600006781D7840F63543B0F80100984217D129
:103B70002846FEF70BF86C468AB06A460F4BD061B8
:103B8000C2E9053540F2013313840D4B4FF4125155
:103B90000C4842F8103F11F06BFEA546BD46F8BD3B
:103BA00018B122462946FEF7A3FB002EF6D00648A0
:103BB0000BF008FAFEF7B2FFF0E700BFAD12050008
:103BC000040000012CC3040018080020F8B50646C4
:103BD0000024094DEF79E3B29F4202D86FF0010053
:103BE00007E02946304611F01EFF0735631C08B177
:103BF0002046F8BD1C46EEE73007002070B5194E90
:103C000006223146054617F048FC30B34FF0FF302E
:103C10004FF0FF31FEF74AFE044600B30622294664
:103C20000C3011F0E2FA2146002242F20500FFF7C3
:103C300097F8044648B110F10D0F04D102210A4A49
:103C40000A4811F0F8FE204670BD33462A6843F852
:103C50001D29AA88B28001221A770024F3E76FF0A9
:103C60006804F0E74D070020FA13050034C3040090
:103C700037B504460D4689B12846184911F0D3FEE0
:103C800060B9174A2968C4EBC4041151A318AA8863
:103C90009A80AA799A71002003B030BD684611F06D
:103CA00045FD0028F8D16846FFF790FF0028F5DAB7
:103CB0000B4A0098C4EBC40410519DF80610BDF8DF
:103CC0000400A31898809971002DE4D012592A603D
:103CD0009A88AA809B79AB71DDE700BF07010500D8
:103CE0003007002070B50446B1B9C0B11F4911F0CA
:103CF0009AFEA0B92046FFF769FF00282FDA237843
:103D0000012B04D1A37903F0C003C02B07D00121FC
:103D1000174A184811F08FFE6FF0150070BD164D50
:103D2000EB79012B1ED005F18803D3E8AF3FDB0709
:103D300007D4002CF0D020460C4911F074FE002866
:103D4000EAD1EE792146731C3046EB71FFF790FF04
:103D500008B93046E2E7EB79013BEB71DEE76FF043
:103D60007700DBE76FF00B00D8E700BF0701050025
:103D70000914050034C30400300700202DE9F34185
:103D8000044640B91A4A02211A4811F054FE002094
:103D900002B0BDE8F081002141F2090001AAFEF75E
:103DA000DFFF054608B1144AEDE7019E0622D6F86A
:103DB0000C80124908F10107384617F06EFB28B154
:103DC000062238460E4917F068FB18B93046FCF752
:103DD00027FBDCE7D8F801303046C4F80130BB8857
:103DE0002570A4F80530FCF71BFB0120D0E700BFCD
:103DF0003714050034C304005014050014010500F5
:103E00000E01050007B56846FFF7B8FF044BD871EF
:103E100018B169460020FFF72BFF03B05DF804FBE3
:103E200030070020F0B5304D89B0EC79002C53D12B
:103E300095F8766016F0010610D12C4A02212C4824
:103E400011F0F9FDEC71162600240127EB79E0B2A0
:103E500098422CD3002B3FD000203BE06A462146FD
:103E60004FF60940FEF77CFF08B1224AE6E7DDF88D
:103E700000C0DCF80C104B7823B96046FCF7D0FA90
:103E80001D4ADBE78B1C02AA01F1120417461868D1
:103E90005968083303C7A3423A46F7D11868344635
:103EA00038609B886046BB80FCF7BAFACAE708AB6B
:103EB00006FB003353F8182C33F8143C6946CDF850
:103EC0000120ADF805308DF80070FFF7D1FE013408
:103ED0000028BBD009B0F0BD0021084609B0BDE8FC
:103EE000F040FFF7FFBE00BF300700206E14050052
:103EF00034C304009A140500BA14050038B50C4602
:103F000061B108480578012D04D10130FFF776FE34
:103F100008B138BD002500202570FAE76FF01500C4
:103F2000F7E700BF300700202DE9F0410D461746A6
:103F30001C46064650B14BB10A03037811D56D07F4
:103F400008D501212D4A2E4811F075FD6FF015009E
:103F5000BDE8F08111F0DDFD0028F9D101232370C7
:103F6000F6E7A9072ED027480FB1AA0608D4C3EB5D
:103F7000C302825C012A13D002B922700020E7E755
:103F800090F89020510635D5C3EBC302825C012A1C
:103F900006D002B92270237843F002032370EDE7C4
:103FA0004FF00108072111FB03810144304611F055
:103FB00049FD0028CCD184F80080002FDED0AB066C
:103FC000DCD5E8E76A0712D50E49C3EBC3028E5C65
:103FD000012E09D1072212FB0363194411F032FDAF
:103FE0000028B5D12670EAE7002EE8D1FAE711F0F3
:103FF00090FDB3E76FF08500AAE700BFE31405006A
:1040000034C304003007002038B5104DEB7913B1EC
:104010000024204638BDFFF7F5FE044628B10C4ABF
:1040200001210C4811F007FDF3E7EB79002BEFD1EC
:10403000FFF7F8FE04460028F1D1681CFFF7DEFD0B
:1040400004460028E5D0044AEAE700BF3007002014
:104050000215050034C3040021150500F0B5274BF7
:10406000064693F891300D469B0687B03DD518B9AA
:104070006FF0150007B0F0BD00F118070F213846AA
:1040800011F077FD0028F3D00E21384611F071FDB4
:1040900085422DD04FF0FF304FF0FF31FEF706FC88
:1040A000044640B302210C3011F099F8002202803E
:1040B00072780346427055B10122102102703846D1
:1040C00011F057FD18B11A7842F002021A703A4600
:1040D000204603A90E230095FEF7D6FB00222146B9
:1040E0004FF40150FEF73CFEC4E76FF08500C1E7D6
:1040F0006FF07700BEE76FF06800BBE73007002085
:10410000F8B504690646456844B140F203432B40C4
:104110003BD005F48263B3F5806F36D015F480632D
:1041200002D115F4F84F30D1194F3078FB79834222
:104130002BD9C0EBC00007221649384417F0ADF95F
:10414000A8B115F0030306D197F82420082A02D855
:10415000B2689F2A19D915F0300F09D0ACB1EA0620
:104160000AD405F46035B5F5603018BF0120F8BDFC
:10417000EB0601D4002CF4D1D6E902239A4204D8EC
:104180001F2A02D9B3F5804FEBD90020EFE700BF1B
:10419000300700200701050038B50D4DD5E8AF4FB9
:1041A00014F0010412D1A5F1180318465822214633
:1041B00017F067F90346D5E8EF2F42F00102C5E892
:1041C000E12F0029F7D118465C7038BD0020FCE7CC
:1041D000F88900202DE9F347D1F810900D46496881
:1041E0009046B9F1000218BF012201650DF10303E9
:1041F0000646FFF799FE0446002840F0EA8006F1E3
:104200000F03B9F1000F00F089802A6911684FF09F
:10421000FF30C6F80F109188998092794FF0FF31E6
:104220009A71FEF743FB8246002800F0F5801921C1
:104230000C3010F0D4FF04460021192217F021F9A8
:1042400073782370AB68E370C3F307221B0C2271F1
:104250006371EB68A371C3F307221B0C2372E27135
:104260006A6812F4004F0CBF07230623D10348BF2E
:1042700003F00503920348BF03F0FB0363729DF84C
:104280000330A3727F23E374012323756B6803F467
:104290004063B3F5806F14BF01230223A3756B68DD
:1042A000DF0442BF03232375A3756A6882F4806329
:1042B000C3F3802350044FEA031348BF43F0400385
:1042C000910444BF43F020039BB2D70544BF0122B1
:1042D00022766A6812F0030F02F4007100F0898000
:1042E00043F00107BFB2B9F1000F1ED0C1B143F0D6
:1042F00003039BB2D106296948BF43F00402086852
:1043000058BF43F00C02C4F80B00888892B2A4F89E
:104310000F0089791F466174134612E0404A75E721
:10432000B8F1000FE3D13B46E4E7500555D521B184
:1043300043F003039BB21F4603E03B46B8F1000F76
:1043400053D16A785146E275AA7842F23600627516
:10435000A4F8013001AAFEF703FD0446002838D175
:10436000019806F11808C36893F90130B370FCF79F
:1043700057F80121404611F022FC6FF0100111F0B6
:10438000FEFBC2063FD46A68092112F0030218BF7F
:104390000122404611F000FC0A214046C7F34002CA
:1043A00011F0FAFB6A680C214046C2F3800211F05A
:1043B000F3FB6A680B214046C2F3802211F0ECFB4C
:1043C0009DF803200321531E5A4240465A4111F0E2
:1043D000E3FB204602B0BDE8F08743F003039BB245
:1043E0000029A8D1B8F1000FA5D043F002039BB279
:1043F00004E00029F9D1B8F1000FF6D1B9F1000FAE
:104400007FF478AF97E7304606F1090111F01AFB07
:104410000028B8D00446DCE76FF06804D9E700BF95
:104420000701050020B90448D0E8AF3FDB0701D4FD
:104430000020704718387047F88900200346044868
:10444000D0E8AF2FD20701D518381847704700BF02
:10445000F889002008B500210348FFF7EFFF00228C
:10446000024B9A6108BD00BF5F5C0400300700206A
:1044700010B5054CA06930B16FF00101183011F092
:104480007EFB0023A36110BD30070020F8B5044671
:104490000F461646154BD3E8AF3F5B071CD5F2B16C
:1044A000FFF72EFED8B1FFF777FE0546D0B123788F
:1044B0002146037063780022C3704760FFF78AFECD
:1044C000044638B16FF0010105F1180011F057FBF7
:1044D0002046F8BD3560FBE76FF00A04F8E76FF09F
:1044E0001504F5E76FF00B04F2E700BFB8070020F2
:1044F00070B50C46054600283FD000F1180608218B
:10450000304611F036FB00283AD15CB323885BBB00
:10451000A278003A18BF01220721304611F03CFB77
:104520000921304611F025FB70B90C21304611F0FD
:1045300020FB48B96FF00801304611F020FB03075B
:1045400014D4284611F0E5FA22460121284611F03C
:1045500040FB044620B101210B4A0C4811F01AFB24
:10456000204670BD2246D7E70122D5E70E2130460E
:1045700011F0FFFA0028E4D1E6E76FF01504EFE749
:104580006FF07704ECE700BF44150500FCC204009F
:104590002DE9F047454B814693F895200C461507C9
:1045A00008D493F8912090060ED46FF08505284624
:1045B000BDE8F0874FF00C0A42F28608B9F1000F0F
:1045C00007D16FF01505F2E74FF0070A42F23E08F7
:1045D000F4E709F118060A21304611F0CAFA00285A
:1045E000EFD10921304611F0C4FA0028E9D10B219E
:1045F000304611F0BEFA0028E3D02288052AE0D91F
:1046000061889142DDD393F89430D90602D463686F
:104610005A07CAD44FF0FF304FF0FF31FEF746F98A
:10462000074600283FD051460C3010F0D8FD054613
:104630005246002116F025FF99F801302B7023888F
:10464000A5F801306388A5F803306368C3F340031D
:104650009B01A5F8053042F28603984509D1237ADB
:10466000EB71637A2B72A37A6B72E37AAB72237B62
:10467000EB72002239464046FEF772FB05460028E1
:1046800095D163685B0708D51021304611F097FA81
:104690000F21304611F093FA89E76FF480313046EC
:1046A00011F06DFAF4E76FF0680580E7300700203D
:1046B0002DE9F0412E4B804693F895300E461B07AE
:1046C00014464BD500284DD000230222201DB342B2
:1046D00022D3FF2A46D84FF0FF304FF0FF31FEF7CC
:1046E000E5F80546002840D000F10C0702213846C5
:1046F00010F075FD98F801304FF000080370467017
:10470000B04504F108040ED32946BDE8F04100226B
:1047100042F28200FEF724BB50F83310013389883F
:1047200004310A44D3E70421384610F058FD14F848
:10473000083C08F10108037014F8073C437014F8B2
:10474000063C837054F8043C9B88C37054F8043CC6
:1047500038469A88196810F048FDD1E76FF0850057
:10476000BDE8F0816FF01500FAE76FF06800F7E739
:104770003007002007B5038A022B07D80121144A0D
:10478000144803B05DF804EB11F004BA03210C30B7
:1047900010F05FFD02460078FFF744FE40B9137841
:1047A00001210D4A0B4803B05DF804EB10F07FBA0D
:1047B0005178436892788DF804108DF805201BB16C
:1047C000DB680BB101A9984703B05DF804FB00BF9B
:1047D0005F150500FCC20400741505002DE9F04FBB
:1047E000038A8046032B87B007D801213F4A4048FF
:1047F00011F0D0F907B0BDE8F08F00F10C070421EB
:10480000384610F026FD05460078FFF70BFE0646F9
:1048100040B92B780121374A354807B0BDE8F04F41
:1048200010F045BA4FF000096B78DFF8C4A08DF89E
:104830000430AB78DFF8C0B08DF80530EA785FFA65
:1048400089F39A42D6D9B8F81030052BCDD9062174
:10485000384610F0FEFC90F9003004468DF8063022
:1048600090F901308DF807308078FEF779F88DF8EF
:104870000800E3788DF809306179B8F810308B4280
:10488000B3D32379012B09D15A460221504611F0A6
:1048900081F93846617910F0DCFC0CE0FF2B0DD17A
:1048A000384610F0D6FC73682BB11B691BB100228F
:1048B000304601A9984709F10109BFE77BB938469D
:1048C00010F0C7FC6279014603A810F077FC73680A
:1048D000002BF0D01B69002BEDD003AAE8E70121E3
:1048E0005046064A10F0E3F9D3E700BF92150500E1
:1048F000FCC2040074150500AA150500DA150500B0
:10490000F8B5164B154693F89120064692060F46C9
:104910001ED593F89330DB071AD54FF0FF304FF0D8
:10492000FF31FDF7C3FF0446A8B105210C3010F09C
:1049300056FC00220260027139880180717845803E
:1049400001712146BDE8F84042F25B00FEF708BA6B
:104950006FF08500F8BD6FF06800FBE730070020BE
:104960002DE9F341C6687078FFF75CFD7588044651
:1049700038B901212C4A2D4802B0BDE8F04111F0B0
:1049800009B904F1180811F067F96FF48071404615
:1049900011F0F5F83378264FE3B92846012101F0EC
:1049A00045F80546B0B1236D00F17E0219032DD5FF
:1049B000A368C0F87E30A3899380A37B937163685A
:1049C0002BB15B681BB12046019501A99847284689
:1049D00000F0D0FE6FF08001404611F0D0F80306E1
:1049E0000CD5204611F0AEF863683BB11B682BB1C3
:1049F000327920468DF8042001A99847BB699C4272
:104A00000FD102B0BDE8F041FFF732BD037AC3EB2E
:104A1000C303F918FB58C0F87E308B8893808B79DC
:104A2000CCE702B0BDE8F081F1150500FCC204003E
:104A3000300700207FB5C5682878FFF7F3FC0446EF
:104A400038B90121134A144804B0BDE8704011F090
:104A5000A1B843688BB19B687BB10135284610F043
:104A60007EFE02AE294650B1304610F06DFE6368FE
:104A700020469B68019601A9984704B070BD207834
:104A800010F0DBFF0346006802909A889B79B280A1
:104A9000B371ECE7F1150500FCC204000022034BE2
:104AA00099689A801960024B1A727047AC0A00200C
:104AB000397E0120F0B505460F464FF0FF304FF02C
:104AC000FF3187B01646FDF7F1FE0446C0B106215E
:104AD0000C3010F084FB468000264770057006718C
:104AE0004671094A204603A905230095FDF7CCFE2F
:104AF0003246214642F24200FEF732F907B0F0BDDD
:104B00006FF06800FAE700BFB807002038B5054627
:104B1000407A0C46FDF7F2FE2073A87AFDF7EEFE10
:104B2000607395F90C30A37195F90D306371EB7AD0
:104B30002371EB8963812B88103BDBB20B2B8EBF7B
:104B40000523054AD35CE3712B8883F0100303F03F
:104B50001F03238138BD00BF8E17050008B50C4B1D
:104B60000246400903EB800011F087F802F01F03B2
:104B700040FA03F313F0010006D122B9054811F001
:104B80007CF840F3C01008BD6FF07700FBE700BF72
:104B9000C05D0120B80700202DE9F04788B0002251
:104BA000002387480AF014F9002840F097808548D0
:104BB00011F063F810F00103824D4AD02B1D93E8E9
:104BC000070008AB03E907007F4811F056F8C0F36F
:104BD00040137C4811F051F8024600286FD073B1A1
:104BE0000C227A4905A816F058FC002871D0002242
:104BF00011461046FFF75EFF044600286AD19DF873
:104C00001530190703F004056BD5002D40F08F8097
:104C100028462E46BDF81A3043B16B4BD3E8EF1F40
:104C200041F04001C3E8E21F002AF7D10DF1030172
:104C300010F092FF044600284CD14FF0FF304FF0A7
:104C4000FF31FDF733FE074600287BD16FF0680483
:104C500040E05D4811F011F810F0800F5C4A0ED072
:104C60004FF480749089D1891269ADF81440ADF881
:104C70001600ADF81810ADF81A300792A4E7554C9D
:104C800005AB2068616803C3A068186092F8913092
:104C90004C481E0744BF05238DF8153010F0EDFF7A
:104CA000840706D53023ADF818306023ADF81630F0
:104CB0008AE7444810F0E1FF4007F3D484E743B1AA
:104CC0000146FFF7F7FE044620B9404B2861C3E9CF
:104CD000010000243A480AF0F3F8204608B0BDE885
:104CE000F087BDF816309DF81400ADF80530BDF81A
:104CF00018308DF80400ADF80730D5B101AEBDF81D
:104D00001C200AB9BDF81620BDF81E300BB9BDF83D
:104D100018309DF81410ADF80D208DF80C10ADF87A
:104D20000F305EB13078012808D103AD72E700265C
:104D3000E5E7421E5042504101AE6BE74B1E584220
:104D40005841F2E700F10C090321484610F047FAF8
:104D50009DF803309DF815800370C8F34003824628
:104D60008470437036B10123052283703146484672
:104D700010F03BFA55B19AF80230052243F00403D3
:104D8000294648468AF8023010F02FFA00223946A8
:104D900042F24100FDF7E4FF044600289AD10120C9
:104DA000BDF81A2008F00101FFF784FE0446002830
:104DB00090D1064B08AA12E9070083E8070088E7AC
:104DC000DC5D0120C05D0120B8070020D05D01201E
:104DD0003007002034CA04000022024B1A60FFF79B
:104DE0005DBE00BF0C5E012010B5094C44220021BD
:104DF000204616F046FB04F11C0014F0A2FF04F15B
:104E0000300014F09EFFBDE81040FFF7E5BF00BF83
:104E1000C05D0120032870B5054603D1BDE8704090
:104E2000FFF7BABEFFF79AFE0446B0B9012605F0B7
:104E30001F039E400A4B6D0903EB8505D5E8EF3F44
:104E40003343C5E8E23F002AF8D1FFF7A5FE044648
:104E500018B1F143284610F013FF204670BD00BF83
:104E6000C05D0120032808B50AD0012100F01F030E
:104E70009940054B4009C94303EB800010F000FF47
:104E8000BDE80840FFF788BEC05D01202DE9F74F5F
:104E900006465D4810F0F1FE00F001055A4810F09A
:104EA000ECFE0F4614469A4680461DB10B895A0700
:104EB00000F1A780304610F052FC002851D0314656
:104EC000684610F041FC15B918F0040F5FD1DFF807
:104ED0003C81D8F80030ABB1204610F0DCF9054633
:104EE000B4F80490A4F804A023466846D8F80080DB
:104EF000FA7997F90510C047A368A4F8049013FA4B
:104F000085F52560424BC7F800D01B68002B3CD0CC
:104F10001D6805B1083D53F8082CAAB1A846A3F1B5
:104F20000805204610F0B7F98146B4F804B0A4F89B
:104F300004A02B684546214638469847A368A4F844
:104F400004B013FA89F32360FDB1D5F808802B680B
:104F5000B8F1000F17D0A8F10808002BE1D14546A1
:104F6000F3E73378FF2B09D12A4B186800909A8811
:104F70009B79ADF804208DF80630A4E7314610F097
:104F80005CFD0346F1E7002BCBD100233B601E48BC
:104F90003B8910F072FE10F0010532D1DB0730D5ED
:104FA00003226946284601F0ADF8044648B30220C2
:104FB000FFF758FF33682046C4F87E30B388A4F862
:104FC0008230B37984F8843010F0AFFC90B11F23A5
:104FD00029466372204600F00FFC204600F0CAFB11
:104FE000FFF7DAFD034660B102210B4A0B480FF0D0
:104FF0005EFE06E02046022100F0FEFB204600F0A7
:10500000B9FB03B0BDE8F08FC05D01200C5E01204C
:10501000045E012007010500040A050044C30400E2
:1050200010B50020FFF71EFF58B10AF043FD002025
:10503000FFF718FF034620B10221144A14480FF06D
:1050400036FE6FF04001134810F01AFE6FF48071C5
:10505000104810F015FE104B1B68B3B11C6804B16A
:10506000083C53F8043C03B1984774B1A268234646
:1050700042B15B68A2F10804002BF5D1F6E7BDE868
:10508000104018476368002BF9D110BD05160500C4
:1050900044C30400B8070020045E01202DE9F04F4E
:1050A00000F10C098BB00746484610F0DAF80646C6
:1050B000594810F0E2FD00F001035748049310F046
:1050C000DCFD564DC0F38003DFF854A103939EB17D
:1050D000049B53B13B8A172B11D80121514A5248E6
:1050E0000BB0BDE8F04F0FF0D9BD2B7A0BB1FFF735
:1050F000D5FC039B002BEDD10BB0BDE8F08F182140
:10510000484610F0A6F83A8AC37DB0F800B0934242
:10511000CBF3411804460BF0100B0FD94248009214
:105120000221424A0FF0CDFD38460FF0EDFFBBF1F2
:10513000000FE1D10222394B1A72DDE7BBF1000FFB
:105140000FD006A9FFF7E2FC4A46E37D06A9A01CA2
:10515000FFF79CFE4846E17D10F073F8013EF6B281
:10516000B5E795F808B0BBF1000F05D1B8F1000F15
:1051700020D1204606A9E5E7C17AEA7991420DD10E
:10518000811C07222846059316F087F9059B28B94C
:10519000B8F1020F1CD1FFF781FCDBE7B8F1000F7B
:1051A000E7D0BBF1010F05D10221214A1E480FF0C3
:1051B00075FDCFE7B8F1020FEDD0D4F80210E27A16
:1051C0002960E188EA710122A980217A2A72A971F5
:1051D000BAF80420BAF806101A448A4205DD022300
:1051E0002B72B8F1010FB5D0D5E72A7A022AF8D090
:1051F0001A465046F9680FF0F8FFB8F1010FADD02C
:10520000204606A9FFF782FC5246BAF8043006A9E8
:10521000A01CFFF73BFEBEE7C05D0120397E0120E8
:10522000AC0A00202E16050044C3040047160500F2
:10523000711605002DE9F04F00F10C0785B0064608
:10524000384610F00EF805462A4810F016FD00F01A
:105250000109284810F011FD4FF0010ADFF898B05D
:10526000C0F3800815B905B0BDE8F08FB9F1000FA3
:1052700002D1B8F1000FF6D0338A082B07D80121EC
:105280001E4A1F4805B0BDE8F04F0FF007BD0921C9
:1052900038460FF0DEFF037A328A01339A42044621
:1052A000EDD37F23ADF80CA08DF80630037A694664
:1052B00003445B7A01308DF80530FF238DF804300C
:1052C0000023ADF80A3010F8012C013D042A98BFE4
:1052D0001BF802308DF80720ADF80830C3793A4644
:1052E000FFF7D4FD217A384601310FF0AAFFEDB265
:1052F000B8E700BFC05D01209A1705002E16050013
:1053000044C30400F8B50546224810F0B6FC430734
:105310000F463CD52A78012A03D96FF015042046A0
:10532000F8BD6B780F2BF8D843F6FC746888031F20
:105330009BB2A342F1D8A9880B1F9BB2A342ECD821
:105340008842EAD37AB900220023134809F040FDCD
:1053500004460028E3D1FFF701FC044640B10E48A3
:1053600009F0AEFDDBE710F0EBFB0028EBD1D4E752
:1053700028686968094E0A4B03C6A8681F60306038
:105380002046FFF747FD044606F12400E8E76FF0EA
:105390000A04C4E7B8070020F05D0120C45D0120C5
:1053A0000C5E012008B5FFF717FD0022094B6FF0D6
:1053B000400109481A6010F063FC430604D56FF4FD
:1053C0008071054810F05CFCBDE808400020FFF744
:1053D00049BD00BF0C5E0120B807002008B5034896
:1053E00010F04BFC00F0010008BD00BFC05D0120C3
:1053F00070B505460B4B1C6844B154F81C3C1C3C72
:1054000013B12846697A9847E469F5E7064C074ED8
:10541000B44200D370BD236813B12846697A984717
:105420002034F5E7F85F0120C4C20400E4C20400A0
:1054300010B50446FAF754FF044901EB0011204669
:1054400010F0CEF9BDE81040FDF768BB105E0120FA
:10545000002270B50446D1E901560748C1E901228E
:1054600014F00CFD3DB1314620462B46BDE870409E
:105470006FF06D02184770BDCC10002013B50446C4
:105480000430D0E8EF3F43F48062C0E8E12F002908
:10549000F7D15B0534D410F00FFC81031CD5194BF8
:1054A00093F890309A062BD510F0FCF940B30DF12B
:1054B000060101A8FDF732FD10BB2046BDF806200D
:1054C000BDF8041010F06AFA0346C8B101210E4A73
:1054D0000E4810F0F4FB13E0E37823B1094B93F886
:1054E00090301B07DBD5204610F03DFA034620B173
:1054F0000121074A054810F0E2FBA37A072BCED022
:1055000002B010BD30070020C017050014C304000E
:105510009F17050070B50546002200230E4809F0CC
:105520008BFDB8B90D4B1C6834B154F8143C1C3CCD
:1055300003B19847E469F7E7094C0A4EB44204D333
:105540002846BDE8704009F04FBFA36803B19847F3
:105550002034F3E770BD00BF0C100020F85F01207D
:10556000C4C20400E4C204002DE9F8430446402705
:105570000025DFF85080EFF3118387F31288BFF323
:105580006F8FE16929B983F31188BFF36F8FBDE88D
:10559000F883206A0A68814208BF2262E26183F3CD
:1055A0001188BFF36F8FD1E901694046C1E9015508
:1055B00014F064FC1EB1002249462046B047FDF7B6
:1055C000ADFAD8E7CC1000200348B0F8BC30C030AA
:1055D000002B08BF002070473007002030B504467C
:1055E00016F080F80D460D4A0D498BB00858D2F8D8
:1055F000C810884205D120460BB0BDE83040FFF707
:10560000B3BF24342146104614F0FFFC1DB1694697
:10561000204614F00AFD0BB030BD00BFD856012063
:105620000800000038B5002204468A4202D1002456
:10563000204638BD012004F1C803D3E8EF5F002DF8
:1056400004D1C3E8EC0FBCF1000FF6D102D0D03486
:105650000244EAE7002CEAD0C8220021204615F0D7
:1056600010FF04F14000044914F000FD034904F167
:10567000240014F09FFCDBE791630300CF5C04007F
:10568000F7B516460D4601210446FFF7A7FF012E88
:1056900023D0022E50D123693BB130480121304A3A
:1056A0000FF0FCFA204610F030FB256121690B8ACF
:1056B000012B51D9CA681288043292B293424BD35B
:1056C00041D9012100922548264A0FF0FAFA2046D6
:1056D00003B0BDE8F04010F018BB206940B9224A81
:1056E00031461E480FF0DAFA204610F00EFB01E0BA
:1056F0002F8A2FB9284603B0BDE8F040FAF790BED4
:105700000C300FF0CCFD87420CD9184A31461348B3
:105710000FF0C4FA00222046216901F009F90023A4
:105720002361E7E720692A8AE9680C300FF05DFD04
:105730002846FAF775FEB9E7334601210C4A0748B7
:1057400010F0BDFAD0E7002301222046236103B008
:10575000BDE8F04001F0ECB803B0F0BD14C30400A4
:10576000DC1705005C180500F9170500171805007F
:105770003E18050008B5C830D0E8EF3F013BC0E84F
:10578000E23F002AF8D13BB9044809F01BFCBDE810
:105790000840034809F028BE08BD00BF0C100020D7
:1057A000C80A002010B5044610F0B8FA0AF032F921
:1057B000104B04F1BC02D3F8DC1049B9C4F8BC109A
:1057C000D3F8E01089B9C3E937220AF037F906E0C7
:1057D0008A4208D10AF032F92046FFF7CBFFBDE834
:1057E0001040FDF79BB90968E7E70A60C3F8E020BD
:1057F000EBE700BF30070020F8B5857A04468D42FC
:105800000E4600AF1BD1082D98BF654B6C4688B083
:1058100094BF53F82530634B6A466349C2E90513C8
:105820004FF400739383614B42F8103F00234FF411
:10583000E4515F48F9F7BCF9A546BD46F8BD817251
:10584000D5B1022D1BD0A37A082B00F2A58001A2AE
:1058500052F823F09D5803003F59030007590300F5
:105860003B5803003B5803003B5803003B580300E0
:105870008D5803003B58030010F050FAE3E783789B
:10588000012BE0D1403014F0FFFBDCE70021494858
:105890000AF038FD0023C4E90D33CEE7082DCCD83B
:1058A000DFE805F02A0521172626212A2A0004F11F
:1058B0004005284614F0E8FB01212046FFF78EFE44
:1058C000204610F022FA00220023284609F030FE7C
:1058D000B3E70220FFF7C6FA034620B10221364A99
:1058E000334810F0ECF9637A13B12046FFF780FDDE
:1058F0002046FFF73FFFA0E73346304A02212C48FD
:1059000010F0DDF999E7A378012B96D12C4B9D8AF5
:10591000002D92D00A2347F6122640F2E7300021EC
:105920005D434FF47A720023C5FB0601EEF7B2F92E
:1059300002460B4604F1400009F0C6FD7DE7637A9C
:105940003E2B0FD16D4688B06A461E4BC2E9053426
:10595000032342F8103F00234FF4C4511448F9F7D1
:1059600027F9AD46164D05F1C006616911B9FDF77D
:10597000D5F862E7A2690B68914208BFA36120468F
:105980006361FFF765FDB5F8BC30002B14BF3046EE
:10599000002009F017FBE8E733460B4AAEE700BFEB
:1059A000CCCF0400ADD70400771805000300000138
:1059B00014C30400D80A002088180500B91805008F
:1059C00030070020D0180500F71805002DE9F04732
:1059D00006460F46904600254FF0D009DFF828A074
:1059E00009FB05A010F09AF9044620B183781E4205
:1059F00006D1FFF7BFFE0135142DF1D1BDE8F087C8
:105A00004146B8472046F4E7388A002000220F209C
:105A10000149FFF7DBBF00BF4B5D040000220120FE
:105A20000149FFF7D3BF00BFC35C04002DE9F0417B
:105A300005460E460027DFF85080404610F06EF90C
:105A4000044658B1837A012B02D0073B012B03D8BF
:105A50002388AB420BD02046FFF78CFE0137142F72
:105A600008F1D008E9D100242046BDE8F081A378F0
:105A70001E42F9D12B460221044A054810F01FF9B5
:105A80002046FFF777FEEEE7388A0020131905005D
:105A900014C30400034BC01A034B00115843C0B297
:105AA000704700BF388A0020C54EECC470B51C4654
:105AB000144305460E460DD015F014FE0E49D1F8DC
:105AC000C8400E4909588C4206D102210C4A0D48A3
:105AD0000FF0E4F8002213460B49002D14BF2846AE
:105AE00008460FF016FB044618B1711D0C300FF07C
:105AF0006BFB204670BD00BFD85601200800000097
:105B00002A19050014C304001411002010B504461E
:105B1000054809F069FC204600F0FEFD2046BDE87E
:105B20001040FFF765BC00BFB80A00202DE9F04F18
:105B3000002387B000AFFB607B61BA4B5A8B3AB150
:105B4000B94DD5F8DC403CB91C37BD46BDE8F08FF7
:105B50001B68002BF4D1F7E754F8BC3903B1BC3B08
:105B60000026B24901E01C461346B5F8BC20002AC5
:105B700000F05681D5F8C8204AB904F1BC06002BC4
:105B8000E2D0D3F8BC20002AEDD0BC3AEBE70A689B
:105B9000002AF2D0D4F8A820002AEED0D4F8AC2005
:105BA000002AEAD0D4F8B020002AE6D0A37A072B46
:105BB00068D120469047002864D004F1C00010F05E
:105BC0007BF802285EDC204610F0A8F80446002886
:105BD000BAD0A37A072B40F020812046D4F8A83011
:105BE000B5F8BC1007F1100298478146002800F074
:105BF0000481B5F8BC203B699A4208D30146D4F829
:105C0000AC60204607F1140307F10C02B047D7E956
:105C1000038A7B693B60B9F81030002B00F0F780F5
:105C200048460FF0F3FD7860002840F0F380B5F8A7
:105C3000BC30DFF8FCB1002B14BF58460020002216
:105C4000002309F0F9F978B900220023774809F018
:105C500087F9064600283BD1B5F8BC30002B18BFA9
:105C60005E46304609F0AEF96FF00B054846FAF78C
:105C7000D7FBB8F1000F00F0AA802A462046396809
:105C8000C047A4E0D4F8BC3004F1BC02C6B9D5F8D2
:105C9000E010C5F8DC308A4201D1C5F8E0300023BD
:105CA0002046C4F8BC30D4F8B0309847002890D0D3
:105CB000A37A072B40F0B1802046FFF773FD88E7F9
:105CC0003360D5F8E0309A4208BFC5F8E060E6E7F7
:105CD0003B68C0F804808360B5F8BCB00022DA45A8
:105CE0004FF000034FF000014E4898BF1FFA8AFBA7
:105CF000FAF718FB804650B1FAF7F2FA4D4B5A46C4
:105D000003EB0013494640460FF045FD8046B5F8C9
:105D1000BC3094F8C4909A4584BF01237B607B68B3
:105D20009CBF09F102095FFA89F984F8C43004F1D3
:105D3000C00ADAE8EF3F0133CAE8E23F002AF8D1AF
:105D400000233360A369002B5BD1C4E90566A37807
:105D5000012B59D108F10C0B042158460FF060FAC1
:105D6000238809F0FD0943EA09330380B8F81030AD
:105D70000221043B438058460FF05AFA4046FCF794
:105D80000DFE8146002848D0DAE8EF3F013BCAE823
:105D9000E23F002AF8D1314604F114000FF09AFFD7
:105DA0004B46254A012125480FF089FF4046FAF766
:105DB00037FB20463146FFF74BFBB5F8BC301C489B
:105DC000002B08BF002009F0FDF86FF004056E46B7
:105DD00088B06B461A4ADC61C3E905251A460423DC
:105DE00042F8103F4FF4015114480023F8F7E0FE49
:105DF0001321B54620460FF0BAFF2046FFF7BAFC44
:105E0000A2E61E60A661A2E76FF01509BCE76FF07D
:105E100079052BE76FF0040528E7FCF77FFEECE738
:105E20009368FFDE9811002030070020CC1000207E
:105E3000F0070020105E01208C0E050014C3040042
:105E40005319050040F2E2432DE9F041D0F8886093
:105E50000446B6FBF3F6031D18460FF02DFF82042F
:105E6000B6B213D5B4F88C20B2420FD8B4F88E2055
:105E7000B2420BD3D4E92412914207D1D3E8EF1FE9
:105E800021F40051C3E8E21F002AF7D1104B1D682E
:105E900065B155F80C7C1C3D37B131462046B4F84D
:105EA0009230B4F89020B847ED69F1E7094DDFF87A
:105EB0002880454501D3BDE8F0812F6937B13146CF
:105EC0002046B4F89230B4F89020B8472035F0E777
:105ED000F85F0120C4C20400E4C20400F8B50F4B0F
:105EE00005461C685CB11C3C00F1A406A36913B113
:105EF000314628469847E4690CB11C3CF6E7084C4B
:105F0000084E05F1A407B44200D3F8BDA36913B14C
:105F10003946284698472034F5E700BFF85F01204E
:105F2000C4C20400E4C204002DE9F041074608465B
:105F30000D460FF0B9FC064618B900263046BDE8FC
:105F4000F081144B1C6884B154F8103C1C3C0BB914
:105F5000E469F8E72946384698470028EDD02846F6
:105F60000FF0A2FC0028F3D1E7E70B4CDFF82C8000
:105F70004445E3D2E3680BB92034F9E729463846B3
:105F800098470028D9D028460FF08EFC0028F3D17E
:105F9000D3E700BFF85F0120C4C20400E4C20400DC
:105FA00038B505460C460E481421FFF73BFBB0B14F
:105FB000057223680367A388A0F87430A37980F87A
:105FC000763001238370074BC0F8A830064BC0F829
:105FD000AC30064BC0F8B030054BC0F88C3038BD43
:105FE000388A00200D660300A35C0400975C04005F
:105FF000180028002DE9F0410746884600250E4E7E
:1060000030460FF08BFE044620B18378012B0AD076
:10601000FFF7B0FB0135142D06F1D006F0D10024B6
:106020002046BDE8F081424639460FF0F8FE0028D0
:10603000F6D12046ECE700BF388A0020B0B500AFAB
:106040000D46FFF7D7FF044610B32846FBF760FD67
:10605000A37A6D46082B98BF0E4A8AB094BF52F8B7
:1060600023300D4B6A46C2E907030C4B0C495362BF
:106070000C4BC2E9051442F8103F00234FF4425183
:106080000948F8F795FD2046AD46FFF773FB012060
:10609000BD46B0BDCCCF0400ADD70400010302045F
:1060A000761905000500000214C3040038B5044643
:1060B00013480FF001FE420702D46FF00A0038BD0A
:1060C00008460FF0F1FB10B96FF01500F7E7FFF786
:1060D00085F90028F1D10A480FF0EEFD0306C0F360
:1060E000C0150AD40FF02CFD0028EDD0214628461B
:1060F000FFF7A4FF0028E2D0E6E76FF07700DEE7C5
:10610000B80700202DE9F04706460F4690460025C7
:106110004FF0D009DFF844A009FB05A00FF0FEFD09
:10612000044620B18378012B06D0FFF723FB01350D
:10613000142DF1D100240DE037B13A4631460FF06D
:106140006EFE08B92046F0E7A37A4345FAD1237AD8
:10615000B342F7D12046BDE8F08700BF388A00205F
:1061600010B583780B70C3784B70037A8B70837A89
:10617000023BDBB2062B8EBF0023264AD35C81F89C
:106180002430012381F825300023CB848378012B30
:106190003CD100F170038B60037A1F4AC3EBC30349
:1061A00013444B60C47800F17E0300F1770214B110
:1061B0001C4613462246C1E9032340F2E242D0F8CE
:1061C00088304B61B3FBF2F30B83B0F890304B8314
:1061D000B0F892308B8300F1A4030B62D0F8A030AA
:1061E0002BB15B7BDA0644BF012381F82730D0F85E
:1061F000A03013B15B7B9B0601D4002010BD91F849
:10620000273043F0020381F82730F6E76FF01500DE
:10621000F4E700BF3C1A0500300700207FB569464F
:1062200005460FF022FE78B90C4B1C6844B154F8B7
:10623000083C1C3C13B1694628469847E469F5E7D9
:10624000074C084EB44201D304B070BD636913B16A
:106250006946284698472034F4E700BFF85F0120DC
:10626000C4C20400E4C204002DE9F04105460E4614
:1062700090461F46002B49D01B6823B10221264AB5
:1062800026480EF00BFD41462846FFF70FFF044657
:10629000002836D1284641460FF098FD05460028D3
:1062A00037D096E80F001E4C04F1080C8CE80F0064
:1062B000A38A002B08BF4FF49673A382238A03B9E5
:1062C000A3892382638A03B9E38902212846638272
:1062D000FFF792FA28460FF028FB0446A0B10021F0
:1062E00028466972FFF788FA2846FFF743FA032029
:1062F000FEF790FD034620B102210A4A07480FF03D
:10630000DEFC2046BDE8F0813D60FAE76FF0150441
:10631000F7E76FF00B04F4E7AF19050014C30400AE
:1063200030070020040A050038B5044608460D462B
:106330000FF0BAFA38B3154B93F89030990707D499
:10634000E37873B129462046BDE8384000F01CBB15
:1063500094F898309A07F3D5201D0FF0ADFC430454
:10636000EED4294620460FF09CFD58B92B88A4F89E
:106370008C306B88A4F88E30AB88A4F89430EB880E
:10638000A4F8963038BD6FF01500FBE73007002009
:10639000F7B510F8363C0446A0F140060BBB30467A
:1063A0000FF0D2FD324B1D684DB155F8183C1C3D25
:1063B0001BB1304614F8371C9847ED69F4E72D4DB2
:1063C0002D4FBD4205D3304603B0BDE8F040FFF786
:1063D000D1B96B681BB1304614F8371C984720358B
:1063E000EFE710F83E3C012B3AD110F83D3C8BB959
:1063F000FDF7C6F9693033D10221204A20480EF05A
:106400004DFC40F239120023204603B0BDE8F040B5
:1064100009F08EB8A0F13C05D5E8EF3F23F4005217
:10642000C5E8E12F0029F7D19B0411D5E36C69463B
:106430000093636D30460193FFF776FF034688B9FA
:10644000D5E8EF3F23F48053C5E8E23F002AF7D1B7
:10645000D5E8EF3F43F40063C5E8E23F002AF7D1F7
:1064600003B0F0BD0221074A05480FF028FCEFE712
:10647000F85F0120C4C20400E4C20400E41905006E
:1064800014C30400171A0500F8B5194813F0EAFC04
:106490000024184D164E29463046013413F0EEFC08
:1064A0000E2C05F10C05F6D110F0B6F911F005F837
:1064B0000546D0B90FF0F0FD2E460F4F38460FF0CD
:1064C0002DFC044660B104300FF0F6FBC30704D581
:1064D000032120462572FFF78FF92046FFF74AF97E
:1064E0000136142E07F1D007E8D12846F8BD00BFC9
:1064F000CC100020505F0120388A002008B50346E8
:106500000121034A03480EF0D2FB002008BD00BF62
:10651000CC1A05003CC3040080B500AF88B06A46C1
:10652000074BC2E90530032342F8103F00234FF424
:10653000C2510448F8F73CFB6FF00B00BD4680BD2C
:10654000F41A05003CC3040070B400235026094D22
:1065500006FB03F25419AA582AB10133142BF7D1C0
:1065600070BCFFF7D9BF044B104663600C6070BC71
:10657000704700BF0060012018D0040070B50446C9
:1065800052EA03000AD015F0ADF8074D074ED5F8D2
:10659000C8503058854204BF002213462046BDE84B
:1065A00070400431FFF782BAD8560120080000007D
:1065B00073B5054618462B680BB39B7A072B1ED183
:1065C000002A14BF022301230E7A9E4209DD012115
:1065D0000C4A0D4800960EF074FB6FF0150002B0E7
:1065E00070BDCB7A072BF8D9C8618A6105F13000FC
:1065F00013F044FC28460FF07EFC0020EFE76FF01C
:106600007F00ECE71B1B05003CC304002DE9F047AD
:106610000E469146D0F8B44000AF4CB1483C236BD5
:106620006BB104F1300A504613F03DFC054660B9E9
:10663000FCF774FA00252846BD46BDE8F0872068BF
:10664000B4300FF077FCA46CE7E70FF0DFF880B10F
:106650006C4688B06A462D4BC2E90535032342F8E3
:10666000103F00234FF4C2512948F8F7A1FAA5467C
:10667000E0E728460EF07CFDE36C0546B3B9A38C39
:10668000B0F81080403B9BB23F2B03D8238D984538
:1066900028BF9846042105F10C000EF0C1FDA0F8BA
:1066A0000080A38C438008F10403E364E36C2A8A2E
:1066B000B3420FD8934216D0A38C403B9BB23F2BE2
:1066C00021D92068B4300FF035FC236B13B120467C
:1066D0000FF011FCE36C9E422CBF00269E1BC9F8F4
:1066E0000030E664A7E700220023504608F038FC9B
:1066F000F9F796FEA38CA3F140023F2AE1D8054AA0
:10670000AA61EB61DDE700221346F9E73B1B0500B8
:106710003CC304004B600400F7B504460026234D3B
:10672000234FBD4201D303B0F0BD298820460FF0AE
:1067300083FC6B68019001A920469847002830DB54
:10674000019B2A889A829A8403F11002D2E8EF1FF3
:10675000C2E8E06F0028F9D19E64DE649E60A16B00
:1067600003F10802F9B9C4E90D221C60DE6003F1EF
:10677000300013F077FB019843681B6803B198471A
:10678000019B1033D3E8EF1F41F00101C3E8E21F82
:10679000002AF7D101984368DB6913B100F11001B9
:1067A00098470835BDE70A60A263DEE7ACC2040083
:1067B000C4C20400F0B50D460646042185B005F1BB
:1067C0000C000EF046FD2A8A43880446934207D007
:1067D00000931346464A012146480EF072FA10E033
:1067E000417839B90121444A424805B0BDE8F0403A
:1067F0000EF054BA0278122A0BD0132A03D0012AC1
:106800005DD105B0F0BD022BFBD0022200923B4AC5
:10681000E1E7082B3468EA6803D008220092384A7E
:10682000D9E7A37A072B02D00221364ADCE7E778C2
:10683000A7B1022201200FF0E4FB05460028E0D0BA
:1068400002210C300EF0CBFC00232946037043706C
:10685000204605B0BDE8F0400FF004BC13881320BB
:10686000ADF808305388ADF80A309388ADF80C3095
:10687000D3880222ADF80E300FF0C3FB0546002886
:10688000BFD002A92046FFF74FFB0646022105F1C3
:106890000C000EF0A4FC56B1294607704770204644
:1068A0000FF0E0FB204602A90FF0FBFAA9E7012355
:1068B00046700370294620460FF0D4FBA1E7022161
:1068C00013460C48104A0EF0F2F9617802220120BA
:1068D00035680FF096FB0446002892D002210C3058
:1068E0000EF07DFC00232146037043702846B0E77C
:1068F000531B05003CC30400741B0500951B0500D9
:10690000C01B0500F21B0500001C050008B50B8A22
:10691000032B06D80121044A04480EF0BFF90020D9
:1069200008BDFFF747FFFAE7281C05003CC3040039
:1069300038B50B8A0546032B0C4609D801210F4AAE
:106940000F480EF0ABF92046BDE83840F9F768BDB6
:10695000042104F10C000EF07CFC418828460FF065
:1069600092FB30B9074A0B46054802210EF09FF909
:10697000E9E7436821465B699847E4E7461C050060
:106980003CC30400631C050070B5124B0C4619781B
:1069900005460131C9B2012938BF01210822122060
:1069A00019700FF02EFB064688B108210C300EF04E
:1069B00016FC22883146028062884280A28882804A
:1069C000E288C2802846BDE870400FF04BBB6FF0F4
:1069D0000B0070BD277F012023281FD81A2804D858
:1069E000431E182B0ED906207047A0F11B03082B5D
:1069F0001ED8DFE803F0051D1B231D19251D05000A
:106A00000320704701230F4A83401A40C2B90E4A3F
:106A10001A40002A14BF01200620704700F07F03AF
:106A2000522B05D100207047012070470520704788
:106A300010F0400F0CBF0620002070470420704764
:106A400002207047AAAA8A02545545012DE9F84F41
:106A5000074608460C46F9F743FC18234343DFF882
:106A6000B880064608EB0302D2F808A0E16807F1F7
:106A70005400D0E8AF0FC00709D40121274A2848A5
:106A80000FF02DFB6FF015052846BDE8F88FE06884
:106A900000781071002248F803200B78D22B0FD118
:106AA0003B682146186810F005FD054640B10121FC
:106AB0001C4A1B480FF013FB2046F9F7B1FCE3E733
:106AC00004F10C000EF0E7FB182303FB0683B4F877
:106AD00010B09F60002381461A462146381DFFF7FB
:106AE00067FD05460028CFD010F1690F04D10121C0
:106AF0000D4A0B480FF0F3FA6369A4F810B013FACB
:106B000089F3E36018235E4308EB0603C3F808A08B
:106B100048F80650B8E700BF406601209F1C0500FA
:106B200004C30400B91C0500CC1C0500011F01486A
:106B300013F0A8B85C0E00200121024A02480FF0B1
:106B4000CEBA00BFEF1C050004C3040070B5037883
:106B50008AB004460E4607AD032B20D8DFE803F0C9
:106B600002191B1D11492846F3F777FE0595637836
:106B70001E210493A37830460393E3780C4A0293D2
:106B80002379019363790093A3790CF011F90AB08A
:106B900070BD0849E7E70849E5E70849E3E70A2146
:106BA0002846074A0CF004F9E0E700BF68D7040064
:106BB0008AD704006FD7040076D7040080D704007A
:106BC000951D05002DE9FF414FF000084FF42053BB
:106BD00005460E46006802A9144617688DF808801D
:106BE000ADF80A300EF054FDA0B142F6010328685A
:106BF00003A98DF80C80ADF80E300EF049FD48B1B8
:106C000023691BB15A88B24200D25E80012004B0D1
:106C1000BDE8F081616828680EF03AFD10B10023EC
:106C20002361F3E7E368A0681A786AB1B7F81AC07D
:106C3000798D038A8C4594BFC3EB0C03C3EB01032E
:106C4000934201DA0020E2E704210C300EF0C7FA8B
:106C500020610680236929465E80074B01940093DA
:106C600038460023A2680FF08EFB0028EADB20697B
:106C7000003818BF0120CAE73563040010B5044688
:106C800000F15003D3E8EF1F41F00101C3E8E21F18
:106C9000002AF7D1201F0FF07AFA04F1740004499A
:106CA00013F0E4F92068BDE8104002F03DBD00BFDC
:106CB000B57B030073B50E46438D418B01328B4289
:106CC00028BF0B469A42054609D9022100921C486A
:106CD0001C4A0DF0F6FF0024204602B070BD30467D
:106CE000FFF77AFE022812D0042810D014F0FAFC24
:106CF000154B1958154BD3F8C83099421ED0144B78
:106D00001B685A1A18BF4FF0FF32134601E00023E8
:106D1000104A00211048FFF731FC04460028DBD060
:106D2000F9F7DEFA18220D4B012102FB003304F1C2
:106D30000C009D600EF053FA0670CDE70022E4E7E8
:106D400004C304000C1D050008000000D8560120F3
:106D5000906701201C4E0E0040110020406601206B
:106D600070B5044601F10C000D460EF082FA26685B
:106D700001462B8AEA68306810F02BFB1E210022A6
:106D80002046FFF797FF014630B90121044A054824
:106D90000FF0A5F9002070BD20460FF0EAF9F9E7E1
:106DA000311D050004C30400F0B51D4603680E46FE
:106DB0000039044618BF012187B01868174610F043
:106DC00019FB40B904F154000FF09DFB002846D098
:106DD000002007B0F0BD002D43D0182200216846E6
:106DE00014F04FFB6FB1002239462046FFF762FFD7
:106DF000019030B91C4801211C4A0FF070F9112094
:106E0000E7E7236829461B68284600930023ADF86E
:106E100012300C9B164A0393BDF834308DF808608D
:106E2000ADF8103001238DF814306B460FF01BFACB
:106E30009DF8143063B1002FCAD00198F9F7F0FA29
:106E40002A46314620469DF814300FF067FBBFE715
:106E500001990029BCD020460FF08BF9B8E7122029
:106E6000B7E70120B5E700BF04C304004E1D0500CD
:106E7000F56104002DE9F347176805468946006867
:106E800051681446D7F804A00EF002FC8046002892
:106E90004BD195222946504610F06CF906462075D4
:106EA00040B1E3681B780BB184F81480002002B075
:106EB000BDE8F0872946504610F0D4FA10B90823EF
:106EC0002375F3E7A06826750EF056F902210C3001
:106ED0000EF085F9164B2061A0F800900093019404
:106EE000334629463846A2680FF04DFA002807DAE3
:106EF00010F1FF0F32BF0E204042C0B22075D5E71F
:106F00002369002BD2D0A0680FF0D1F87B8D7A8B4B
:106F10009A4294BFC0EB0200C0EB0300E3681B7809
:106F2000984294BF00200120C1E70120BFE700BFC5
:106F3000BF600400F7B50B8A04460D4607683BB9ED
:106F40000121284A28480FF0CAF8002003B0F0BDFC
:106F5000012105F10C000EF07CF9BB7A0646072BE7
:106F6000F3D154F8043C002BEFD0002203781F48E3
:106F7000043C10F8327000EBC2019F420FD12A8A04
:106F800048788F78904220D9012100931648134603
:106F9000174A0DF096FE012FD7D104231EE00132CF
:106FA0001C2AE6D102211048124A0DF080FE3178E9
:106FB0000846FFF711FD0028C7D00528C5D00623D5
:106FC000002220460FF0AAFABFE74B682046294668
:106FD0009847012F0346B8D10028B6D00022317857
:106FE000EFE700BF671D050004C3040040D00400A4
:106FF0009C1D0500821D05002DE9F04F42F601039E
:10700000002591B0166880460F4600680BA9D6F897
:10701000049014468DF82C50ADF82E300EF038FB4D
:10702000002870D04FF42053D8F800000BA98DF839
:107030002C50ADF82E300EF02BFB38B1A3681BB1ED
:107040005A88BA4200D25F8001200EE0616808468B
:107050000FF02DF8728D738B9A4294BFC0EB020033
:10706000C0EB0300032803D8002011B0BDE8F08F67
:1070700008460EF081F8054660680FF018F8728B2C
:10708000738D05F10C0B9A4294BFC0EB020AC0EB62
:10709000030A58460EF003F9824537D260680FF0B4
:1070A00006F8728D738B9A4294BFC0EB0200C0EB5E
:1070B000030070B96368987AF9F70AF9002200238F
:1070C0000EF027F805460028CED0014660680EF085
:1070D00064F800230093D8F8046010234146484622
:1070E00002AAB047061E0EDB227CE068B2422BD01B
:1070F00001460BA80EF0FAFA60B9237C144A02216B
:1071000014480DF0D4FD0023A3609DE758460EF00F
:10711000C6F8CEE7F2B202A906A80EF0E7FA10B957
:107120000D4A3346EBE706A90BA80EF0B1FA00288A
:10713000E9D100230421637405F10C000EF04FF82F
:10714000A0600780A3687EE702A914F0A6F9EEE725
:10715000BB1D050004C30400DA1D0500F8B5124A82
:107160000746002311480D460DF0D3FF044638B9F9
:1071700001212B460E4A0F480DF099FD2046F8BD1F
:1071800000F10C06092130460EF01EF82046F9F7F2
:10719000A7F81822084B012102FB003330469F60FC
:1071A0000EF01DF80570E9E71C4E0E00401100209E
:1071B000CC1A050004C30400406601202DE9F0410B
:1071C0000E8A0446043EF6B2022E08468CB001D068
:1071D000102E64D104210C300EF03BF80DF108089C
:1071E00005884788011D324640460EF07FFA002888
:1071F00057D09DB3002687B3AF422FD34FF420530F
:10720000404601A98DF80460ADF806300EF040FA52
:1072100040BB1422002107A814F033F911212046A5
:10722000FFF79CFF0990002837D001210C30CDE9F1
:1072300007480DF0D4FF00230A90394603701A4A1C
:107240000B93284607AB0FF00EF80A9B1B78FBB98F
:107250000998F9F7E5F80A2301E03D4601232A469B
:1072600010210EE042F60103404607A98DF81C608C
:10727000ADF81E300EF00CFA0028CAD010232A46B2
:10728000194620460FF04AF900200CB0BDE8F08105
:10729000204609990EF06DFFF6E71120F5E704206E
:1072A000F3E70E20F1E700BFC56B03002DE9F043C3
:1072B000036804460D4685B00121186810F09AF85D
:1072C00040B904F154000FF01EF9B0BB122005B014
:1072D000BDE8F08310220021684614F0D2F8212185
:1072E0002046FFF73BFF029048B34FF00108DFF85C
:1072F0005490009405F10C072B8A012B04D82046EA
:1073000002990EF036FF18E038460DF0B2FF6B46DA
:107310004A46014606468DF80C800EF0A4FF9DF803
:107320000C30002BE8D00298F9F77AF83246202189
:1073300020469DF80C300FF0F1F80020C7E711202F
:10734000C5E700BF0B6604002DE9F043036804465F
:107350000D4685B00121186810F04CF840B904F1D1
:1073600054000FF0D0F8B0BB122005B0BDE8F08398
:1073700010220021684614F084F80F212046FFF700
:10738000EDFE029048B34FF00108DFF854900094EE
:1073900005F10C072B8A012B04D8204602990EF028
:1073A000E8FE18E038460DF064FF6B464A46014699
:1073B00006468DF80C800EF056FF9DF80C30002B21
:1073C000E8D00298F9F72CF832460E2120469DF8B5
:1073D0000C300FF0A3F80020C7E71120C5E700BF6D
:1073E000AB650400F0B51D46036804460E4685B043
:1073F0000121186817460FF0FDFF38B904F1540059
:107400000FF081F848BB122005B0F0BD65B3102223
:107410000021684614F035F839462046FFF79EFEF5
:10742000029018B3BDF828302946ADF80430012386
:1074300028468DF80C300E4A6B4600940EF013FF70
:107440009DF80C305BB10298F8F7EAFF2A46314606
:1074500020469DF80C300FF061F80020D4E720465C
:1074600002990EF086FEF8E70120CDE71120CBE768
:10747000AB6504002DE9F0410E8A0446043EF6B2E5
:10748000022E08468CB001D0102E76D104210C308B
:107490000DF0DFFE0DF1040805884788011D324616
:1074A00040460EF023F9002869D085B377B3BD427A
:1074B0002DD8012160680FF09DFF064678BB42F68B
:1074C00002038DF8000069464046ADF802300EF028
:1074D000DFF820B342F60303404606A98DF8186092
:1074E000ADF81A300EF0D4F8C8B1012D03D14FF623
:1074F000FF739F4213D004F154000FF004F80028EA
:1075000014BF002012200CB0BDE8F0813D460123DD
:107510002A46082120460FF001F80020F3E7182240
:1075200000210DEB020013F0ACFF09212046FFF70C
:1075300015FE0890F8B101210C30CDE906480DF098
:107540004EFE0023099003700A2339468DF82C3033
:10755000284606AB0B4A0EF086FE9DF82C302BB168
:107560000898F8F75DFF9DF82C30D1E72046089980
:107570000EF0FFFDD1E71120C5E70420C3E70E2080
:10758000C1E700BF756E03002DE9F0430F460446C6
:10759000062187B007F10C000DF05BFE0588B0F8FE
:1075A00002808288D7F80C90C5B10023B8F1000F93
:1075B00013D0454512D88DF800308DF804304FF4C3
:1075C0002053684601A9ADF80220ADF806300EF050
:1075D0005FF8064660B10A2301E0454601232A46CA
:1075E000062120460EF09AFF002007B0BDE8F08388
:1075F0000146142201A83F7C13F043FF07212046D7
:10760000FFF7ACFD0290D8B10A2341468DF8153042
:10761000284601AB0B4ACDE9036901948DF814703B
:107620000EF021FE9DF815302BB10298F8F7F8FE08
:107630009DF81530D3E7204602990EF09AFDD3E766
:107640001120D2E7F96F03007FB5CB6804461D888F
:107650005E8885B176B1B5420DD81022002168460A
:1076600013F00FFF05212046FFF778FD019058B970
:10767000112007E0354601232A46042120460EF05A
:107680004DFF002004B070BD6B4631462846084AC5
:1076900000940EF0E8FD029B23B90198F8F7C0FEB4
:1076A0000A23E9E7204601990EF063FDE9E700BFF0
:1076B0007D6204002DE9F04182B000AF04468846A7
:1076C0000022002339463B4807F080FA0546B0B156
:1076D0006D4688B06A46384BC2E90534032342F848
:1076E000103F00234FF4C2513448F7F761FAAD461A
:1076F0006FF00B0630460837BD46BDE8F08113F049
:10770000F1FF2F4B3E681A582E4B29461A60301D48
:10771000282213F0B6FE34603C6800220023C4E93E
:107720000155C4E909552848391D7D6007F04EFA16
:10773000064688B123686C4688B06A462349C2E988
:107740000513032342F8103F4FF4C4512B461B4846
:10775000F7F72EFAA546CBE77B680146B02218461C
:1077600013F08FFE1A4A82605C3012F07BFB7B685C
:107770005433D3E8EF2FC3E8E16F0029F9D17B68D8
:107780001C60636A7D681BB904F10C0012F06AFB8F
:10779000626A05F1A803C5F8A820A26A636202B96B
:1077A000A36217227B685A855A830433C8F80030D5
:1077B000A0E700BF400E0020F91D050004C304002F
:1077C00008000000906701205C0E00201E1E0500CE
:1077D000E80A002008B5837A072B06D002210C4A5C
:1077E0000C480EF07CFC002008BD04210EF04BFC80
:1077F00010B9094A0121F3E700F15003D3E8AF3F84
:10780000DB0701D4054AF5E750F8040CECE700BFAC
:10781000F21B050004C30400431E05009F1C050065
:107820002DE9F14F0546F8F75BFD182202FB00F346
:107830003949C81851F803A00021D0E90246077958
:10784000B0F80680D0F8109013F01BFEA87AF8F775
:107850003FFD6969834651B16B7AD80705D4DBF8DF
:10786000243028461B689B68984700236B61294693
:10787000584612F00EFB002F41D0002C3FD0236859
:10788000002B3CD01B68002B39D0BAF1000F08D078
:1078900001215346214A224801B0BDE8F04F0DF0C6
:1078A00006BA201D0EF03BFF3846FFF795F8052875
:1078B00025D8DFE800F01C03241C240304F1540342
:1078C000D3E8AF3FDA0707D40121164A144801B0C4
:1078D000BDE8F04F0EF003BCA36D83B10023124A44
:1078E00004F1780001B0BDE8F04F07F021BE54F874
:1078F000543B1D68D4E8AF3FDB07E5D556B901B06E
:10790000BDE8F08F49462846B0470134A3B29845F8
:10791000F8D8F4E70024F9E7406601205E1E050070
:1079200004C304009F1C05001C4E0E00F8B50F4652
:107930001646FFF74FFFB0B1446A20461CB150F81D
:10794000A84904B1A83C731C194638B1428D458B37
:10795000AA4228BF2A469A4207D264B902210A4A9B
:107960000A480DF0A4F90020F8BD32463946BDE8BA
:10797000F840FFF79FB9D4F8A85005B1A83D2046BC
:107980000B462C46E2E700BF7D1E050004C3040041
:1079900007B50B460021024613F0A4FE01910F49E2
:1079A00009580F480068884204D00E48D0F8C80033
:1079B000884201D10022134601A90B4807F006F9BD
:1079C000014648B9019B1022184613F05AFD0346A0
:1079D000184603B05DF804FB0023F9E70800000037
:1079E00090670120D8560120780E002010B504467B
:1079F000806818B1F8F714FD0023A3602146BDE8A4
:107A00001040014812F03EB9780E00202DE9F347EE
:107A1000044678300E4617461D4612F035FBA06D21
:107A200058B918480221184A0EF059FB204600F0B8
:107A3000A1F8002002B0BDE8F087144B4FF0000819
:107A4000984205D12068C4F858800EF099FEF0E7FE
:107A5000D0F80490C0F80480A06DD0F80CA0FFF717
:107A6000C5FF2068C4F858800EF08AFEB9F1000FF7
:107A7000DFD02068CDF800A03B463246294600689A
:107A8000C847D6E704C30400981E05009467012088
:107A9000836DCA6853B106498B4207D0D378002B57
:107AA00008BF0E2300221146FFF7B0BF0E23F9E7EF
:107AB00094670120F7B550F8044C0546002C55D0CA
:107AC00000F1A40104F124000EF004FD2E1F05F1C5
:107AD000580700220023384607F042FA024658BBF6
:107AE0006B6D2BB101466FF067033046FFF78EFFD9
:107AF000002345F8043C05F15003D3E8EF1F21F0C3
:107B00000101C3E8E21F002AF7D1636A73BB04F1E5
:107B10000C0600220023304607F022FA78B9666886
:107B200086B921461248266012F0ACF8286803B0E6
:107B3000BDE8F04001F028BEF8F772FCC9E7F8F79D
:107B40006FFCE6E7A26833689642636008BFA360F3
:107B500077683FB1F3686FF06701009300232068F6
:107B60001A46B8473046FFF741FFD8E703B0F0BDEB
:107B7000400E002030B50546044655F8043B89B058
:107B800018680EF06CF96946FEF7E0FF2846FFF72B
:107B900091FF132160680EF0EAF8034620B101213D
:107BA000024A03480DF083F809B030BDAF1E05004E
:107BB00004C30400B0B588B0044654F8783D00AF63
:107BC00018680EF04CF93946FEF7C0FF6D4688B0D4
:107BD0006A460B4BC2E905374FF400739383094B98
:107BE00042F8103F00234FF4E2510748F6F7E0FF58
:107BF0002046AD46FFF7BEFF2037BD46B0BD00BFF3
:107C0000CD1E05000300000104C3040010B50C469E
:107C100018B311B3FFF7DEFDF8B1436ABBB153F8F7
:107C2000A82902B1A83A996D8C4209D07AB11346BD
:107C3000D2F8A820002AF6D0996DA83A8C42F6D145
:107C40002046064A9A65BDE81040FFF7CFBE0430D3
:107C500021460EF03FFC2046F5E710BD9467012059
:107C6000F8B51D460F461646F8F73AFB1823044CA4
:107C700003FB00400123C0E90376C3800575F8BD0E
:107C80004066012008B512F0DEFD38B1034601213F
:107C90000348044A0EF0CAFE6FF0040008BD00BF9E
:107CA00024C30400001F05002DE9F041054600260D
:107CB0000C4CDFF834802746621C6DB941461046F3
:107CC0000EF009FF28B90136142E04F11004F2D188
:107CD00000273846BDE8F081284621780EF09FF84D
:107CE000F0E700BF8469012007010500F8B50646EA
:107CF0000F460024094D15F8013CB34207D139461F
:107D000028460EF0E8FE10B105482044F8BD0C34BA
:107D1000F02C05F10C05EED10020F7E79D7B01204A
:107D20009C7B0120F8B506460B4F4C1C01F1C905A0
:107D30006EB12246304614F8011C0EF070F808B1FE
:107D4000601EF8BD0A34AC42F2D10020F9E7394692
:107D500020460EF0C0FEF2E7070105002DE9F041D4
:107D6000054600260C4CDFF834802746621C6DB9AE
:107D7000414610460EF0AFFE28B90136142E04F12C
:107D80001004F2D100273846BDE8F081284621785A
:107D90000EF045F8F0E700BFD06A012007010500AA
:107DA00038B50C4619466BB103F114055B698AB905
:107DB000E268A360954200D1E36000230D681A4693
:107DC0004B61A847A3685BB9601C0649BDE8384011
:107DD0000EF099BE1360E3689D4208BFE260ECE7D5
:107DE00038BD00BF070105002DE9F8431E46BDF868
:107DF000203081460F46D1F80C80002B45D1731EF0
:107E0000012B45D8012E4146157818BF1588FFF77C
:107E100089FF0446C0B915B93046BDE8F88341462C
:107E2000FFF780FF044638B91B4802211B4A0EF0B9
:107E300068FE6FF01000F0E709F1700101300EF0FC
:107E400062FE99F808302370D8F8D0308BB92581BC
:107E5000B8F8C830AB4203D0414638460EF0A2FE17
:107E6000002DD9D10E49601C0EF04DFE25702581E4
:107E7000D2E72A463946484698470028CDDB0138E4
:107E80000128E4D96FF00D00C7E76FF00600C4E7E2
:107E90006FF00C00C1E700BF24C30400161F0500EB
:107EA00007010500024608B5074901300EF02BFE18
:107EB00000230C3202F8043CD2E8EF1FC2E8E03F96
:107EC0000028F9D108BD00BF070105002DE9F041E8
:107ED00080460F4616461D46FFF708FF044680B948
:107EE0000F49FFF703FF044630B9BDE8F041012117
:107EF0000C4A0D480EF005BE394600F8018B0EF015
:107F000002FE228963891AB92BB92681658104E0B2
:107F1000964238BF26819D42F8D8BDE8F08100BF67
:107F200007010500301F050024C304002DE9F84FA8
:107F30001646294B826807469A4231D1C568B5F882
:107F4000C8306BB34FF00008DFF890B06C1C05F13F
:107F5000C90A06F17009B4F807309BB122463046D1
:107F600014F8011C0DF05BFFE8B9214614F8010C70
:107F7000FEF740F830B1837A072B08BF4FF00108B5
:107F8000FDF7F8FB0A345445E5D1B8F1000F07D1ED
:107F9000D5F8CC30A5F8C88013B14146384698478B
:107FA0000120BDE8F88F4946307A0DF0A0FC70B989
:107FB0005D4502D130460FF02FF8204608490EF0FB
:107FC000A2FD002304F8013CA4F80730DAE7494693
:107FD00020460EF098FDD5E7E97D0300280B002030
:107FE000070105002DE9F84306460D461948002112
:107FF00017469846DDF82490FFF7CAFC044660B1A6
:108000004560C7604A4630469DF82010FFF78EFC59
:10801000054638B92046FFF7E9FC6FF00B05284606
:10802000BDE8F883002201231146FFF719FE284618
:10803000A5603A464946C047054618B12046FFF7B5
:10804000D5FCECE7214630460EF072FC05460028D0
:10805000E5D0F3E71C4E0E0073B50C46054608212B
:1080600004F1100016460EF041FD122304223146A1
:10807000CDE9003228462246024BFFF7B3FF02B09B
:1080800070BD00BF6F7004002DE9F0411F46BDF8C0
:1080900018300646012B904634D83B44012B3D4610
:1080A00033DCFFF701FE044668B9FFF7FDFD044627
:1080B00048B90221184A19480EF023FD6FF0100547
:1080C0002846BDE8F08197B10023217A98F8002076
:1080D00021FA03F0C70703D522FA03F0C00717D52A
:1080E0000133032BF4D102F0070211432172601C0B
:1080F00006F170010EF007FD337A204623700EF072
:10810000CBFFDDE76FF00605DAE76FF00C05D7E788
:108110006FF01205D4E700BF4F1F050024C3040011
:1081200010B56FF0020104460E480EF0F3FC0D4846
:108130000EF0D9FCC20704D5002200230A4807F03C
:10814000F7F920460EF02AFC50B12046FFF7ACFDAF
:1081500030B1037ADB0703D5BDE810400EF09CBFB9
:1081600010BD00BF309B0020009B0020012110B5F6
:1081700014480EF0BBFCC30723D4022111480EF0B3
:10818000B5FC084007D11049104A0B88104CA24298
:1081900011D300B10B800F490F4811F067FF40F277
:1081A000391200230C48F9F73BFEBDE810400B499B
:1081B0000B4811F05BBF5068083203449BB20120AA
:1081C000E5E710BDC46A01208C7C0120E4C20400F4
:1081D000F4C204003D840300889A00208D870300C8
:1081E000009B002003462DE9F04148B1008A38B9D0
:1081F00001244FF0140C1149DFF844E0714501D31C
:10820000BDE8F081D1E90076BB4204D30CFB0672D5
:10821000143A93420ED93444A2B214460831EDE721
:108220000CFB0578434507D001356219B54292B27F
:10823000F6D1F2E70025F8E71046E1E7E4C20400D2
:10824000F4C204002DE9F74F99464FF6FF73BDF8CD
:1082500030500746002D08BF1D46244B90461B8812
:10826000009183423CD203B0BDE8F08F7368234491
:10827000BB4232D29CB208361D4B9E42F6D3F2E787
:108280004046895801930DF003FA019B90B10134E7
:108290000AF1010AA4B273685345ECD9009B9C42D1
:1082A000E1D8BC423168F2D30BFB0AF28B18B8F16B
:1082B000000FE5D1B9F1000F0BD1013D1846ADB269
:1082C00021460E9A0D9B9847002DCCD00028DED178
:1082D000C9E7DA689145DAD1EFE74FF0000ADAE74B
:1082E00001244FF0140B034EC6E700BF8C7C012025
:1082F000F4C20400E4C20400002110B5E4B0182266
:1083000005A8CDE90011CDE9021113F0BAF84FF438
:108310001053ADF8103080231022ADF812304FF416
:108320008063234C6946CDE906340DEB020062AB55
:1083300008F030FD034630B11E4A01211E480EF000
:1083400075FB64B010BD01464FF4AE720BA813F07C
:1083500098F8224662990BA812F072FA034608B107
:10836000164AEAE74FF6FF710120154A0BAB0EF0F3
:10837000F6FE1022134904AB0BA812F078FA04465B
:10838000629808F0B7FC14B123460F4AD5E721469E
:108390000C4B03F11002187812F8014D0131082935
:1083A00003F8014B1070F6D108480EF09FFBC8E7A8
:1083B0000002C0037B1F050024C30400A41F0500A6
:1083C000316A0400789A0020C21F0500309B00200B
:1083D0002DE9F04116490446A1F1300015461E462C
:1083E000BDF8187011F063FE12480EF07CFB010717
:1083F00001D4FFF781FF2046FFF756FC68B1037AEE
:10840000DA070AD500F10C0420460EF06CFBC30716
:1084100003D4022120460EF069FB10233A4606934E
:1084200031462846BDE8F041034B0EF00CBD00BFBD
:10843000B89A0020309B0020789A002008B50548A3
:108440000EF051FB030703D4BDE80840FFF754BF0B
:1084500008BD00BF309B0020002307B50193FFF744
:10846000C1FE411C89B20846034A01AB0EF077FEFB
:10847000019803B05DF804FBE16904002DE9F043C5
:1084800087B0837A8046072B0C46164602AF40F031
:10849000A58000233B7342F603032068FB8107F1AC
:1084A0000C010DF0F5F80546002834D1D4F80490FD
:1084B000B9F1000F05D101214B4A4C480EF021FBC8
:1084C0008CE001232146009007F10802C847031EF3
:1084D00011DA6E4688B002AAD36104234449C2E986
:1084E000051442F8103F4FF401512B463F48F6F770
:1084F0005FFBB54672E0012B05D001213D4A3B48A8
:108500000EF094FA6AE03B7A13F0300F66D0204602
:10851000FFF7A2FF0446002320683B7342F60213D4
:1085200007F10C01FB810DF0B3F818B12046FFF7FD
:1085300093FF0446002542F60219206839463D7033
:10854000A7F802900DF0A4F810BB002320683B733D
:1085500042F6021307F10C01FB810DF099F8054674
:1085600000283BD1D4F80490B9F1000FA3D0022326
:1085700000902146404607F10C02C847031EA8DBC5
:10858000022BBAD1BB891E4214BF0120002026E075
:1085900042F603032068391D3D71FB800DF078F829
:1085A0000028D2D04FF42053206807F108013D7213
:1085B0007B810DF06DF80028C7D042F601032068DA
:1085C00007F10C013D73FB810DF062F80028BCD06F
:1085D0002046FFF741FF04460028AED100201437A3
:1085E000BD46BDE8F08300BFD81F050024C30400CA
:1085F000EC1F0500122005002DE9F843894651685B
:108600000746B1F81280154618F094083BD10222B3
:10861000FFF734FF002839D000211E48AE8AFFF74B
:10862000B7F90236044660B11B4B32464360C56061
:108630001D213846FFF77AF9064638B92046FFF77C
:10864000D5F96FF00B052846BDE8F88301234246B3
:108650004146FFF705FBA98A06F10C0002310CF038
:10866000BEFD20F8029BAA8A296912F0E3FE21468A
:108670003846A6600EF05CF905460028E3D0204697
:10868000FFF7B4F9DFE74FF0FF35DCE76FF01505D2
:10869000D9E700BF1C4E0E00E769040030B5044660
:1086A0008BB037480EF01FFA42070D4661D514B162
:1086B000A37A072B60D168680590FFF793FD2A68BD
:1086C000ADF818003AB305A902912E490023019193
:1086D000012100914FF6FF710593FFF7B3FD059B54
:1086E0001BB96FF001000BB030BD6B60059B04A996
:1086F000186800238DF8103042F60303ADF81230ED
:108700000CF0C6FF70B90598C3689B799B0605D429
:108710006FF01500E7E70028E8D1E2E70EF0D8FC9B
:10872000ADF81800BDF818003CB1012301462A46F7
:108730002046AB75FFF760FFD5E76FF07F03079327
:108740000223ADF8203042F60213ADF8123005AB2B
:10875000AC7502930C4B4FF6FF710193012304AAF1
:108760000093234609958DF81040FFF76BFD07989D
:10877000B9E76FF00A00B6E76FF07F00B3E700BF1C
:10878000B8070020156A0400ED88030073B504469D
:1087900050F8083C00F130056FF00101A0F120060F
:1087A000284601930EF0B6F90D4B002044F81C3C0E
:1087B0000C4B314644F8183C01AB44F8103C042300
:1087C00024F8080C24F8060C24F80C3CFFF766FF8C
:1087D00018B9022128460EF089F902B070BD00BF19
:1087E0005CD10400218103002DE9F047364B156868
:1087F000826804469A4200AF62D1D0F80C8008F13A
:10880000010608F1C909B6F80730EBB1324628462F
:1088100016F8011C0DF003FBB0B14FF49572214620
:1088200028460EF0A7FC032812D1EA4688B06A4613
:10883000264BC2E9053442F8100F00234FF4C4510F
:108840002348F6F7B5F9D5460A364E45DBD137E071
:10885000414620460EF0A6F91E4B984530D1287AA5
:1088600005F17001FFF742FA044648B303890BB9DA
:1088700043892BB32846FDF70DF92389164A22F8C0
:108880002030618902EB8003598018231349144C6E
:1088900003FB001300B202EB80021A61042200EB1A
:1088A00040005C600F4C01EBC00128469C609A823E
:1088B000FFF7F4FE20B101210B4A05480EF021F923
:1088C0000120BD46BDE8F087E97D03002B200500AF
:1088D00024C30400280B00204C7B0120A467012046
:1088E0005CD10400A17004003F2005002DE9F04791
:1088F000404B1446826880469A4239D1D0F80C9099
:108900003D4B99451CD100263C4D3D4F39462846EC
:108910000EF0E1F878B90722294615F8010CFDF7A9
:10892000F1FB40BB236929461A6915F8010C5388ED
:108930001288FFF7CBFA0136142E05F10C05E5D1AC
:1089400009F1010709F1C90AB7F80720A3899A427A
:108950000BD1394617F8010CFDF74CFB054620B149
:10896000837A072B0AD0FCF705FF0A37BA45EBD10B
:108970000120BDE8F087FCF7FDFEDCE7D9F8D43034
:1089800023B14146984708B92846ECE7B8F81230B9
:1089900013F09406F8D1A389022B15D1B7F807304C
:1089A00013F0020604D12846FCF7E4FEA660DCE7DB
:1089B00028462269A188FFF71FFE064688B922696A
:1089C000937D01339375EEE7012BECD1B7F80730B7
:1089D00013F00106E7D028462269A1880EF0E8FBD3
:1089E00006462846FCF7C6FE002EA660BDDA00202B
:1089F000BFE700BFE97D0300280B00209D7B01201D
:108A00000701050070B5837A0546072B0C4686B032
:108A100040F0A1800B7C062B10D8DFE803F00404A3
:108A20005A5A629528000B68CBB11B784BB1022BC8
:108A300013D00121494A4A480DF0F8FF6FF01500A4
:108A400009E0082301930623224600934549464B3B
:108A50002846FFF7C7FA06B070BD1623F2E71023C9
:108A600004212246CDE90031404B4149F0E7086836
:108A70000028E3D00678002EE0D14FF4245302A959
:108A80008DF80860ADF80A300CF002FE08B342F62B
:108A90000213206803A98DF80C60ADF80E300CF0BD
:108AA000F7FDB0B142F60313206804A98DF81060F9
:108AB000ADF812300CF0ECFD58B142F6041320680A
:108AC00005A98DF81460ADF816300CF0E1FD002812
:108AD000B4D1082304222749CDE900322246264B8F
:108AE000B6E7086880B300264FF4205302A98DF83A
:108AF0000860ADF80A300CF0CBFD00289ED042F69D
:108B00000103206803A98DF80C60ADF80E300CF05D
:108B1000BFFD002892D042F60203206804A98DF818
:108B20001060ADF812300CF0B3FD002886D042F68C
:108B30000303206805A98DF81460ADF816300CF019
:108B4000A7FD00283FF47AAF04232246CDE9003385
:108B50000A490B4B7CE76FF07F007CE75C20050047
:108B600024C3040057720400616F0400716C040098
:108B7000858B0300AD8C0300A16C040005910300FC
:108B8000096C04002DE9F0478EB0074616461C46D6
:108B9000169D31B12A4600216B680EB0BDE8F04742
:108BA000184763B902213E4A3E480DF0AAFF2A4603
:108BB000002138466B6898470EB0BDE8F0871378FF
:108BC000062B08D0142B05D00121374A35480DF06B
:108BD0002DFFECE702214FF00008C246013C8DF862
:108BE0001010A4B206F101093378A3420CD9002C6D
:108BF000DDD1B8F1000FDAD02A46414638460EB032
:108C0000BDE8F0470EF009BB1422002109A812F0BC
:108C100038FCB9F8002093B2002BC8D0B9F8021084
:108C20001FFA81F8B8F1000FC1D04345BFD89DF8B5
:108C3000103013B3022B25D02B7CADF80C10002B79
:108C400042F6010308BF4FF42053ADF8063004ABE1
:108C5000029301AB099302ABADF834200C932A4682
:108C600038466B688DF804A009A998470028A3D05E
:108C70003378E41AA4B29944B6E7B9F80430ADF8F1
:108C80001230D9E709F104030DF1110009F1140CB8
:108C900053F804EB634540F804EBF9D1CCE700BF8F
:108CA0007120050024C304007B2005002DE9F04F4E
:108CB00091B0174681461C460A461A9E31B132468B
:108CC0000021736811B0BDE8F04F1847317C0229CC
:108CD00040F084804BB9A34AA3480DF012FF3246FE
:108CE00000214846736898475CE03B78062B08D023
:108CF000082B05D001219D4A9B480DF097FEEEE719
:108D00001146002542F6020A013C8DF81810A4B263
:108D100007F1010B3B78A3420BD9002CDFD1002DCA
:108D2000DDD032462946484611B0BDE8F04F0EF07E
:108D300074BABBF800801FFA88F5002DCFD0BBF8BD
:108D400002009DF81820ADF81400BBF80410ADF82F
:108D5000161062B1022A15D0316831B306A80CF0A2
:108D600097FC10B33B78E41AA4B29B44D2E706AA5E
:108D700004929BF806209BF8071042EA0122ADF806
:108D80001A20E9E70A237081B181A6F808804846D5
:108D9000019200933246764B7649FFF723F985B26C
:108DA000002DBED111B0BDE8F08F4FF000031022AE
:108DB00000210CA88DF80C30ADF80EA012F061FB6C
:108DC00003AA0B9204AA0E92484632467368ADF885
:108DD0003C800BA998470028C4D1E3E7032967D159
:108DE00013B902215F4A77E73B78072B02D0152B96
:108DF00080D102220025013C8DF81820A4B207F191
:108E000001080DF1180A3B78A34286D8B8F800B0E3
:108E10001FFA8BF5002D3FF462AF9DF8183063B157
:108E2000022B13D03168F1B150460CF031FCD0B1B7
:108E30003B78E41AA4B29844E5E798F8053098F82E
:108E4000062043EA0223ADF81A30EBE708F10503E8
:108E50000DF1190208F1150153F8040B8B4242F889
:108E6000040BF9D1DEE798F80230B8F803208DF84A
:108E700016304FF000038DF80C3042F6030300214A
:108E8000ADF814200CA81022ADF80E30CDF810A0CB
:108E900012F0F7FA03AB0B9304AB0E93324648463D
:108EA0007368ADF83CB00BA998470028C0D179E7AA
:108EB00033681D7835B95B884CB92A4A02212A48A3
:108EC0000DF01FFE3246002148467368FAE6B846A8
:108ED000013C18F8012BA4B2A24200F2E980012C57
:108EE00001D8254AEAE7B7F80150002DEAD0A3F5EA
:108EF0002453042BE6D801A252F823F05D8F03001F
:108F0000C58E0300CD8F030023900300A9900300BA
:108F1000B8F8023010220021D6F800A00CA8ADF855
:108F2000183012F0AEFA06AB0E933246484673681C
:108F3000CDF82CA0ADF83C500BA9984700283FF481
:108F400031AF3B78E41AA4B2A342984400F2B08057
:108F5000012CC6D9B8F80050002DB3D0032CD7D8B7
:108F6000064AABE77120050024C304007B200500FE
:108F7000F56B0400CD9003008F2005009D200500B7
:108F8000B8F8023010220021D6F800A00CA8ADF8E5
:108F9000183012F076FA06AB0E93324648467368E4
:108FA000CDF82CA0ADF83C500BA9984700283FF411
:108FB000F9AE3B78E41AA4B2A342984478D8012CC5
:108FC0008FD9B8F80050002D3FF47CAF032CD7D8D0
:108FD0003B4A73E7B8F8023010220021D6F800A00F
:108FE0000CA8ADF8183012F04CFA06AB0E933246CE
:108FF00048467368CDF82CA0ADF83C500BA99847B3
:1090000000283FF4CFAE3B78E41AA4B2A3429844C0
:109010004ED8012C7FF665AFB8F80050002D3FF414
:1090200051AF032CD6D8274A48E798F802300021E0
:109030008DF8183098F80330D6F800A08DF8193064
:1090400098F8052098F804300CA843EA0223ADF8FC
:109050001A3098F806308DF81C3098F8082098F8E7
:10906000073043EA02231022ADF81E3012F009FA4D
:1090700006AB0E93324648467368CDF82CA0ADF887
:109080003C500BA9984700283FF48CAE3B78E41A7B
:10909000A4B2A34298440BD8012C7FF622AFB8F8B3
:1090A0000050002D3FF40EAF082CBED8064A05E74D
:1090B000002C7FF407AF002D3FF404AF31E600BF72
:1090C000AB200500B9200500C720050070B5102BA6
:1090D00005461146049C0BD00121084A08480DF0B2
:1090E000A5FC2246284663680021BDE87040184769
:1090F0002246BDE870400EF0FBB800BF7B200500A3
:1091000024C304002DE9F04F8FB00746189D184680
:1091100029B953B90221544A54480DF0F2FC2A46A9
:10912000002138466B6898479BE01378012B07D0E5
:10913000022B20D001214E4A4C480DF077FCEEE77F
:109140000B464FF00409013880B248458DF81030C5
:10915000E5D34FF00008B0FBF9FBC246541CCDF834
:10916000008004AEBBF1000F08D12A4638460099B2
:109170000EF053F875E04FF01209E4E723880193ED
:10918000BDF804300093B8F1000F53D19DF81030B2
:10919000002B37D0022B3CD02968002945D12B7CED
:1091A000042B4DD14FF42053304602A98DF808A06E
:1091B000ADF80A300CF06CFA00283BD042F60103FF
:1091C000304603A98DF80CA0ADF80E300CF060FA13
:1091D00080B342F60203304609A98DF824A0ADF809
:1091E00026300CF055FA28B342F60303304609A99D
:1091F0008DF824A0ADF826300CF04AFA00BB4FF0F1
:10920000010819E0A378E27843EA0223ADF81230AE
:10921000C2E7A31C0DF1110204F1120153F8040B73
:109220008B4242F8040BF9D1B6E730460CF030FA25
:109230000028B4D04FF000080BF1FF3B4C4491E7FD
:10924000102200210AA812F01CF9BDF804302A46A9
:10925000ADF8343038466B68099609A9984700285C
:10926000EAD10FB0BDE8F08F7120050024C30400DF
:10927000D520050007B5837A0A46072B2CD14B6809
:109280003BB908234FF0040ECDE9003E144B1549BD
:1092900009E0012B11D0097B5B00019341B1202330
:1092A00011490093114BFEF79DFE03B05DF804FBDE
:1092B0000E230F4900930F4BF5E74B8933B10C2375
:1092C0004FF0040CCDE9003C0B4BE0E70A230221F0
:1092D000CDE90031094BDAE76FF07F00E5E700BF29
:1092E000AD6F040001930300C56D0400056D04001B
:1092F000856D0400DD6C0400356C0400216C0400F5
:109300002DE9F04F83B002AF804691461D460E46D0
:10931000BC6A41B96BB92568002322460093F1B2BB
:109320004046A8472EE0B1F5807F28BF0E2625686D
:10933000F2E76368002B6ED1013D2689B4F80AB0CC
:10934000ADB202F1010A002D4CD099F80030AB42C9
:1093500028BF2B46012B0AD802213D4A3D480DF07B
:1093600065FB00230093224604212568D8E7BAF85C
:109370000020023B91B29BB241B90121364A3548E7
:109380000DF0BFFB0437BD46BDE8F08F8E4201D81B
:109390008B4517D26D468AB002AA304BC2E9076BE3
:1093A000C2E90531052342F8103F00234FF4225152
:1093B0002848F5F7FDFBAD460023009325682246BB
:1093C0000E21ADE722810093224600214046D4F8C9
:1093D00000C00AF10203E0470028D3D099F800301A
:1093E000AB4206D921464046FFF744FF0028C9DAC0
:1093F000E2E7238962899A4205D100230093256818
:10940000224619468CE70133238199F80030ED1A82
:10941000ADB29A4497E700951346D4F800C02246AF
:10942000E0470028AED0238A013B9D4203DA009634
:1094300033462568E4E7638921461D44404665813B
:10944000FFF718FF00289DDA009633462568B6E737
:10945000E720050024C304001F2105002E2105007C
:1094600073B5837A0546072B0C4603D06FF07F0057
:1094700002B070BDCB888E89B3B128460DF0CEF90D
:109480000028F3D0A289431F9BB2934228BF134602
:1094900004339BB2019316232246009309490A4BD9
:1094A0002846FEF79FFDE3E70DF0B8F902360138D4
:1094B000B042E2D31223224600930449044B0196A2
:1094C000EEE700BF6F730400456D04001D6A0400E1
:1094D000096D0400032A2DE9F743064689461C4618
:1094E0000CD80221234A24480DF00BFB22460E2102
:1094F0003046236803B0BDE8F04318479F89151F25
:10950000BD4213D91D4A01211B480DF0FAFA182358
:109510000121CDE900311A4B224630461949FEF7A8
:1095200061FD0028E2D103B0BDE8F083D3F80880E4
:109530002A464046043111F0B0FFE388B9F8022012
:109540009A4200D108B1104ADDE77B1B12FA85F27E
:1095500008EB05009BB2E280A060A3812BB9182321
:109560000122CDE90032094BD6E721463046FFF70C
:1095700077FFD6E77120050024C30400952105007C
:109580004D6C04001D6A0400B72105005F6C0400E7
:10959000F8B5837A0646072B0C464FD1FEF7DEFB63
:1095A000054600284DD08368002B4AD0002217467C
:1095B000143B9C4208D018892189884208BF0127A2
:1095C0005B691BB1143BF4E70122F9E7002A38D0AC
:1095D00004F110000DF087FA430703D52146304609
:1095E0000DF0D8FEA7B104F1140105F108000DF04B
:1095F000F8FCAB683BB1002321461A46304625688B
:10960000A8470020F8BD1049681C0DF07CFAF2E76D
:10961000214630460D4AA781FEF71EFD0028F1D1F4
:1096200004F1140105F108000DF0DBFCAB68002B20
:10963000E7D10549681C0DF066FAE2E76FF07F009C
:10964000E0E76FF01500DDE7070105002B6B040074
:109650002DE9F8438C6880461646994634B3256850
:1096600005B1143D34F80C3CB3421CD1143C07E066
:109670002C466D692389DDB1B342A5F11405F7D1FC
:109680004A46214640462768BDF82030B84750B9C1
:1096900021464046FFF77CFF034620B10221064ADF
:1096A00006480DF0C3F92C46002DE2D1BDE8F88341
:1096B000B342E5D0FAE700BFED21050024C3040062
:1096C000F0B587B007460E461546FEF747FB044641
:1096D000C8B12A46314603A80BF070FDBDF8103022
:1096E000042B10D9042103A80BF0B3FDBDF8101012
:1096F00046880288B14208D201213346084A094807
:1097000000950BF0DEFA07B0F0BD2146031D009670
:109710003846FFF79DFF314603A80BF09AFDDDE7C1
:109720000C22050024C3040007B5009001206B46FD
:109730004FF6FF71034A8DF804000DF010FD03B0E1
:109740005DF804FBE9870300F8B50E4B05461B687E
:109750000E461746A3B11C6804B1043C53F8043C00
:109760001BB13A463146284698474CB123466468B7
:109770001B681CB1043C002BF3D1F7E7002BF0D1A0
:10978000F8BD00BFC86A01202DE9F84F0446034622
:109790004FF6FF7101202D4A0DF0E1FC2046FEF747
:1097A000DDFA064638B92046FEF77EFA054600285F
:1097B00039D1BDE8F88F8568002DF4D055F81479BB
:1097C00007B1143F4FF0000804F17009C24601E0F0
:1097D0003D461F4605F1100B6FF0080158460DF08D
:1097E00099F94946207A0CF082F870B92B46424626
:1097F00031462046A5F80CA0FEF7D2FA002FD2D0B1
:109800007B69002BE4D0143BE2E758460DF06BF97E
:10981000C307EBD473781BB14946701C0DF073F984
:1098200005F11408EAE704F170063146207A0CF0DD
:109830005EF820B92846BDE8F84FFEF733BB314645
:10984000681CBDE8F84F0DF05EB900BF2D7F030026
:10985000034B42689A4204BFC3681982704700BF35
:109860000193030080B500AF88B06A46074BC2E998
:109870000530032342F8103F00234FF4C25104483F
:10988000F5F796F96FF00B00BD4680BD2D2205005F
:109890005CC3040070B400235026094D06FB03F29C
:1098A0005419AA582AB10133142BF7D170BCFFF711
:1098B000D9BF044B104663600C6070BC704700BF9A
:1098C000106C012038D2040010B5094C0A449142B2
:1098D00000D110BD11F8013B58400309E35C0001C1
:1098E000C0B243401809205C1B01DBB25840EEE7D0
:1098F000592205000122024BC3F80424704700BF1F
:10990000002008E0084B70B5C31A0D4607499B10AC
:1099100004465943402206480DF0F2FD2B4601460D
:109920002046BDE87040184764720120B76DDBB671
:10993000F0B70400402373B50B4C0093041B0B4697
:109940000D460A49A41061430646094A09480DF02C
:1099500002FE011E05DA30462B4602B0BDE870401B
:10996000184702B070BD00BF64720120B76DDBB64E
:10997000BF750400F0B70400F8B5002201210546C8
:1099800040F20510F6F746F90F4802F00BFD0446C9
:10999000B8B90EF018FD2F690C4938460AF0F2FDEF
:1099A000031E09DB01263E642D69084905F11C00F0
:1099B0000AF0E8FD031E02DA1C462046F8BDEE64FC
:1099C000FBE76FF00404F8E7DF75040060D20400E1
:1099D0007FB500220123CDE9022304ABCDE9043396
:1099E000094A6B46CDF800D0CDF804D00DF0E0FD6B
:1099F000002805DB43F609520023684605F01CFBEE
:109A000007B05DF804FB00BFD175040010B5EFF39B
:109A10001184402383F31288BFF36F8F074A1368C2
:109A200023F00201DB07116002D401200EF0C5FC17
:109A300084F31188BFF36F8F10BD00BFB472012093
:109A40000C22104B014602FB0033002030B4D3E956
:109A50000E529863EFF31180402484F31288BFF311
:109A60006F8F1C6C04F0C00444F002041C6480F38B
:109A70001188BFF36F8F1DB12B4630BC02481847C9
:109A800030BC704764720120F0B7040010B4EFF3EB
:109A90001182402383F31288BFF36F8F1648016849
:109AA00041F002040460C80707D482F31188BFF3B1
:109AB0006F8F012010BC02F065BC1049D1F80C1466
:109AC000C903F2D5EFF3118083F31288BFF36F8FD0
:109AD0000B490B6C03F0C00343F002030B6480F3EB
:109AE0001188BFF36F8F82F31188BFF36F8F00204F
:109AF00010BCFFF7A5BF00BFB472012000E01050FA
:109B000064720120C3B21C20014A03FB002070478D
:109B100064720120F8B5012206462349D1E8EF3FDF
:109B2000C1E8E02F0028F9D133B9204920484B6023
:109B3000CB608A600AF039FD731E012B1BD810F030
:109B4000E6FA0446C0B91B4B1B78ABB104220546AC
:109B5000194BC3F80823184FD7F84C24D7F84C34C6
:109B6000D20312D59B0701D0012E0ED1BCB185F3D3
:109B70001188BFF36F8FF8BDEFF31185402383F396
:109B80001288BFF36F8F0124E5E71CB128460BF064
:109B90007BFAE1E70021202006F00CF8DCE7042244
:109BA000054BC3F80423E6E76072012050720120E0
:109BB000807201207F84012000E0105002488368F9
:109BC0005B6A03B11847704790B804000146024829
:109BD00083685B68184700BF90B8040008B5074861
:109BE00010F007F838B10648F6F7F0FA0448F3F732
:109BF0008FFF002008BD6FF01200FBE790B8040053
:109C00000F76040038B50D4604460820FFF7DEFF46
:109C10003DB92020FFF7DAFFBDE838400820FFF704
:109C2000D5BF0A480AF0D9F92544EDB2607804F8A6
:109C3000010BFFF7CBFFE3B2AB42F7D12020FFF7D8
:109C4000C5FFBDE8384002480AF0C7B9A7220500A1
:109C5000AB2205002DE9F74F9B4F9C4ED7F80880AB
:109C6000D8F83C30BBB138469847002813DDD8F807
:109C7000383083B13846984700280CDDD8F82C30AE
:109C80004BB138469847002805DBE9D0D8F81030AA
:109C900023B9FFF793FF03B0BDE8F08F01223846E8
:109CA0000DF1070198470028F3DB33685BB3884C5C
:109CB000D4E8AF3F13F0020F234600F0C0809DF8B8
:109CC0000750D6F80090D3E8EF2F22F00401C3E844
:109CD000E01F0028F7D1510729D5A5F1300BBBF1C2
:109CE000090FDFF8F0A118D90123CAF80030482D78
:109CF0004DD8422D4DD9433D052D4AD8DFE805F01A
:109D0000645349824973744B18680022002305F09C
:109D100027F930600028CAD1BDE7082120460DF0A0
:109D20006BFC00226D4BCAF800B01A6098E7D4E8CB
:109D3000AF3F1A07DBD5A5F13003092B0DD8D4E8C6
:109D4000AF3F0A2113F0100F14BF644A614A136831
:109D500001FB0353303B136082E73B2D10D0D4E866
:109D6000EF3F23F00803C4E8E23F002AF7D1D4E82C
:109D7000EF3F23F01003C4E8E23F002AB7D0F6E734
:109D8000102120460DF038FCC306E8D468E77E2D8C
:109D900041D0D4E8EF3F23F00203C4E8E23F002AB9
:109DA0003FF45EAFF5E74E484A4A037811688B42AC
:109DB000EFD34C4D5B1A2A78037052FA81F24A486D
:109DC0002A700AF00AF9E4E74648424B027819681B
:109DD0008A42DED3CBB2D21A0270414A10780344D1
:109DE00013704248EDE73E4D29780029D1D03E4816
:109DF0000AF0F3F83B4A137829780B4413700023D8
:109E00002B70C6E7374D29780029C2D037480AF0B1
:109E1000E4F8334AEFE7334D2B78002BB9D001211A
:109E200032480AF0DAF82E4A2978107809F1050943
:109E30000139C9B248442970FFF7E4FEA9E7D4E824
:109E4000EF3F23F00102C4E8E12F0029F7D113F01E
:109E5000010F9DF807500BD05B2D7FF401AF02215D
:109E600020460DF0C9FB042120460DF0C5FBF7E6A6
:109E7000A5F120035E2B6DD90D2D09D8072D18D91A
:109E8000083D052D15D8DFE805F0075435141439C1
:109E90001B2D13D07F2D0CD1114A13784BB1013BF0
:109EA000DBB2137030680F4A053311781844FFF79E
:109EB000A9FE9DF807200E4B1A70D1E6012120461D
:109EC0000DF09AFBF5E700BF90B80400B8720120CE
:109ED000C4720120C0720120D0720120BC72012026
:109EE0002A7F0120297F0120AF220500B52205002D
:109EF000287F0120304B1B780D2BDAD00024DFF8AF
:109F0000BC902F4D99F8001033682A780B44134405
:109F10005C710D20FFF75AFE0A20FFF757FE294B10
:109F20003168186889F800402C700FF0A7FF346082
:109F3000BFE7254B1B68002BBBD0214A1278002AB3
:109F4000B7D11E4C306821780530984723781844E3
:109F50002070AEE71A4A194B147893F800B004EB5E
:109F60000B027E2AA5DCD6F800A00BF101022846E0
:109F70001A70FFF72BFE0AEB0B030CB95D7198E723
:109F800093F8059011485D710AF027F80BF1060B64
:109F9000013CDA44E4B24846FFF718FE4B46013C68
:109FA000E4B2FF2C9AF800900AF8013BF3D108487C
:109FB0000AF013F87DE700BF287F01202A7F0120E7
:109FC000297F0120CC720120C8720120A722050040
:109FD000AB220500164B73B51860164B1960164B73
:109FE0001A60FFF7EBFD154DAC68A3690BB128466D
:109FF0009847236C1BB100221149104898470F4E17
:10A00000E36A23B9AB681B6A73B902B070BD30460E
:10A0100098470028F6DD2369002BF1D00122304655
:10A020000DF107019847EBE704489847EDE700BFBB
:10A03000D0720120CC720120C872012090B80400B7
:10A04000559C030070B50446064E4518AC4201D13C
:10A05000002070BD14F8011BB36802485B68984784
:10A06000F4E700BFB0B80400014601480FF00ABE93
:10A07000940E00202DE9F0473D4D8AB03D4CA76875
:10A0800002E02046984748B9FB6B002B63D1A668D5
:10A09000B36B002B66D1F36A002BF2D1336913B98D
:10A0A0006FF0570606E02022324802A9984706467C
:10A0B0000028E9D04FF000092F4C02AFB145DDDA9E
:10A0C0002B7817F8018B7BB9D4F800A0BAF1000FF8
:10A0D0000AD100220023294801A904F077FD08BB1A
:10A0E000019BC3F88400236095F800A02068BAF1B2
:10A0F000000F0FD1D0F884307F2B1DD90221204AC8
:10A1000020480AF0CBFD2068FFF7AEFF0123C4F81A
:10A1100000A02B70B8F10A0F01D100232B7009F1B8
:10A120000109CBE7C4F800A00221174A15480AF03C
:10A13000B5FD01232B70D7E75A1CB8F10A0F034471
:10A14000C0F8842083F80480E9D1104BC4F800A043
:10A150001B689847E3E720469847002897D10AB044
:10A16000BDE8F08720469847002894D1F7E700BF64
:10A170002B7F0120B0B80400D4720120940E00207F
:10A18000E222050054C40400BB220500D87201205D
:10A19000014AF7F7F1BB00BF45A003000F4B70B5B4
:10A1A00018600F4C20460FF024FDB0B1A3685B6A25
:10A1B0000BB120469847A568AB690BB10848984792
:10A1C0002B6C1BB10022074905489847A3681B6AFE
:10A1D0001BB1BDE870400248184770BDD87201201D
:10A1E000B0B8040075A003000023024A0020C1E9B2
:10A1F00000237047005016000048704784D20400C6
:10A20000024B0B6001231360704700BF8CD2040027
:10A2100008B50122054811460FF049FE02F00CF97D
:10A22000034B044A0020C3F80C2508BDDC72012052
:10A2300000B004508000008038B542F201030F4D99
:10A240001446C5F80035A1B111F0F4F8BFF35F8FE3
:10A25000D5F81834DB0706D4C4F308041CB1012375
:10A26000AB60BFF35F8F4FF40052044BC3F800257F
:10A2700038BDFF2111F005F9E8E700BF00B0045038
:10A28000F0B51D4B054698420F46144687B030D8AE
:10A29000C0F5B21303F580539A422AD8FAB14FF0B1
:10A2A000FF324FF0FF33154804F0C6FE0EF08EF873
:10A2B0000646B8B101238DF81430114B4FF4FA5013
:10A2C000009302AB04940193CDE9027502F0BCF84F
:10A2D000684602F0BFF80446084804F073FE2046C2
:10A2E00007B0F0BD224639462846FFF7A5FF3446A1
:10A2F000F2E76FF01504F2E7FF4F1600DC72012061
:10A300000D77040010461A46084B10B5994209D83B
:10A31000C1F5B21404F58054A24203D811F08AF8B2
:10A32000002010BD6FF01500FBE700BFFF4F1600C7
:10A33000004870472CD304002DE9F34743680F1EF3
:10A3400005461646D3F820907DDBBB184B457AD8DE
:10A3500047EA0204C4F30B04002C74D100690DF029
:10A360004AFA214628460DF09CFA4FF0FF3A04467F
:10A37000002E45D1012128460DF093FA002C08BF8C
:10A38000044628690DF035FA204602B0BDE8F08792
:10A3900080462E4B5A7882B10AFA02F137EA01015F
:10A3A0000BD101219140B14207D8B8F1000F1ED066
:10A3B00098F80110914238BF98460134042C03F1FB
:10A3C0000203E7D1B8F1000F13D00023812298F8DF
:10A3D00000102846CDE900333B460DF012FA012368
:10A3E00098F80120044693401F44F61A21E098464D
:10A3F000E3E76FF01504012128460DF052FAC0E79B
:10A40000002CF8D12346CDE90044802206212846BD
:10A410000DF0F7F904460028EDD1B145B8D1034657
:10A42000CDE900008022C72128460DF0EAF9002678
:10A430000446002CDFD140F21B62002328460DF0B9
:10A440007FFA044694E76FF015049DE7F4240500B5
:10A450002DE9F04385B0044602AF00694FF0FF32AA
:10A4600001210FF024FD636893F84A20560618D5A1
:10A47000586B0FF0BEFB58B9A74A0121A7480AF054
:10A480000DFC6FF0120528460C37BD46BDE8F08381
:10A4900060684FF4D01134300DF071F908B1A04A62
:10A4A000EBE7636893F94A20002A0EDAD86B0FF0C5
:10A4B000A0FB08B99B4AE0E760684FF4B0113C305C
:10A4C0000DF05DF908B1984AD7E7666830680FF07B
:10A4D00090FB0028D5D0F068A0B996F84A30DD0688
:10A4E00015D420690DF087F920460DF0CFFA031E30
:10A4F0002CDA01218D4A89480AF0D9FB20690DF038
:10A5000078F9BEE70FF075FB0028E6D1B9E7B0692E
:10A5100006F118050FF06DFB08B9854AADE74FF459
:10A52000D01128460DF02BF9014608B1814AA4E765
:10A5300028460DF03EF905460028D2D0002D80F2C5
:10A540001A8115F1860F00F016819CE720460DF068
:10A55000E6F9051E28DDE8071BD420690DF049F94E
:10A5600020690DF048F94FF00309002307F10408B2
:10A570001A469F212046CDF80490CDF800800DF0BA
:10A5800040F9054620690DF034F9CDB16A4A2B46F1
:10A5900011E00221694A61480AF080FB0022002391
:10A5A00020460DF0CDF9054620690DF022F9002D69
:10A5B000D6DA2B46624A012158480AF078FB60E758
:10A5C00040464A4606F12C0110F067FF804618B35A
:10A5D0006C468CB097F8048097F805E097F806C0B1
:10A5E00096F82C0096F82D1096F82E3002AAD36219
:10A5F0000823544EC2E907ECC2E90568C2E9090123
:10A6000042F8103F44F240012B464448F4F7D0FA98
:10A610006FF01505A54636E796F830309BB32069F4
:10A620000DF0E9F820460DF07AF9051E26DD96F8C2
:10A630003030802225EA0305FD704346062120467E
:10A64000CDE900880DF0DDF8054628B120690DF050
:10A65000D0F83D4A2B46AEE70121FB1C0093802237
:10A660000346019120460DF0CCF805460028EDD1B7
:10A670000022002320460DF063F9054620690DF005
:10A68000B8F8002DE5D196F82F506B1EDBB2FD2BEC
:10A690001DD815F00B0F3CD020690DF0ACF815F06B
:10A6A00008031ED001238022FA700193FB1C009343
:10A6B0001721002320460DF0A4F8054620691DBB94
:10A6C000037F43F00103037720690DF092F82069BE
:10A6D0000DF091F8636893F84A309A0738D42069EE
:10A6E00047E0A90705D400238022B721CDE9003334
:10A6F000E0E7802206212046CDE900330DF081F805
:10A7000005460028EFD020690DF073F80F4A2B465C
:10A7100051E76FF08505F9E73E23050044C40400C6
:10A720005A2305008123050094230500E523050035
:10A73000B4230500C823050043240500FD230500BC
:10A740001A2405005C2405009A240500AF240500A6
:10A7500000238022B9212046CDE900330DF051F8C5
:10A76000054620BB6368266993F84A309B070FD4DF
:10A7700030460DF03EF820690DF03DF820460DF012
:10A7800085F9054620690DF034F805EAE5757AE6A5
:10A790000FF00CFE4FF47A75A0FB050C47F6122261
:10A7A000002305FB01C1E9F775FAB06197E720695D
:10A7B0000DF01FF8C2E600BF2DE9F04340F2063568
:10A7C0004768D00648BF4FF0030C3B7C02EA050502
:10A7D00058BFC2F3401C87B001F01F06B5F5837F58
:10A7E000144646EA43168DF803C046D00DD8062D10
:10A7F00045D005D8A5B1022D12D06FF0150039E073
:10A80000B5F5807FF9D101250AE040F20222954298
:10A8100037D0B5F5407F36D0B5F5007FEDD10425B2
:10A820000123220303FA01F12FD57B685960B86830
:10A8300080BB5F2E06F01F034FEA561173D83C4AC7
:10A8400052F8212084F4803102EB8302D2F8803068
:10A85000C1F30041C4F3404423F4706344EA41046B
:10A8600023F00F031C4344EA8C0444EA0524C2F895
:10A870008040002007B0BDE8F0830925D0E7082517
:10A88000CEE70625CCE70525CAE7630344BF7B680E
:10A890009960CCE731460DF102020EF09CF814F4F9
:10A8A000403F80460CD13146B8680EF0ADF8B8F1A3
:10A8B000000FDED19DF80210B86802F043F9D8E726
:10A8C0004FF0000901ABCDE90199CDE90439CDF88C
:10A8D0000C903146B86803AA0DF0C1FF4845C8DBAB
:10A8E00014F4003314D09DF8033084F48034C4F39E
:10A8F00000448DF80E308DF80C508DF80D404B460D
:10A900003146B86803AA02F06BF80028CFDAB0E746
:10A91000CDE904330DF1030303933146B86803AA6C
:10A920000DF09DFFF1E7203350F82330FFDE00BF2C
:10A9300034D304004209022A034670B503D0012A29
:10A9400018D0CAB170BD0E4E326951680029F9D0D5
:10A95000012503F01F030C689D400029F2D08A688E
:10A960002A4002D030464B6898473CB123682146C4
:10A970001C46F2E7034EE7E7034EE5E72346F6E71A
:10A9800050B8040030B8040010B8040038B5456869
:10A99000A868C0B10EF032F80146A0B9A86802F06C
:10A9A00099F8044688B902460949A8680EF010F8DB
:10A9B00022460121DB20F5F72DF92246012140F244
:10A9C0000D10F5F727F9002038BD6FF00400FBE704
:10A9D00035A90300F0B545681646A8682A7C01F041
:10A9E0001F0487B044EA4214002868D0B6F5001F5F
:10A9F00004D121460EF05CF8002051E00020B6F5AD
:10AA0000800F01AA0190506039D1B3F1007F14BFCB
:10AA1000052304238DF804300023CDE90423039398
:10AA2000EB680DF1030723FA01F111F0010139D1AF
:10AA3000B6F1A07F36D104F01F035F2C4FEA54100B
:10AA400003F120033ED8214A52F8202052F8233047
:10AA5000DB0727D43A462146A8680DF0BCFF163024
:10AA600018D002972146A86803AA0DF0F8FE002826
:10AA700016DB01222146A8680DF0C8FFBCE7B3F140
:10AA8000C06F05D0B3F1007F14BF01230223C1E7DB
:10AA90000323BFE73946A86802F05EF80028E0DA31
:10AAA00007B0F0BD3A462146A8680DF094FF002893
:10AAB000D8D19DF80310A86802F044F8D2E76FF0EF
:10AAC0008500EDE751F82330FFDE00BF34D30400EA
:10AAD000036803F01F025F2B02604FEA53129ABF14
:10AAE000024B53F822000020704700BF7CD30400C3
:10AAF0002DE9F04F1546074640F2FF19DFF868A12F
:10AB0000DFF868B185B000EB8101B94203D10020C4
:10AB100005B0BDE8F08F3A68C2F3C323082BC2F337
:10AB2000080400F29E804C4508BF4FF0FF34B2F19C
:10AB3000D05F1AF803804FEA126310D2192B12D893
:10AB4000DFE803F014226461292F61111111111142
:10AB50001111111111111111111167717477382B25
:10AB60006AD04E2B52D06FF08500D1E7C5F804466D
:10AB7000601C14D0012603A80394FFF7A9FF039BD0
:10AB800006FA03F3436004E0C5F80C46621C06D0E5
:10AB90000026324613E0631CC5F800465FD1043737
:10ABA000B3E7661CC5F80446F9D0012603A8039450
:10ABB000FFF78EFF0122039B02FA03F383603B68D9
:10ABC000039403F40040002818BF002203A818BF14
:10ABD000012601930092FFF77BFF039C019B00EB92
:10ABE0008400D0F88040C3F3412C009A4FEA082338
:10ABF00043EA8C03134304EA0B04234343EA46036A
:10AC0000C0F88030CBE7C5F80846BFE7C5F8104666
:10AC1000AEE7C5F86045621C3B68C0D0C3F3004393
:10AC2000002BC2D0A6E7C5F86445F4E7C5F868452F
:10AC3000F1E7C5F86C45EEE703A80394FFF748FF7A
:10AC4000039B00EB8300D0F8803023F0E04343F017
:10AC50008043C0F88030631CA1D0012699E700260C
:10AC6000A4E76FF0150053E71E250500F0F0FCFF88
:10AC70002DE9F04104460D4647680FF048FAA0B9A7
:10AC8000274B1B788BB14FF04008642663681B6824
:10AC9000D3F830318BBB01200DF090FC013EF5D193
:10ACA0000021202004F086FFEFE74021EFF311831D
:10ACB0001A4681F31288BFF36F8F60680068D0F87E
:10ACC000300120B983F31188BFF36F8FEEE77B6A01
:10ACD00000201D706368796A1B68C3F83C17012166
:10ACE000C3F84017C3F83001D3F83001196582F377
:10ACF0001188BFF36F8FBDE8F081EFF311831A461F
:10AD000088F31288BFF36F8F61680968D1F830113A
:10AD10000029DCD183F31188BFF36F8FC0E700BF38
:10AD20007F8401202DE9F04745680121D0F810808B
:10AD3000064600AF686B0DF012F9E96B481C19D09C
:10AD4000A86B0DF0FEF910F1130F04460AD1012192
:10AD5000334A34480DF0E9F86FF012042046BD463E
:10AD6000BDE8F087411D05D101212F4A2D480DF086
:10AD7000DCF8F3E74FF00109EB6A9847D8F8305058
:10AD8000D8E90C3203EBC2039D420AD308F1280034
:10AD90000DF03AF973680021586B0DF0E0F80024CB
:10ADA000DCE728680EF025FF0346B0B92A686C4638
:10ADB0008AB0106829796A46D1614FF400711B4D41
:10ADC00011841B49C2E9055042F8101F4FF411517C
:10ADD0001448F3F7EDFEA546BEE728682979EB880D
:10ADE000D0F810C0DA07DCF8004054BF43F4B013C9
:10ADF00083F4D01323F4801209FA01FEDB07D0F8A4
:10AE000008A04CBF4EEA040424EA0E04CCF800402B
:10AE1000DAF800309847041EA0DB0835B0E700BF21
:10AE20004E2505004CC40400792505009625050033
:10AE30000400000110B502780346002A6ED10C69A7
:10AE4000D4F890203AB9D4F88C006FF07301BDE8C3
:10AE500010400DF0FCB8D4F8840050B1D4F888103C
:10AE600039B1DB682BB1834203D0D4F89C1010F0C9
:10AE7000E1FAD4F88030D4F8902033B19A4216D950
:10AE80000121274A27480DF050F8D4F88830D4F82B
:10AE9000902033B19A4224D90121214A21480DF052
:10AEA00044F8D4F88C00BDE810400DF0E2B89B1ACD
:10AEB000C4F880307BB9E36E04F180020833E366A6
:10AEC000236F04F17001013B236704F16C000DF066
:10AED00033F8E067D9E7E36F002BD6D01344E3677C
:10AEE000D3E79B1AC4F8883083B9636F04F18802F2
:10AEF00008336367A36F04F17801013BA36704F192
:10AF000074000DF019F8C4F88400CAE7D4F884304E
:10AF1000002BC6D01344C4F88430C2E710BD00BF74
:10AF2000BA2505004CC404002DE9F04F8FB09A46B5
:10AF3000436800AFFB608B88064604699804894625
:10AF4000934632D44FF0FF324FF0FF3304F1380014
:10AF500004F072F8C4F82C907568D6F810802B684D
:10AF60007B6098F8953023B1D8F82830994500F0E7
:10AF7000B980B9F804E01EF400631DD00121B24A83
:10AF8000B2480CF0D2FF6FF08505A36A13B19B881D
:10AF90009B0405D40023E36204F1380004F012F8A6
:10AFA00028463C37BD46BDE8F08F236C002BC9D145
:10AFB000E36A9942C6D1CFE71EF0010F15D06D4666
:10AFC00088B031686A46A248C2E905014FF40071B1
:10AFD0009183A04942F8101F4FF4E2519B48F3F7C8
:10AFE000E7FDAD466FF01505CFE71EF0080F05D061
:10AFF000994A012195480CF098FFF3E7CEF34513E9
:10B00000082B01D0954AF4E7D9F80030BB60BA6844
:10B01000934B9A4201D8934AEBE707F1100C0435A1
:10B020000FCDACE80F000FCDACE80F00D7E901322F
:10B03000934294BF7B627A621EF0020F95E8030090
:10B040000EF004038CE803003AD0002B14BF032356
:10B05000022387F82830CEF3001387F82930D8F878
:10B060000030D3F80036591C11D01EF0020F03F047
:10B070001F027D484FEA5313CEF3400124D1022B27
:10B0800000F2DD8050F82310012393408B6098F884
:10B0900095302BB1404602F0DBF9002388F895305B
:10B0A00033464046714A07F110010DF08FFD051E31
:10B0B00013DA01212B466E4A644809F0F8FD64E773
:10B0C000003B18BF0123C4E7022B00F2BA8050F8FE
:10B0D0002310012393404B60D9E70123C8F828903F
:10B0E00088F89530012384F89430FB68D96B4A1CAA
:10B0F00009D0986B0DF04DF8743004D102215D4AEF
:10B1000052480CF012FFBBF1000F6DD1C4F86CB0C7
:10B110000023236704F1800204F1700104F16C0044
:10B120000CF00AFFE067BAF1000F65D1C4F874A013
:10B130000023A36704F1880204F1780104F174008C
:10B140000CF0FAFE002504F128082A460121C4F873
:10B150008400A56640460CF037FF30460CF089FFAE
:10B160002A462B46206F83424ED100231946A56FF5
:10B17000A94250D19A4238BF1A464FF4FA5303FB02
:10B1800002F5A36A47F6122C1B6840F2E730B5FBC4
:10B19000F3F50021C8354FF47A720023E5FB0C016A
:10B1A000E8F778FD04F1500802460B46404603F0EC
:10B1B00043FF0246002835D001212F4A23480CF0D6
:10B1C000B4FE00252046C4F8905002F041F96FF01B
:10B1D0007301304684F895500CF039FF404603F077
:10B1E00051FF6FF07305D0E6DBF80030E366002B0B
:10B1F0008ED0DBF804308CE7DAF800306367002B80
:10B2000096D0DAF8043094E7E16E01EBC3014968A7
:10B2100001330A44A7E7606F00EBC10040680131C9
:10B220000344A5E7A56E15F1740FCAD0002D3FF4B5
:10B23000ACAE3069114628300CF0C6FEA5E6896038
:10B24000FFDE00235B60FBE7D82505004CC404004B
:10B25000F225050003000001142605003326050031
:10B2600047E801006226050048D4040035AE03001B
:10B2700093260500B8260500E22605005F2810B5D4
:10B2800000F01F034FEA50140DD8094A52F8242049
:10B2900002EB8302D2F88000064B034043EA8103AD
:10B2A000C2F8803010BD0022203352F82330FFDE78
:10B2B000D4D40400F0F0FCFF70B40D4CD4E9006568
:10B2C000901B63EB0501400940EAC1604101891907
:10B2D00045EBD065C4E90015002400250549C1E906
:10B2E0000023054BC3E9004570BC04F0D5BE00BF88
:10B2F000589B0020409B0020509B002008B5002256
:10B300000121E420F4F786FC174A0020D2F8183710
:10B3100023F4403343F40033C2F8183701F068FDDA
:10B32000002820DB0120114901F0EEFD00281ADB86
:10B3300001F038FD0E4B20F01F00C3E900010D4B5A
:10B340000022C3E900014FF0FF304FF0FF310A4BFC
:10B35000C3E90001094B0A49187A01F033FD67225D
:10B360000020084B1A6008BD00200E50F80C002089
:10B37000589B0020389B0020409B0020F00C0020B0
:10B38000B9B203005873012008B501F00BFD064A5D
:10B39000D2E90032C01A054B61EB0201C3E900019A
:10B3A000400940EAC16008BD589B0020509B002026
:10B3B00010B501F009FE0120FEF7A4FB09F04CF9DD
:10B3C000BDE81040054B064A1B684FF47A70B3FB8A
:10B3D000F2F35843034B43F001031847FC0C0020E1
:10B3E00040420F0050CA0400F7B5224B0146224FDD
:10B3F000187A224BD7E90056D3E900239E4208BFB2
:10B40000954211D1B1F1806F0ED24901012938BFA7
:10B41000012101224D1946F10006C7E9005603B08B
:10B42000BDE8F04001F056BE154BDFF858C0D3E937
:10B430000043DCE9002CA41843EB0C0C4FF0200E69
:10B4400022466346C1FB0E23954276EB0301C7E912
:10B4500000230DD2291B66EB0C04C82974F10004EB
:10B46000B4BF01210021009101F0FCFD03B0F0BD4B
:10B470000021F8E7F00C0020489B0020409B0020B2
:10B48000589B0020509B002002460B46014803F0C9
:10B490009FBC00BF500F0020014803F011BD00BF4A
:10B4A000500F002008B5F3F7B3FA04480121044A0D
:10B4B00009F0F4FB0020F5F77FF800BF84C3040017
:10B4C00020270500014902480EF09FBD607301204E
:10B4D00060540120094B93F8FB31042B02D1810702
:10B4E00009D47047022B02D1020704D47047082BFD
:10B4F00003D1830601D5FFF7E5BF7047807F0120A8
:10B5000010B403460A46034881680C68194623466E
:10B5100010BC184770B80400B0B5002484B000AF68
:10B520003B1D7C600A22BC60C7F80B4039600146B5
:10B5300018460FF0E5FF6D468AB003466A46396843
:10B540000D48D161C2E905034FF4007313840B4B1E
:10B5500042F8103F4FF4115123460948F3F728FBF6
:10B56000AD4684F31188BFF36F8F0323184602DFC3
:10B570001037BD46B0BD00BF3D27050004000001E7
:10B5800054C304002DE9F0418AB0064600AF0D46D1
:10B590003F4840490EF00EFD07F11400D3F75EFF5F
:10B5A0006C4688B06A463C4B53613C4B93614FF408
:10B5B000007393833A4B42F8103F3A493A4807F1F7
:10B5C0001403F3F7F5FAA54638480EF012FB58B904
:10B5D0000121374A344809F061FB6FF0120420461C
:10B5E0002837BD46BDE8F081324B381D7B60D3F76C
:10B5F000A3FF034638B101212F4A2B4809F057FB1E
:10B600006FF01504EBE74FF0FF304FF0FF31FFF71D
:10B610003BFF04460028E2D10820D3F731FF20B1D8
:10B62000FFF73AFF6FF08504D9E724492448D3F7A0
:10B63000D3FE044610B1FFF72FFFD0E741F64C5878
:10B6400007F10800C7F80880E8F78EFF0028E7D167
:10B6500007F10C00C7F80C80E8F784FF0028DFD161
:10B66000012338463B70E8F775FF0028D8D107F171
:10B670001000C7F81080E8F77BFF0028D0D1FFF753
:10B680000BFF33690F481D60F6F742FCA7E700BFC8
:10B69000607301209B820400140E050062270500E0
:10B6A00003000001C01C400154C3040070B8040032
:10B6B0008927050001B50300A9270500609B00202C
:10B6C00025B80300D5B4030070B5534886B0D3F74E
:10B6D0001DFD0446002840F09A80D3F7E1FED3F721
:10B6E00001FFD3F7E9FEE8F7EFFAE8F7EFFAE8F73A
:10B6F000F1FAD3F715FFE8F7EBFAE8F7EBFAD3F72F
:10B70000FDFE14230121204603AA8DF80C30D3F747
:10B7100065FD00287ADB0221204603AA8DF80C4043
:10B72000D3F75CFD002871DB08260721204603AA19
:10B73000ADF80C60D3F752FD002867DB4FF0FB1328
:10B74000039340F203230321204603AAADF81030EF
:10B75000D3F744FD002859DB01250421204603AA24
:10B760008DF80C50D3F73AFD00284FDBFB23062160
:10B77000204603AAADF80C30D3F730FD002845DB96
:10B780003146204603AA8DF80C40D3F727FD002848
:10B790003CDB03230521204603AA8DF80C30D3F7A8
:10B7A0001DFD002832DB0C21204603AA8DF80C5029
:10B7B000D3F714FD002829DB44F60113ADF80C3053
:10B7C00002230D21002003AA8DF80E30D3F706FDC9
:10B7D00000281BDB0E21204603AA8DF80C40D3F76E
:10B7E000FDFC002812DB4BF6F903984212DD0B4AF0
:10B7F000009029460A4809F064FA84F31188BFF3DF
:10B800006F8F0423184602DF6FF00B0004462046BA
:10B8100006B070BD2046F9E719B50300CD27050035
:10B8200054C3040073B54B4D95F8FB3153B195F8F3
:10B83000FB31042B4BD128783E2816D0FF2830D07E
:10B8400000241DE04FF0FF304FF0FF31FFF71CFEEA
:10B8500048B9284605F2FB1100F070FC0446FFF7DA
:10B860001BFE002CE3D002B070BDAB78022B20D0C1
:10B870000D2BE5D1EB78012BE2D1AC88C4F3001499
:10B88000002200232146F6F74DFB064698B9002C0E
:10B89000E9D0002385F8FB3102B0BDE87040FFF726
:10B8A00011BEAC7804F0FD04A4F180035C425C415D
:10B8B000E6E70124E4E76A78264902320C3009F011
:10B8C00094FC3146244B1B6824489847E1E7022B3F
:10B8D00024D1002200230820F6F702FB04460028AA
:10B8E000C1D06B880433B3F5FE7F23D340F2FB1243
:10B8F000012100921A481B4A09F0E3F96FF00B038B
:10B900000121194A164809F0D2F9002383F311885E
:10B91000BFF36F8F0423184602DFBAE7082B13D159
:10B92000002300222020F6F7DBFA6B88044600286B
:10B93000D8D198E71A46074904F10C0009F055FCE4
:10B94000054B21461B68BFE70121084A044809F05E
:10B95000AEF99EE7807F01205C730120D0B804001F
:10B9600054C30400F02705004A28050011280500EB
:10B97000F7B5784E04463378002B40F0D883042383
:10B980008DF80730744B05881F68B7B10DF10603B9
:10B990000DF10702711CB84701280ED09DF8063042
:10B9A000002B40F080819DF807300E22B3700123F8
:10B9B0007270F370B580B0717EE1B5F5105F4FEA3B
:10B9C00095230AD2002B4ED0013B072B08D8DFE885
:10B9D00003F00907367A070707C73F2B00F092826A
:10B9E000012055E0204640F2064230F9033B9342E5
:10B9F0000FD040F21D4293421ED0012040F2064378
:10BA00009D4200F0508140F21D439D4200F04B8169
:10BA10003EE0E8F743FE42F264039D4240F25E835B
:10BA200042F285039D4233D842F267039D4200F201
:10BA3000678342F26603E8E7E8F732FEEBE7204669
:10BA400040F6634230F9033B934230D00DDC40F6C0
:10BA5000034293421FD040F62D4293421ED040F63F
:10BA60000142934212D001201DE140F67B429342F5
:10BA700020D040F67C429342F5D19DF807303749FB
:10BA800002338DF80730E8F7BCFC01E0E8F7ABFCC7
:10BA90000128E8D087E7D3F739FEF9E79DF80730AA
:10BAA0002E4903338DF80730E8F7A2FCF0E7E8F7FA
:10BAB000A1FCEDE79DF80730284904338DF80730E5
:10BAC000E8F79DFCE4E72388A3F58053013B082BAE
:10BAD000C9D801A252F823F0FDBA03000FBB03003E
:10BAE00023BB030067BA030067BA030067BA030009
:10BAF00067BA030067BA030043BB03009DF8073031
:10BB0000164808338DF80730E8F753FDC0E79DF875
:10BB10000730124840338DF807300CF0C0FB00208E
:10BB200041E700229DF8073008338DF807300B4BB2
:10BB30001A605A60F37A23F0600343F06003F372F3
:10BB4000EDE79DF80730054806338DF80730E8F734
:10BB500032FD9DE77C8101207073012083810120EB
:10BB6000204630F8033BA3F50053013B852B00F240
:10BB70008880DFE813F09100A600AF008600B800CF
:10BB8000BB00BE00C700CA00CD00D300D600D9005C
:10BB9000DC008600860086008600DF00E200E5000B
:10BBA000EE00F100FA00030186008600060186001F
:10BBB000860086008600860016011F012801860087
:10BBC0008600860086008600860086008600860045
:10BBD00086002B0134013D014001860086004301AF
:10BBE0004F0158015B015E0161016A017301760139
:10BBF00079017C017F018201850188018600860030
:10BC0000860086008600860086008B0194019D01D7
:10BC100086008600860086008600860086008600F4
:10BC20008600860086008600A001A90186008600A5
:10BC300086008600860086008600860086008600D4
:10BC400086008600860086008600860086008600C4
:10BC500086008600860086008600860086008600B4
:10BC6000860086008600860086008600D00086005A
:10BC70008600460186008600BE0186008600B2016D
:10BC8000B50142F264039D423FF4EDAE40F22582DD
:10BC900042F285030120C5E6E8F78FFC42F2640317
:10BCA0009D427FF4B8AE0F2373700423B370012359
:10BCB000F0703371A6F8055001230020337003B0F3
:10BCC000F0BD9DF80730CA4803338DF80730E8F718
:10BCD00079FCE3E79DF80730C54808338DF8073055
:10BCE000E8F772FCDAE7E8F771FCD7E7E8F770FCF1
:10BCF000D4E79DF80730BE4801338DF80730E8F7E8
:10BD000069FCCBE7E8F768FCC8E7E8F767FCC5E73C
:10BD1000E8F766FCC2E7E8F7BFFCBFE7E8F762FCBC
:10BD2000BCE7E8F761FCB9E7E8F760FCB6E7E8F7DD
:10BD30005FFCB3E7E8F75EFCB0E7E8F75DFCADE772
:10BD40009DF80730AA4907338DF80730E8F756FC0D
:10BD5000A4E7E8F755FCA1E79DF80730A4491033A4
:10BD60008DF80730E8F74EFC98E79DF80730A048BB
:10BD700008338DF80730E8F747FC8FE7E8F746FC13
:10BD80008CE79DF8073008338DF807307323F37183
:10BD90004023F37242F264039D4240F099810020F7
:10BDA00081E79DF80730924902338DF80730E8F7B4
:10BDB00033FC73E79DF807308D4804338DF8073066
:10BDC000E8F72CFC6AE7E8F72BFC67E79DF80730FB
:10BDD000874808338DF80730E8F724FC5EE79DF8C4
:10BDE0000730834904338DF80730E8F71DFC55E729
:10BDF000E8F71CFC52E7E8F71BFC4FE7E8F71AFCF2
:10BE00004CE79DF807307A4901338DF80730E8F7A1
:10BE100013FC43E79DF80730754901338DF807306F
:10BE2000E8F70CFC3AE7E8F70BFC37E7E8F70AFC21
:10BE300034E7E8F709FC31E79DF807306C48023336
:10BE40008DF80730E8F702FC28E79DF807306848CE
:10BE500001338DF80730E8F7FBFB1FE7E8F7FAFB43
:10BE60001CE7E8F7F9FB19E7E8F7F8FB16E7E8F74E
:10BE7000F7FB13E7E8F7F6FB10E7E8F7F5FB0DE74C
:10BE8000E8F7F4FB0AE7E8F7F3FB07E79DF807306C
:10BE9000574802338DF80730E8F7ECFBFEE69DF8D3
:10BEA0000730534804338DF80730E8F7E5FBF5E633
:10BEB000E8F7E4FBF2E69DF807304D4902338DF8D0
:10BEC0000730E8F7DDFBE9E69DF807304849023323
:10BED0008DF80730E8F7D6FBE0E6E8F7D7FBDDE6BC
:10BEE0009DF80730424901338DF80730E8F7D0FB61
:10BEF000D4E69DF807303E4901338DF80730E8F766
:10BF0000C9FBCBE620464FF60B4230F8033B934289
:10BF100022D8B3F57C4F01D8012073E0A3F57C4310
:10BF2000013B0A2BF8D801A252F823F0F5BF030019
:10BF300011C0030019BF030019BF030019BF03009C
:10BF40005FC0030019BF030019BF03003BC003001B
:10BF50004DC0030065C0030003F2FE2292B21E2A08
:10BF6000DAD8A3F57D43023B1E2BD5D801A252F8A7
:10BF700023F000BF77C003007DC0030083C003002F
:10BF800089C0030019BF030019BF030019BF0300D4
:10BF900019BF030019BF030019BF03008FC00300BE
:10BFA00019BF030019BF030019BF030019BF030025
:10BFB00019BF030095C0030019BF03009BC0030015
:10BFC000ADC00300B3C0030019BF030019BF0300D5
:10BFD00019BF030019BF0300B9C00300BFC00300AD
:10BFE000C5C0030019BF030019BF0300CBC0030085
:10BFF000838101209DF807304E480C338DF80730BF
:10C00000E8F701FA4FF6025225F008039342FDE4E7
:10C0100000209DF8073040338DF80730454B1880DD
:10C02000F37923F0230343F02303F371337A23F0EE
:10C03000070343F007033372E4E79DF807303D48F8
:10C0400017338DF80730E8F7FCF9DBE79DF8073088
:10C05000384820338DF80730E8F717FAD2E7E8F7C9
:10C06000EEF9CFE79DF80730324801338DF80730FD
:10C07000E8F728FAC6E7E8F73BFAC3E7E8F76AFA11
:10C08000C0E7E8F769FABDE7E8F76CFABAE7E8F75E
:10C090006DFAB7E7E8F76CFAB4E79DF80730254981
:10C0A00004338DF80730E8F765FAABE7E8F771FA83
:10C0B000A8E7E8F770FAA5E7E8F76FFAA2E7E8F76C
:10C0C0006EFA9FE7E8F76DFA9CE7E8F76CFA99E7F4
:10C0D00014D942F285030020A4E4012042F219039E
:10C0E0009D4218D842F20C039D427FF687ACA5F51D
:10C0F00000530D3B41F241229BB206E00020EDE7E8
:10C10000A5F50153283B0C4A9BB222FA03F3DB0747
:10C110007FF5BEACC7E542F232039D423FF4C3ADAA
:10C12000A5F50153033B012B3FF6B2ACBBE54FF045
:10C13000FF30C4E5838101202F80402038B5094CB1
:10C140000D4623781BB9BDE83840E8F73CB9A27822
:10C15000611C02320FF06EF90020042320702B7056
:10C1600038BD00BF7C81012070B505460E46084CE5
:10C1700020460DF03EFD38B1A36829462046B2B2F4
:10C180001B68BDE8704018476FF0120070BD00BF1B
:10C1900070B804004FF40071014804F06BBA00BF9E
:10C1A0007F820120FA2313B5ADF8043000238DF807
:10C1B00006304FF48053ADF8003002231C2168464E
:10C1C000114A8DF80230E7F77DFA0446C8B90BF042
:10C1D00010FA80B2E6F74EFF01210C48EEF720F985
:10C1E000044670B9014601228520F3F713FD0122B0
:10C1F0002146E520F3F70EFD012221468A20F3F7C0
:10C2000009FD204602B010BD21C203007873012051
:10C21000014902480DF0F9BEA873012060540120C5
:10C22000B0B5002484B000AF3B1D7C600A22BC6026
:10C23000C7F80B403960014618460FF061F96D46AA
:10C240008AB003466A4639680D48D161C2E90503E0
:10C250004FF4007313840B4B42F8103F4FF411510D
:10C2600023460948F2F7A4FCAD4684F31188BFF3D6
:10C270006F8F0323184602DF1037BD46B0BD00BFE5
:10C28000A228050004000001F4C3040037B500240F
:10C29000134D6FF009034FF4806228461149009452
:10C2A00003F0A8F81049284603F048F90F49104850
:10C2B0000DF080FE224604211C20F3F7ABFC012286
:10C2C0000C4BD3E8EF1FC3E8E02F0028F9D100237F
:10C2D0002846094A094903F0CDF8204603B030BD8D
:10C2E00060540120801D0220B628050053830400FD
:10C2F000A87301207473012048E801005808002049
:10C3000010B5074BD3E8AF3F4BB1E6F71DFEBDE8D4
:10C3100010400023034A0449044803F0ABB810BDA1
:10C320007473012048E8010058080020605401207F
:10C330000122014B1A63704700E010500122014BAB
:10C340005A63704700E0105003460221014A024838
:10C3500008F0ADBCCA2805001CC4040028B102289E
:10C3600006D10420034B1B681847024B1B68FBE7F0
:10C37000FFF7EABFB8730120014B02201B68184782
:10C38000B873012028B1012807D100200349E6F73E
:10C390005FBD034B02201B68184770475DC3030055
:10C3A000B8730120014B186000207047B87301205A
:10C3B00010B51D48D0E8AF3F23B9062904D8042999
:10C3C00026D839B1002010BD0729FBD1403802F032
:10C3D000F9FDF7E750F8203CA0F14004D3E9002034
:10C3E0009047012808D0114B984203D00223E06304
:10C3F00084F834300E48E6E742F2107323630323D7
:10C4000084F8343004F1240384F82900A363F1E7AD
:10C4100000F8173C074BA0F11C0140F8103C4038D5
:10C42000007EEEF73EF8CDE7FC7301201F64660244
:10C43000F0730120FF3F420F0122002101480DF05F
:10C4400036BD00BFBC730120014BD861704700BFEF
:10C45000BC73012070B54FF0FF3105464FF0FF303F
:10C46000FFF712F82F493048E7F702F80446FFF7C4
:10C4700013F8002C08DA2D48234601212C4A08F035
:10C4800016FC6FF00B0070BD40F20113294C002226
:10C490002385E36925626433E36242F21073236308
:10C4A0006FF0730384F82420E36304F14005D5E8BA
:10C4B000EF3FC5E8E12F0029F9D14FF0FF314FF0F0
:10C4C000FF30FEF7E1FF04F12401207EEDF7E9FFE4
:10C4D000FEF7E2FF00232046174A02F0ADFD0028D8
:10C4E0002E460BDA0121154A104808F0D7FB01232C
:10C4F000D6E8EF2FC6E8E13F0029F9D14FF0FF3130
:10C500004FF0FF30FEF7C0FF207EEDF7ACFFFEF7E7
:10C51000C3FFD5E8AF3F13B1064802F0B3FDE06BAF
:10C52000B1E700BFD4730120B1C30300A4C304006A
:10C53000F6280500BC7301200E720B009631050031
:10C54000F0B585B06E4681680546103921F00F04BC
:10C5500008F0C2FC32460A4B03F1100C374618684B
:10C560005968083303C763453E46F7D11023214677
:10C57000284608F083FC003818BF012005B0F0BD44
:10C58000ECD5040030B50D46816887B0102302AAAF
:10C590001039044608F05DFC002802DA012007B0DB
:10C5A00030BD1022204602A90BF033FF00283AD1FB
:10C5B00010221E4902A80EF070FF00280CBF0123B4
:10C5C00002232B7020460BF010FF012301460DF1D2
:10C5D0000702204608F03DFC0028DFDB9DF807300D
:10C5E000204603F00F021B096A702B7101220DF126
:10C5F00007010BF00EFF10B96B78042B03D9012350
:10C600006B7000232B71A2682046203A22F00F02A3
:10C61000103AA91C0BF010FF0028BFD12046E91CDE
:10C620000BF063FFBBE70323CBE700BFECD50400AF
:10C630002DE9F04184B0DFF8F88000AF46000546F0
:10C64000394658F826000BF056FF044620B1FF206B
:10C650001037BD46BDE8F081013658F8260007F1D5
:10C6600008010BF048FF012845D103212B46314A30
:10C67000314808F01CFB314B3C73BB6000263A7814
:10C6800097F808802E4C114620780BF0B4FE002855
:10C6900037D0414660780BF0AEFE002831D0A37849
:10C6A000042B02D0F97899422BD1E378042B02D0E5
:10C6B000F97A994225D12379042B1FD16279022A74
:10C6C0002CD1204B6E468AB06A46D36140F20133CA
:10C6D0001D4913841D4BC2E9051542F8103F002384
:10C6E00015484FF41351F2F763FA6079B546831E8B
:10C6F000022BADD9ABE70028C0D0A8E7B9789942A2
:10C70000DCD00136032E04F10604BCD10A482B46C6
:10C7100031460F4A08F0CBFA012099E7032A05D0E9
:10C720000C4B0D49042A08BF0B46CBE70B4BC9E75E
:10C73000ECD404004F290500D4C304000301030313
:10C74000D5290500312905009529050004000001BF
:10C75000B429050036290500482905002C290500C3
:10C76000064BD3F840231C2A05D1D3F84403431EBB
:10C770005842584170470020704700BF00C0FF007A
:10C7800003689A070CD50368DB070DD50922074B10
:10C79000C3F80C250F22C3F8042501221A60FEE716
:10C7A000034B0360EF3B0360704700BF00801050F5
:10C7B000F000FA5008B501233C4A3D48C2F8003861
:10C7C0003C4AD2F840231C2A04BF3B4AC2F80C342E
:10C7D000FFF7D6FF0830FFF7D3FF0830FFF7D0FF91
:10C7E0000830FFF7CDFF00F5F470FFF7C9FF334ABB
:10C7F000D2F88C3043F44063C2F88C300022D3006E
:10C8000003F57F0303F54043D3F8001401310AD048
:10C81000D3F8001439B1D3F800140132D3F804343A
:10C82000402A0B60EBD1214BD3F84024002A38D0AA
:10C83000FFF796FF48B11F4BD3F83423204B9A42A1
:10C840009EBF1A4B1F4AC3F84026FFF789FF18B155
:10C850001D4B1E4AC3F8AC27FFF782FF48B13422B4
:10C86000124BC3F82426D3F83C2622F40022C3F846
:10C870003C26174B1149D3F80026D20744BF6FF06E
:10C880000102C3F800260323124AC2F81835D1F872
:10C890008C3043F44063C1F88C300023C2F8A035DB
:10C8A00008BDC822C3F84024C2E700BF00001250F0
:10C8B00000C50D5000C0FF000030055000ED00E045
:10C8C000001D0A1840E0A91E00A0085078000A04C4
:10C8D00000E0105000B00450036803F01F025F2B0B
:10C8E00002604FEA53129ABF024B53F82200002015
:10C8F000704700BFF4D40400034A4309D35C00F03E
:10C900001F001844C0B27047F4290500F0B5064670
:10C91000002487B0114F019117F8012B06AB03EBF0
:10C92000D20313F8143C02F00702D34013F00103C2
:10C9300006D10134032CEFD10023184607B0F0BD17
:10C94000074A03AD07CA85E8070055F824100A6AAC
:10C9500046F824200A62002AEBD0EEE7042A0500FC
:10C9600024C50400F7B504460846FFF7C5FF06B224
:10C9700004EB4606B38A0D46DB072BD520460BF0A9
:10C980004BFF294620460BF0A6FE58B120460BF07F
:10C99000B8FE0022276800B207EB8003C3F8102519
:10C9A000C3F81025294620460BF0D4FE002101A82B
:10C9B000B1820195FFF790FF019B00EB8300D0F857
:10C9C0008020064B134043F00203C0F88030084635
:10C9D00003B0F0BD6FF01500FAE700BFF0F0FCFF08
:10C9E0002DE9F043044685B0084616461D46FFF77C
:10C9F00083FF0F46804636B320460BF077FE18B90A
:10CA000020460BF068FE28BB0FFA88F904EB4909B1
:10CA1000B9F8143013F01C0F02D07378012B19D021
:10CA200001238DF80F3000233846CDE90063721CD6
:10CA3000B31C0DF10F010BF0F6FDB9F8143043F003
:10CA40000303A9F81430002D40D0394620460BF0DE
:10CA50004DFE20B96FF0150005B0BDE8F08300224F
:10CA6000297823684FEA810C03EB8103C3F8102572
:10CA7000C3F810250FFA88F204EB4202938A23F4DC
:10CA8000604323F0200393826E78FEB12468A87877
:10CA90006444D4F810550E4B36042B40C4F81035BE
:10CAA00041F6F07306F4403603EA07130005D4F8A4
:10CAB0001055334300F4801003432B43C4F8103562
:10CAC000938A43EA413343F0200393820020C3E773
:10CAD0000FE0ECFF70B590F87440054690F8756073
:10CAE00044BB4622214614300EF0CBFC2146134AAB
:10CAF0002B6852F836608E4212D1002440F20D109D
:10CB0000C3F84441D3F844210D4A934208BFDB20C7
:10CB1000F3F75EF80123204685F874302B6670BD6C
:10CB2000CAB2920002F58070442A04BF1C501A5801
:10CB30000131E0E76FF07700F1E700BF00D50400B6
:10CB400000A00D5090F87500024B03EB80000BF035
:10CB500051BD00BF000D002010B5064B90F87500C8
:10CB60000C4603EB80000BF02BFD0028A4BF2070C7
:10CB7000002010BD000D00202DE9F04F814659F82E
:10CB8000043B8BB0D3F8141390F8754000936C4BB2
:10CB9000C9B241F40031804653F8342000980BF0BC
:10CBA00014FE810305463AD50023CDE907330993E6
:10CBB000634B07A803EBC4035B6819460193FFF7B7
:10CBC000A5FE042303EBC40303934FF0000B5D4B5E
:10CBD0000DF11C0A0293029A594912F8013B029284
:10CBE000039A02EBD3028A5C03F0070322FA03F3F1
:10CBF000DA071AD40BF1010BBBF1030F0AF1040A97
:10CC0000E9D14FF40031002200980BF0DEFD0199CC
:10CC100007A8FFF77BFE0028D7D125F400350124B3
:10CC2000002D75D10BB0BDE8F08F474B5B440493EA
:10CC3000DAF800100029DDD091FAA1F1B1FA81F102
:10CC4000049B1C7841EA44142046FFF755FE08EB8C
:10CC50004000878AC808BB08059301231AF8002002
:10CC600001F0070103FA01F122EA01020AF80020AB
:10CC700006A80694FFF730FE069A059B203250F86E
:10CC80002220C7F382065B073746C2F3014223D551
:10CC90004846D6B221463A460BF03DFD06A806941A
:10CCA000FFF71AFE069B203350F82330C3F30143ED
:10CCB0009E4207D1002120460BF0FEFC3146204663
:10CCC0000BF0FAFC06A80694FFF706FE0122069B6D
:10CCD00002FA03F30362ABE7022A0DD103212046D7
:10CCE0000BF0EAFC06F00503012BEBD13A46214696
:10CCF00048460BF010FDE5E70221204605920BF0B7
:10CD0000DBFC032EF2D0059A032ADBD1022EECE7DE
:10CD100095FAA5F3B3FA83F3009904FA03F225EA2E
:10CD2000020503F5A27251F8222008EB430348469E
:10CD3000B3F86410C2F301420BF0EDFC70E700BFE2
:10CD400000D50400042A0500042A05000123054A31
:10CD500083409268134013F0670F14BF0120002036
:10CD6000704700BF880800200123044A03FA00F03E
:10CD7000936823EA00039360704700BF880800208F
:10CD8000074B027AD3F8101521F001010A43C3F8CA
:10CD900010250268C3F8A4264268C3F8AC26704781
:10CDA00000200E504FF0FF326FF0404330B5044C7E
:10CDB000D4E90001824273EB0105F9D330BD00BF15
:10CDC00040270E5030B50C25074B1C1894F85440E2
:10CDD00005FB0433C3E9031218750123034A83409A
:10CDE000C2F8243330BD00BF8808002000200E5058
:10CDF000F0B53D4D85B02C78002C6FD13B4A01AB8E
:10CE000007CA83E807003A491846D1F8102522F0EE
:10CE10000202C1F81025FFF7B3FF0723672202F0D3
:10CE200001012144013BCCB24FEA5202F7D1052C5B
:10CE300057D119464FF0010C2B4E00246720CFB27A
:10CE400004E00CFA02F220EA0200013490FAA0F2A7
:10CE50005FFA84FEBE45B2FA82F2F2D30131327536
:10CE600005292A4482F8547006F10C06E5D1012107
:10CE7000002420489A0801FA02F212F0670F18BF46
:10CE80001C500433302BF5D1E420F2F7A1FE184BEF
:10CE90001949D3F8102503F5C07322F00202C3F834
:10CEA000902340F6FF72C3F8A82100221A60A3F570
:10CEB000807004338B420260F8D101240C4B0F4A7E
:10CEC0001C660F4B5D201B68B3FBF2F358430D4B00
:10CED0002343984700202C7005B0F0BD6FF0770019
:10CEE000FAE76FF08B00F7E78808002030C50400F0
:10CEF00000200E5000210E50B0210E5040420F0075
:10CF0000FC0C002060CA040073B52B4C0546636816
:10CF100001A803F001030E4601930BF051FB00281A
:10CF20003FDB002320753370636823F001036360E7
:10CF3000A36843F00103A360204BD3F810259007AA
:10CF400033D4D3F8102542F00202C3F81025C5B13E
:10CF5000D3F8482712F0010202BFD3F8481741F076
:10CF60000101C3F84817154BD3F84017D3F84417FD
:10CF70004900F9D42AB9D3F8482722F00102C3F8AE
:10CF800048270F4B0F4A1B68B3FBF2F30B4A03EB26
:10CF900043136BB1D2F84017D2F8440710F0804029
:10CFA00001D102B070BD013BF3E76FF07700F8E705
:10CFB0006FF07300F5E700BF8808002000200E50D6
:10CFC000FC0C002040420F002DE9F8430025224EC2
:10CFD000672374684FF00108E443A9461F4F04F02B
:10CFE0006704C7F82833E9B2DCB9E420F2F7FEFDA4
:10CFF0001A4BD3F8482722F00102C3F84827D3F888
:10D00000102522F00102C3F81025D3F8102522F0D4
:10D010000202C3F8102501225A669A663470BDE8F0
:10D02000F8830846FFF792FE98B10846FFF79CFE8A
:10D03000736808FA01F2DB4303F06703134208D078
:10D0400007EB0113C3F82C95E30702D504480BF056
:10D05000D1FA64080135C6E78808002000200E5088
:10D060008C08002070B51D461446184A9DF81060C3
:10D07000131893F8543000B20C3302EBC30142F89A
:10D0800033404D60C5F31301AEB10201104E02F101
:10D09000A04202F562228000C2F820450644C2F890
:10D0A0002415336833B1FFF77DFEA042A94101D2B8
:10D0B0000023336070BD030103F1A04303F5622335
:10D0C000C3F82045C3F82415F4E700BF8808002002
:10D0D00000210E50F0B50E4D2B1893F8543000017E
:10D0E0000C3355F8334005EBC3077E68641800F134
:10D0F000A04021F0004146F1000641EAC27100F56E
:10D10000622045F833407E60C0F82815F0BD00BFAE
:10D1100088080020F7B5284B284CD3F82C6304F17D
:10D1200088070EB903B0F0BD96FAA6F00123B0FA55
:10D1300080F08340DA43224926EA0306231893F855
:10D140005450830019440C2303FB0543DB6873B37D
:10D15000D7E8EF3F03EA020CC7E8EECFBEF1000FBD
:10D16000F6D1C340DB0719D5020102F1A04202F556
:10D170006222D2F82435D2F82025D1F800C0BCF1C3
:10D18000000FCED04FF0000CC1F800C00C2101FB05
:10D19000054529690091E9688847C2E705F10C0354
:10D1A00004EBC30C54F83320DCF80430E5E70A68DC
:10D1B000002AB6D00B60B4E700200E50880800208B
:10D1C00000210E50044B40EA0120C3F80005D3F8BB
:10D1D0000024D207FBD5704700B00450036803F069
:10D1E0001F025F2B02604FEA53129ABF024B53F8A3
:10D1F00022000020704700BF10D5040010B50C4B72
:10D2000004680C4A0C48844208BF1A46B2FBF1F38A
:10D2100001FB13229A4208D213F0010005D17E2BA4
:10D2200002D8581E18BF012010BD0020FCE700BF27
:10D230000020A1070024F40000A0045037B51446D4
:10D24000421C054618D0012902D1BBB10BF08AFC63
:10D2500001A80195FFF7C2FF019B0A4A00EB83007A
:10D26000D0F88050A30043EA41030B432A40134304
:10D2700043F4A063C0F8803003B030BD0BF07EFCF7
:10D28000E6E700BFF0F0FCFF2DE9F84F91F8213000
:10D2900005460C46002B00F0A08091F822802968FA
:10D2A0005B485C4F5C4A6369814208BF1746B7FB25
:10D2B000F3F75A4BD3F840331C2B13D1022F95F8B8
:10D2C000223040F28D80227E12F0FD0F40F08880E7
:10D2D0007A080132D2B2904538BF904643F0080335
:10D2E00085F8223094F8232095F8223062F3000369
:10D2F00085F82230227CDBB262F3410385F82230CC
:10D3000094F823600EBB237E0121012B94BF0023E0
:10D31000012332462068FFF791FF334632466068AA
:10D32000FFF78CFF33463146A27EA068FFF786FFE9
:10D330000121237C3246E06883F00103FFF77EFF82
:10D340000B463246E069FFF779FF94F82130002B55
:10D3500049D04FF0FF336B6294F8211094F812E03B
:10D36000207E627E002948D0E668217C94F82490D3
:10D3700094F820C02B68B9F1000F12D1D4E900BA9B
:10D38000D4F80890E469C3F800B6C3F804A6C3F85B
:10D390000896C3F80C46C3F81066C3F8B815C3F86E
:10D3A000B085003A18BF01220228C3F8C0E5C3F8CF
:10D3B0002C7525D0032826D0012801D142F0020285
:10D3C000C3F85425C3F8ACC56B68FBB12868BDE849
:10D3D000F84FC0F30830F2F7FBBB4FF002085EE7EE
:10D3E0006FF3C3037CE7E3686B62227C95F822301D
:10D3F00062F3410385F82230AEE74FF0FF36B5E720
:10D4000042F00402DCE742F00602D9E7BDE8F88FFB
:10D4100000A004500024F4000020A10700C0FF0079
:10D42000431C07B50ED0019001A8FFF7D7FE019B62
:10D4300000EB8300D0F88020044B134043F002033C
:10D44000C0F8803003B05DF804FB00BFF0F0FCFFD3
:10D4500038B504460068C0F30830F2F7C7FB6368CC
:10D4600043B12146154A51F8043BC3F8082320680C
:10D470000BF090FB2368D3F80006D3F80416D3F81A
:10D48000085694F82230DB0714D4FFF7C9FF28466A
:10D49000FFF7C6FF0846FFF7C3FF606AFFF7C0FF4C
:10D4A0002368D3F80C06D3F81016FFF7B9FF084627
:10D4B000FFF7B6FF002384F8203038BD0700F81FBF
:10D4C00000B5837D01463F2B8BB049D813F0300067
:10D4D0001CD0202802D10B6A188806E03028FAD028
:10D4E000102806D10A6A22B11078B0FA80F04009FB
:10D4F0000CE00A68906880B903F00F02052A0ED884
:10D50000CB694A8A1A44934203D101200BB05DF8DB
:10D5100004FB13F8011B0029F5D00020F6E7062ACA
:10D5200001D1CB69D8E7072A02D1CB691878DCE7AB
:10D530000B2A01D1488AD8E703F00E03082BE5D166
:10D54000CA696846496A0BF0F6FC0028DDD06846D7
:10D55000FFF7B6FF0028D9D068460BF00FFDF4E7BF
:10D5600003F0C002802A01D1C069BEE7402AD4D1AD
:10D5700003F00F030A2B02D1CB691868B5E70368E3
:10D58000024AD8689042B0D1F6E700BF3F9004004D
:10D590008260002210B5034CC0E90322C0E90041BB
:10D5A00010BD00BF6F900400F8B504461546C3686F
:10D5B0009AB106688EB1D31802D287689F4207D20B
:10D5C0002369084A002B08BF134600202361F8BDD9
:10D5D000B04710B92369044AF4E7E36801202B44FB
:10D5E000E360F4E7072A0500132A050010B48C7DD8
:10D5F0004B8A04F00F04022C17D1012B05D1CB6903
:10D600001A78002310BC0BF03BBD022B02D1CB6972
:10D610001A88F6E7042B02D1CB691A68F1E7082BC8
:10D620001FD1CB69D3E90023ECE7012B08D1CB69EB
:10D6300093F90020D317032CE4D110BC0BF05FBD8D
:10D64000022B03D1CB69B3F90020F3E7042B02D1FD
:10D65000CB691A68EEE7082B03D1CB69D3E9002325
:10D66000E9E70369034A002B08BF1346036110BCB6
:10D67000002070471C2A05004A8A042A02D1C96981
:10D680000BF046BD082A02D1C9690BF044BD0269FE
:10D690000349002A08BF0A4602610020704700BF04
:10D6A0001C2A05008A7D0B4602F00F020B2A11D8B6
:10D6B000DFE802F00C0C0C0C0E060A0A0A0A100A2B
:10D6C00001211A8A0BF02ABD0221FAE70021F8E7AE
:10D6D0000521F6E70369034A002B08BF13460361DF
:10D6E000002070472E2A05002DE9F0410E4617460E
:10D6F00086B014220021044601A80DF0C2FE3A466D
:10D70000314601A80BF020FD10B9059B236107E00D
:10D710004FF0000820464346049A0BF0B1FC18B9BC
:10D72000002006B0BDE8F0812168049D21B92A4699
:10D730002046FFF739FFF4E7E368A2682B449342E1
:10D7400005D923690E4A002B08BF1346DEE763683C
:10D750003A46019101A83146CDE90235CDE9048868
:10D760000BF0F2FC049AE368AA421344E360029BC4
:10D770006360059B01D12361D3E7024AE3E700BF61
:10D78000072A0500412A050070B5CB6904460D46FD
:10D79000002B7FD0FFF786FF002873D0A87D00F014
:10D7A0000F030B2B73D8DFE803F0061111111717C5
:10D7B0001D355252726FEB692046BDE870401A78F1
:10D7C0000023003A18BF01220BF05ABC294620461C
:10D7D000BDE87040FFF70ABF29462046BDE870400B
:10D7E000FFF74ABFE96909B90A460EE03F280A88EF
:10D7F0000AD86B8A023B934206D22369264A002B41
:10D8000008BF134623613DE002312046BDE8704069
:10D810000BF08ABC00F0C00080286B8AE9690ED04A
:10D8200013B923691D4AEAE7013B0029DCD0002235
:10D830009A42885C06D00028E7D00132F8E74FF022
:10D84000FF33F2E70028E0D02369154AD7E76A6A78
:10D8500012B92369134AD2E7092B06D02046EA6998
:10D86000696ABDE87040FFF73FBF2A6A002AF5D019
:10D8700052F8083C002BF1D029462046043A98473C
:10D880000028EBD1002070BD6A8AE969BDE72369F1
:10D89000054AB4E70120F6E7552A0500692A050084
:10D8A0007C2A0500902A05002E2A05002DE9F04368
:10D8B0008B7D054603F03002302A0C4687B012D12A
:10D8C0000B6A1A880B8A9A4214D1E269A37DEAB9DD
:10D8D00013F0300F0ED12B69694A002B08BF134695
:10D8E0002B61002007E0102AEFD10A6A32B11378C9
:10D8F000002BEAD1012007B0BDE8F0833F2BE4D82C
:10D900000846FFF7DDFD0028DFD0F3E703F0C00293
:10D91000402A0CD12368DB68002BEBD02246294635
:10D92000002098470028E5D12B69564AD5E703F037
:10D930003001202940F09D80216A0E88002ED9D028
:10D94000802A20D103F00F03052B5ED80221284640
:10D95000228A0BF0E3FB0028C3D0A37D03F00F0362
:10D96000042B16D1B7003A46002328460BF088FB5B
:10D970000028B6D0296879BB3A46284607B0BDE8EA
:10D98000F043FFF711BEA28AB242DBD22B693E4AB6
:10D99000A3E7052B01D1F700E5E7002714220021BA
:10D9A00001A80DF06EFDD4F81C80214601A8FFF7F8
:10D9B0001DFE28B92B69002B92D1059B334A8CE7B9
:10D9C000E369628A01371344E361BBB29E42ECD83B
:10D9D000049FC4F81C80C6E70027A37D214603F0FE
:10D9E0000E03042B28460DD1FFF746FE00283FF416
:10D9F00078AFE369628A01371344E361BBB29E42A8
:10DA0000EBD877E7FFF7F2FDF0E74FF00008A37DD2
:10DA100003F0CE03862B27D1E7692146D7F8009083
:10DA20002846C4F81C90B9F1000F1AD1FFF73AFE4E
:10DA300008B9E76155E70122284601A98DF804904D
:10DA4000FFF7B2FDE76100283FF44BAFE369628A5C
:10DA500008F101081344E3611FFA88F39E42D6D807
:10DA600048E7FFF791FEEDE721462846FFF78CFED9
:10DA7000E9E72146284607B0BDE8F043FFF784BE3A
:10DA8000A92A0500C02A0500CF2A0500E72A0500BB
:10DA900030B505460C688BB00CB9012013E0236843
:10DAA00021465B6823B12846984758B1A468F3E73C
:10DAB00068460BF0C2FA40B92B69064A002B08BF32
:10DAC00013462B6100200BB030BD69462846FFF796
:10DAD000EDFEEAE7EE2A050010B5836804463BB97F
:10DAE000C368094A002B08BF13460020E36010BD3D
:10DAF00001220368984710B9E368044AF2E7A36873
:10DB0000013BA360F3E700BF002B0500132A0500CB
:10DB100070B504460D4608683AB9E3680E4A002B12
:10DB200008BF13460020E36070BD42EA0301B1F56F
:10DB3000803F05D3A3FB026111B1E368074AEEE71A
:10DB400003FB02F1F2F77EFB10B9E368044AE6E753
:10DB500028600120E8E700BF0E2B05001B2B050005
:10DB60002A2B050030B50446154685B0002A2FD073
:10DB7000A9B90268174B9A4211D0102D06D82A462F
:10DB800069462046FFF7EEFF05B030BD102269461A
:10DB90002046FFF7E7FF0028F6D0103DEDE7A36829
:10DBA000AB4207D2E3680C4A002B08BF13460020A3
:10DBB000E360E9E72A4620462368984710B9E368FE
:10DBC000064AF1E7A368AB4234BF00235B1BA360A6
:10DBD0000120D9E789910400002B0500132A0500D4
:10DBE0008260002210B5024CC260C0E9004110BD45
:10DBF000899104002DE9F3410E460DF10701054618
:10DC0000FFF76AFF804650B39DF907309DF8074043
:10DC1000002B30DA072704F07F0428460DF10701B6
:10DC2000FFF75AFFD8B11F2F9DF8073025D93E2F97
:10DC300003F07F0206D8D2B1002C0ADAFF2B08D1FC
:10DC40000737EAE78AB1002C03DA012B01D13F2F15
:10DC500011D0EB68114A002B08BF1346EB604FF060
:10DC60000008404602B0BDE8F0813F2FF1D11B060D
:10DC700007F10707D1D43460F3E71C2F09D113F063
:10DC8000700F03D003F07802782AE2D144EA0374DB
:10DC9000EDE703F07F02BA401443E8E7392B0500B3
:10DCA0002DE9F34100260746884635463446384676
:10DCB0000DF10701FFF710FF58B13F2C9DF8071039
:10DCC00010D1012909D9FB68114A002B08BF13465E
:10DCD000FB60002002B0BDE8F08145EAC175C8E9EB
:10DCE0000065F7E701F07F02A4F12003C4F1200CE6
:10DCF00002FA03F322FA0CFC43EA0C03A2401D4390
:10DD00000B0646EA020604F10704D0D4E7E700BF99
:10DD1000392B0500F7B51F4600233B700B701360CD
:10DD2000836804460D46164623B901233B70002044
:10DD300003B0F0BD01A9FFF75DFF70B922680A4B7F
:10DD40009A42F4D0A368002BF1D10849E068ECF7BF
:10DD50007AFD0028E9D1E060E7E7019BDA0803F0EB
:10DD6000070332602B70E3E789910400132A050052
:10DD700013B50446052921D8DFE801F0030F172069
:10DD8000201E0122204601A9FFF7ECFE18B19DF9E3
:10DD90000430002BF5DB02B010BD08220021204624
:10DDA00002B0BDE81040FFF7DDBE01A9FFF722FF7A
:10DDB0000028F0D0019AF1E70422EFE7C368034A94
:10DDC000002B08BF1346C3600020E4E7492B050081
:10DDD00073B50D4601A90446FFF70CFF064660B176
:10DDE00094E80F0085E80F0001998A4209D2E368A0
:10DDF000064A002B08BF1346E3600026304602B0F7
:10DE000070BDA960A3685B1AA360F7E75B2B0500F0
:10DE1000F0B5937D044603F00F03154687B00B2B36
:10DE200000F27281DFE813F00C001D001D001D00E0
:10DE30008F009B00A700D900070107017001540162
:10DE40000139C9B2FD2906D8E368994A002B08BFF9
:10DE50001346E36043E0E96907B0BDE8F0400BF02A
:10DE600052BA0139C9B2FD29EED9022B31D102A92A
:10DE7000FFF716FF0646002831D06B8A082B07D122
:10DE8000DDE90201EB69C3E90001304607B0F0BDEE
:10DE9000042B0CD1029BEA6913600022DDE9020128
:10DEA000914208BF9842F0D0E368824ACEE7022B45
:10DEB00004D1029BEA6913809BB2EEE7012B05D1E6
:10DEC000029BEA69137003F0FF03E6E7E3687A4A0E
:10DED000BCE7032B05D102A90BF022FA70B900268A
:10DEE000D3E76946FFF7DCFE0028F8D0DDE9003211
:10DEF000698A082918BFDA17CDE902326B8A082B24
:10DF000006D1DDE90201EB69C3E900010126BCE7A6
:10DF1000042B0AD1EA69029B1360DA17DDE90201DA
:10DF2000914208BF9842BFD1F0E7022B04D1EA69C1
:10DF3000BDF908301380F0E7012BC7D1EA699DF9DC
:10DF400008301370E9E7052902D0FF297FF47CAF80
:10DF50002046E96907B0BDE8F0400BF0F6B90129A9
:10DF600002D0FF297FF470AF2046E96907B0BDE811
:10DF7000F0400BF0F6B902297FF466AF02A9FFF773
:10DF800039FE0028ABD0029EB6F5803F02D3E3688D
:10DF90004A4A5BE7AB7DB21C03F0C003802B17D16C
:10DFA000A3689E4202D9E368454A4FE70123204611
:10DFB000E969FFF7ADFD002891D0EB691968324699
:10DFC00021F8026B204607B0BDE8F040FFF7CABD5C
:10DFD0006B8A9A42DBD8E969F1E702297FF434AF12
:10DFE00002A9EF69FFF706FE00283FF478AF029E12
:10DFF000731C02D1E368334A28E7AB7D721C03F03F
:10E00000C003802B11D1A3689E42CCD801232046A7
:10E01000E969FFF77DFD00283FF461AFEB691F68F8
:10E02000002332463946BB55CCE76B8A9A42F7D972
:10E03000E368254A0AE702297FF406AF02A9FFF741
:10E04000C7FE00283FF44BAF6B6A13B9E3681F4A61
:10E05000FCE6AB7D03F00F03092B0AD0AB7D3F2B11
:10E060001FD90023EA69696A02A800F0B9FA0646D6
:10E070000FE02A6A002AF1D052F8083C002BEDD0BC
:10E080002946043A02A89847049B06460BB100288B
:10E09000E4D1204602A90BF091F800287FF4F5AEF8
:10E0A0001DE703F03003203B18BF0123DAE700BF70
:10E0B000732B0500832B05001C2A0500952B0500FA
:10E0C000002B05001B2B0500A42B0500902A050042
:10E0D00002297FF4B9AE02A9FFF78CFD064600289D
:10E0E0003FF4FDAE0299B1F5803FBFF450AF6A8AAC
:10E0F00019B9E8690DF0C5F9C7E68A4202D0E368AC
:10E10000034AA3E6E9695DE7C368024A9EE600BFE9
:10E11000B42B05002E2A05002DE9F043937D05461A
:10E1200003F03003302B0E4614468FB028D19446AE
:10E1300004AFBCE80F000FC7BCE80F000FC79CE896
:10E14000030087E80300236A1988238AC1B1994232
:10E1500016D004A80AF01DFF30B9EB688F4A002BD7
:10E1600008BF1346EB6065E004A80BF04CF8A37DF4
:10E1700003F0C003802B01BF0023A2691360E36199
:10E18000A27D02F0C001402900F02C81802979D0C5
:10E1900041B902F03003202B39D006D8002B2ED005
:10E1A000102B28D0EB687E4AD9E7302BFAD102F049
:10E1B0000E02082A238A206A60D102889A425DD022
:10E1C000628AE0690DF05DF9616A8B682BB9CB68F2
:10E1D0001BB94B681B68002B50D0E26904A80AF0F9
:10E1E000AAFE00284AD004A800F06AF9002845D108
:10E1F000EB686C4AB3E7236A0BB101221A7022461E
:10E20000314628460FB0BDE8F043FFF701BE276A4C
:10E21000608A3988A369022E00FB0133E36126D1AD
:10E2200002F00F02052A22D8284604A9FFF7D0FDE4
:10E23000064670B9002676E02246FF2104A8FFF7C3
:10E24000E7FD90B13B8801333B80E369628A134468
:10E25000E361069B1BB13A88A38A9A42ECD3069BE2
:10E26000002B5AD0EB68504A79E70646F7E73B881F
:10E270005A1C3A80A28A9A42F4D9C0E7236A228AB9
:10E280001A80BCE702F03003202B2AD001D9302BB2
:10E2900088D102F00E02082A05D1A3691B6813B1C8
:10E2A00020460AF0B0FFA37D03F03003302B02BFFD
:10E2B000236A228A1A80A37DA16903F00E03062B2C
:10E2C00001D1E1619BE701232846628AFFF720FC28
:10E2D0000028AFD02146A3691868E0610AF05FFF0B
:10E2E0008DE7D4F82080022EB8F800704FD102F0EC
:10E2F0000F02052A4BD8284604A9FFF769FD0646F8
:10E30000002897D04FF6FF79069B33B1B8F800107C
:10E3100049450CD1254BEB600026284604A90AF09C
:10E320004DFF002886D030460FB0BDE8F0830131A4
:10E3300089B2B942628A10D9013BB3FBF2F3A9EB6F
:10E34000070101338B4234BFFF1801373B46A169F7
:10E3500004A8FFF7DDFB0028DED0A169B8F8002093
:10E360000868638A02FB0300E0610028D4D02146DC
:10E370000AF015FF2246FF2104A8FFF749FD0028F7
:10E38000CAD0B8F800300133A8F80030BCE74FF627
:10E39000FF739F420CD1EB68044AE0E6D62B0500E0
:10E3A0002E2A0500F72B0500E82B05000E2C050092
:10E3B00001372846628AA169BBB2FFF7A9FB002892
:10E3C0003FF438AFA369B8F800101B68628A01FBFC
:10E3D0000233E361B8F8003021460133A8F8003079
:10E3E000E0697BE72368DB6833B9314628460FB024
:10E3F000BDE8F043FFF7BCBC022E1FD1284604A99C
:10E40000FFF7E6FC00283FF415AF23682246002101
:10E41000DB6804A8069E984730B9EB68002B7FF4B0
:10E42000A1AE079B224A9AE6069B0BB19E42ECD80E
:10E43000284604A90AF0C2FE064674E7012E22D03F
:10E44000052E29D086BB01AF01360B2E02D1EB6819
:10E45000184A84E6012239462846FFF783FB002844
:10E460003FF4E8AE17F9013B002BEDDB0021124B26
:10E470000791049301ABCDE9053623682246DB689A
:10E4800004A89847D8E70822284601A9FFF76AFBA5
:10E4900008260028EAD1CDE6042228460DEB020129
:10E4A000FFF760FB0426F4E7EB68044A57E600BF79
:10E4B000252C0500392B050089910400492B050006
:10E4C00070B590B004461022002102A80CF0D9FFCC
:10E4D000002301938DF8023023689B6843BB00251D
:10E4E000A37D03F00F020A2A42D1E3691E68002EC1
:10E4F00031D1019BABB1228A934212D122469DF8C1
:10E50000021002A8FFF708FE10B30DF1030301AAE1
:10E510000DF1020102A8FFF7FDFBC8B1236A03B1A8
:10E520001D7020460AF02AFD0028D9D1012010E0F4
:10E530002A4A0DF10201CDE902234FF0FF3301AA6F
:10E54000049302A80DF10303FFF7E4FB0028C6D1F2
:10E55000002010B070BD314606A80AF0FCFC28B1BE
:10E56000357306A8FFF7ACFF0028F1D0B668BEE708
:10E570003F2B2AD803F03002102A1BD1236A03B1A3
:10E580001D70A37D03F00E03082B18D1616A8B6800
:10E5900023B9CB6813B94B681B6883B1E26906A83D
:10E5A0000AF0C9FC0028A4D006A8FFF789FF0028BC
:10E5B0009FD1CDE79A06E4D5236A1D8099E7002113
:10E5C000628AE0690CF05DFF93E703F0C002802AE5
:10E5D0008FD1A2699B0615608BD5EDE78991040068
:10E5E0002DE9F04F9B4600239BB0044606A8CDE9D9
:10E5F0000433ADF80A300AF09EFC00283CD1002616
:10E600004FF6FF79B246374620460DF1090303AABB
:10E6100002A9FFF77FFB002840D19DF80930002BAD
:10E6200038D04FF6FF73994504D0BDF80A30B34295
:10E6300040F0AF80069B5B8AE3B1402B28BF4023AC
:10E640000022590904A895B2A94200F2C98003F03A
:10E650001F02DB060ED01AAB03EB8101C2F12003CF
:10E660004FF0FF32DBB222FA03F351F8582C9A42F2
:10E6700040F0BC8001200EE01BF0010FBFD106A8C6
:10E68000FFF71EFF0028BAD1E3685A4A002B08BFE3
:10E690001346E36000201BB0BDE8F08FDDF80C806E
:10E6A000B8F1000F05D11BF0040FBAD1E368524A4C
:10E6B000ECE7414606A80AF06CFC28B19DF82E3024
:10E6C00003F00F020A2A50D18FB906A80AF092FC73
:10E6D00028B9BAF1000F0CD14FF0FF3707E00D9BBE
:10E6E000D3F800A0BAF1000FF6D0BDF82870B845F5
:10E6F00032D35546A36801939DF808300093A36870
:10E70000019A35B393427FF47FAF2B681B689C4618
:10E7100043B1424629462046009BE0470028B9D035
:10E72000AD68ECE7294610A80AF015FC10B9E368BB
:10E73000324AABE7BDF850309845F1D1119B002B20
:10E74000EED00123204600992B7310AAFFF7E4FCBA
:10E75000E4E793427FF458AF20469DF80810FFF796
:10E7600007FB00287FF450AF94E703F03003202B21
:10E7700022D10E9A0BAB9A4217D1BDF820304B45EF
:10E7800010D04FF6FF72914506D0BDF80A20B24274
:10E7900002D0E3681A4A79E700229946BDF82C6056
:10E7A000ADF80A200DF10A030E9320469DF80810DB
:10E7B00006AAFFF7B1FCD4E7002BF6D1BDF8243050
:10E7C0003F2BF2D859091AAA02EB810103F01F026C
:10E7D0000123934051F8582C134341F8583CE4E787
:10E7E00050F8045B013201353FF42DAFE368054A70
:10E7F0004CE700BFF72B0500352C0500EE2A05007D
:10E800003E2C0500A92A050070B516461D465A1C67
:10E81000036804461344C2689A4205D20821006A7C
:10E820000BF0DCF8002070BD32783DB1AB1E062B3A
:10E830008EBF00230B4AD35C1833DAB220460BF0AC
:10E84000D0F80028EED03544B54203D1A368013397
:10E85000A360E8E723685A1C226015F8012D1A709E
:10E86000F2E700BF5F2C05002DE9F84304460D4692
:10E8700000AFEFF31188402383F31288BFF36F8F4B
:10E880000428294A98BF294BE9468AB09668117C2A
:10E8900098BF53F820306A4688BF254BC2E907313C
:10E8A00040F2013323489384234BC2E9050442F824
:10E8B000103F00234FF431512048F0F779F9CD464D
:10E8C00045B1EB69C3F3080323B101211C4A1B487E
:10E8D00006F0E4F92EB130460BF01FFC08B10378C6
:10E8E00003B91848E9468AB06A46174BD061C2E9B5
:10E8F000053640F201331384144B42F8103F0023D5
:10E900004FF411510D48F0F753F92946CD462046F2
:10E91000FCF7C8FD88F31188BFF36F8F3046F1F71D
:10E92000FBF8BD46BDE8F883007401201CD5040047
:10E93000662C0500742C05000500000124C40400A9
:10E940009C2C0500D50D0500BD2C05000400000120
:10E9500038B50A4B53F82040013053F82050A542F7
:10E9600000D838BD606830B1037FDB0701D40BF0FD
:10E9700028F90834F3E723689847FAE730D504000C
:10E98000012270B5294B032086B01A70FFF7E0FF13
:10E99000F0F75CFD0420FFF7DBFF254C254D2646F4
:10E9A000AE4204F1300410D301F034F8204C224E72
:10E9B000AC4226D301F042F8EEF714FC1F4A137B59
:10E9C00023F00103137306B070BD54F80C3C05939B
:10E9D00054F8103C049354F8143C039354F8183C36
:10E9E000029354F81C3C019354F8203C009354E9E2
:10E9F0000A2354E90C0100F0CBFD54F8303C5E656D
:10EA0000CDE7D4E90A23B3F1FF3F08BFB2F1FF3FDE
:10EA100005D052EA0301206803D101F0F9F830343F
:10EA2000C6E73146183001F0A7FAF8E77F840120E5
:10EA3000E8C10400E8C1040019A204001056012036
:10EA4000C82370B5144E86B003FB0066134B012239
:10EA500005930F23CDE903320023CDE901331423BD
:10EA60004FF4A0720E4D0F4903FB0055044602FB04
:10EA700000110D4B3046009500F08AFD737B2C741D
:10EA800023F004037373094B013403EBC423EE60DA
:10EA90006B6006B070BD00BF485501201F2D0500FA
:10EAA0000074012080290220F59C040080210220AE
:10EAB000BFB50020FFF74CFF2A4B03F5006282F33D
:10EAC000088883F30A88E023274C002584F8223045
:10EAD0002023E37725766576A57684F82050636A4F
:10EAE000224F43F4E023636284F82350F0F78EFF53
:10EAF000F1F70AF94FF0FF33A362E362F1F7ACFAE2
:10EB0000F1F72AF9EFF7E2FE194800F0D9FD0120EC
:10EB1000FFF71EFF0220174CFFF71AFF00F0C2FF9D
:10EB2000154B16495C61164B4FF4005205930123B7
:10EB30002046CDE90353CDE901553B46009500F051
:10EB400027FD0646627B204622F0040262730BF02A
:10EB500020FB2846FFF774FF3A4631462046F1F77E
:10EB6000B1F800BF8021022000ED00E081E9030040
:10EB7000C05701201056012000740120C02A022035
:10EB8000242D050038B5064C064DAC4201D30020BB
:10EB900038BD2046D4E901120BF036F81434F4E7FE
:10EBA000B00E0020C40E0020002038B5054C064DE4
:10EBB000AC4200D338BD20460BF04AF80028F9DB00
:10EBC0001C34F5E7400E0020B00E002073B50C4653
:10EBD000EFF31181402585F31288BFF36F8FC5686D
:10EBE0005DB125602B68C3608369013383610020B8
:10EBF00081F31188BFF36F8F11E052EA030603D14E
:10EC00006FF00B002560F3E7CDE9002302460830E2
:10EC100000F046FE18B9034B9B681B69236002B0E5
:10EC200070BD00BF007401202DE9F34104460E467B
:10EC30009DF8200004F10808EFF31187402181F3CB
:10EC40001288BFF36F8F256AE1688D4247D225682D
:10EC5000AC4218D0BDB128460BF057F805F11800AA
:10EC60000BF078FB3146A26828690CF0E3FB002327
:10EC70002846C5F8C0300BF08CFA4046394600F003
:10EC8000A3FE002038E0A268D8B13146E0690CF05C
:10EC9000D1FBE369A26813446269E361934201D145
:10ECA0002369E361236A10210133236204F1240004
:10ECB0000BF02FFC0028E0D187F31188BFF36F8F92
:10ECC0001AE0A1692369994208BF6369314608BF08
:10ECD000A361A069801AA0610CF0ACFBE2E752EAE4
:10ECE00003010CD00749404689680E61CDE9002335
:10ECF0003946224600F0D4FD02B0BDE8F0816FF045
:10ED00002200D9E700740120F7B50446084604F153
:10ED10000807EFF31186402181F31288BFF36F8F4C
:10ED2000216A00293AD0A268A1690CF083FBA3698B
:10ED3000A268256813446269A361934204BF2369F2
:10ED4000A361236AAC4203F1FF33236234D0284627
:10ED5000002D32D00AF0D9FF05F118000BF0FAFAB5
:10ED6000A2682969E0690CF065FBE369A26828469E
:10ED700013446269E361934204BF2369E361236A38
:10ED8000013323620024C5F8C0400BF002FA384674
:10ED9000314600F019FE204603B0F0BD52EA0301EF
:10EDA00010D00A4989680861CDE90023314622461E
:10EDB000384600F075FDEFE7002086F31188BFF3B9
:10EDC0006F8FE9E76FF02200F7E700BF00740120C2
:10EDD0002DE9F341044617461E46EFF31188402300
:10EDE00083F31288BFF36F8FC368334A7BB18068A7
:10EDF0009168884219D057EA060318D188F3118820
:10EE0000BFF36F8F6FF00F0002B0BDE8F081916823
:10EE100091F90E100133E36093682161A36088F3D8
:10EE20001188BFF36F8F0020EEE72169F2E791F9B7
:10EE30000E1090F90E306FF07E029942A8BF19466D
:10EE40009142B8BF11468B422DDD0AF072FF054694
:10EE500022464146CDE90076184800F021FD002801
:10EE6000E1D0EFF31186402383F31288BFF36F8F55
:10EE7000A068D0B1236821699C420AD04BB193F9B4
:10EE80000E309942A8BF19466FF07E039942B8BF71
:10EE900019460AF04EFF40B13146084800F094FD93
:10EEA0006FF00A00B0E70025D2E7002DF4D186F319
:10EEB0001188BFF36F8FF3E7007401208084012075
:10EEC000F8B583680546002B40D0234A92689342E8
:10EED0003FD1C368012B03D9013BC3600020F8BDBB
:10EEE000EFF31187402383F31288BFF36F8F01691B
:10EEF00080680AF01EFF2C68AC4207D10023C5E9E8
:10EF0000023387F31188BFF36F8FE7E7002CF5D04A
:10EF1000D4E90032002613605A60637BC4E90066BE
:10EF200023F002036373A66004F118000BF012FAD9
:10EF3000AC6094F90E3020462B61C4F8C0600BF031
:10EF400028F93946054800F03FFDC7E76FF0150086
:10EF5000C5E74FF0FF30C2E7007401208084012034
:10EF600037B51146EFF31185402282F31288BFF3C3
:10EF70006F8F04689CB12368426823F003039442B6
:10EF8000036008BF4360012120460AF05FFF04468A
:10EF900085F31188BFF36F8F204603B030BD51EA6F
:10EFA0000302F5D000F10802CDE90013104629460E
:10EFB00000F076FC0028EFD1014B9B681C69EBE761
:10EFC0000074012070B5EFF31186402383F312889B
:10EFD000BFF36F8F0468A0421BD0D4B1D4E90032D4
:10EFE000002513605A60637BC4E9005523F00203D7
:10EFF0006373A56004F118000BF0ACF92046C4F867
:10F00000C0500BF0C6F83146BDE87040094800F02A
:10F01000DBBCD0E902329A4218BF0133022183607F
:10F0200010300BF076FA0028EDD186F31188BFF38B
:10F030006F8F70BD8084012013B5EFF311814024E0
:10F0400084F31288BFF36F8F846844B1013C8460FD
:10F0500081F31188BFF36F8F002002B010BD52EA18
:10F06000030406D181F31188BFF36F8F6FF00F0097
:10F07000F3E7CDE900230246014800F011FCECE77C
:10F08000808401202DE9F8430546EFF311884023E1
:10F0900083F31288BFF36F8F00266FF00A0937469B
:10F0A0002C68A54216D0ACB1D4E9003213605A6086
:10F0B000637BC4E9007723F002036373A76004F164
:10F0C00018000BF047F92046C4F8C0900BF061F827
:10F0D0000126E5E700230221AB6005F110000BF0EB
:10F0E00018FA30B92EB988F31188BFF36F8FBDE8D5
:10F0F000F8834146BDE8F843014800F065BC00BF15
:10F100008084012007B5074B4FF400620093064945
:10F110004FF0FF33054800F06DF9002003B05DF8B3
:10F1200004FB00BF48D50400C04A0220D856012085
:10F130002DE9FF41044640274E4EEFF3118887F337
:10F140001288BFF36F8FD4F8CC50F5B9022104F1C7
:10F15000E4000AF0BCFE002868D004F1DC050022BF
:10F16000012128460BF09AF80028F8D100234FF02F
:10F17000FF3202934FF0FF334146CDE900233E4872
:10F1800004F1D40200F010FED7E7D4F8D0202B68A9
:10F190009542C4F8CC3008BFC4F8D030D4F8E4307D
:10F1A00043F00203C4F8E430EB6823F0040343F0B7
:10F1B0000103EB606B6888F31188BFF36F8F2846FB
:10F1C0009847EFF3118887F31288BFF36F8FEB68CE
:10F1D000D80623F0010236D4EA60EB689A0716D508
:10F1E000306823F00203EB6088B10021036870B13E
:10F1F0004268954235D1036869BB726833608242C8
:10F2000000D17360002340F8083BFFF7DBFED4F821
:10F21000E43023F00203C4F8E43088F31188BFF32C
:10F220006F8FDB0589D400F045FC86E7D4F8E43025
:10F23000D9069BD5C4F8E40088F31188BFF36F8F1B
:10F2400004B0BDE8F08123F01103EB6005F110007C
:10F25000FFF7B8FEC1E70B607368834208BF7160B7
:10F26000D0E723B11A68014618461346BFE71A468D
:10F27000F9E700BF247401208084012070B5C368C1
:10F280000546C3F340069B070C460DD5012200211D
:10F2900004F108000AF00BFE00232360054B6560B3
:10F2A0005A681AB9C3E90044304670BD14605C6006
:10F2B000FAE700BF24740120F8B5C36804469A0732
:10F2C0000F46C3F340062ED45B071CD40B680BB962
:10F2D00083680B60E368DD0742BFA36802263B60DA
:10F2E0003D6858BF0126002D3CD0204B9A68D5F8C8
:10F2F000C8309A420AD0D5F8E430D807C3F3800268
:10F3000014D46FF0120600233B6025E00AF0FFFEE4
:10F31000D5F8E4300028F0D1D907C3F3C002F0D506
:10F3200052B15B0708D46FF00F06ECE7002AFAD160
:10F33000C3F3C003002BF6D100232360D5F8D030EF
:10F3400063B9C5E9334428460AF0DCFDE36843F0BD
:10F350000403E3603B68A3603046F8BD1C60C5F859
:10F36000D040F0E76FF01506CDE700BF0074012034
:10F37000F8B5C368064603F00503002B0C4614BF1E
:10F38000012700271CD085680122002104F110000C
:10F390000AF08DFD204613490AF00CFEE36843F0A5
:10F3A0001003E360F3685B0712D5336823606BB921
:10F3B000D5F8D03033B9C5E9334428460AF0A2FD68
:10F3C0003846F8BD1C60C5F8D040F6E73460F4E775
:10F3D000D5F8CC302360D5F8D030C5F8CC40002B20
:10F3E000EBD1F0E7E59E0400014601480AF00DBEAE
:10F3F000D8560120F0B50446002089B0C4E9330096
:10F400000E9D04F1D400C4E9350004F1DC00C4E928
:10F41000370055B32879002840F2011008BF0120B9
:10F42000C4F8E40000204FF0FF364FF0FF37CDE97D
:10F430000330CDE90100CDE9066720460C4B00946E
:10F4400000F012F955B1296811B1204600F076F8A4
:10F450006B791BB1237B43F001032373204600F03B
:10F46000D7FBC4F8C84009B0F0BD0120D8E700BF01
:10F4700031F1030037B501900846EFF311844021C4
:10F4800081F31288BFF36F8FC16811F01E0F16D180
:10F4900053EA020508D101A9FFF70EFF84F3118892
:10F4A000BFF36F8F03B030BD41F00801C160019917
:10F4B00010308161034900F05FFD0120EEE700207C
:10F4C000ECE700BF799F040001460148FFF7D2BF77
:10F4D000D8560120F7B50C4616461D460190EFF3AD
:10F4E0001187402383F31288BFF36F8F08460AF019
:10F4F000FAFC55EA060309D1204601A9FFF7DCFE14
:10F5000087F31188BFF36F8F03B0F0BDE368324615
:10F5100043F00803E360019B0449A36204F1100077
:10F520002B4600F029FD0120EAE700BF799F040087
:10F5300001460148FFF7CEBFD856012010B504465A
:10F5400008B9054B9C681F2204F188000BF0D8FF16
:10F55000002084F8A70010BD007401200B4B9A68AE
:10F56000537B13F001030FD1D2F8A8201168B1F139
:10F57000F03F09D04FF0F031116083F31188BFF3F1
:10F580006F8F0223184602DF704700BF007401200E
:10F590002DE9F04F984685B000F15803C0E91633C5
:10F5A000129B0025037304234373119BD71D8373A0
:10F5B0004FF0F03327F0070701EB070A0E46C0E9CA
:10F5C00006558560C5730B6051460446DDF838B0BA
:10F5D000DDF84C90EFF7D4FF109B073020F00700C8
:10F5E000C4E92A67C4F8B00002930F9BAAEB000796
:10F5F000CDE900B33A46434631462046F0F746FB94
:10F600000F9BC4E91D8BE367109B656584F8705000
:10F61000C4F88030EFF31183402282F31288BFF3E5
:10F620006F8F104E326A3462C4F8842083F31188DD
:10F63000BFF36F8FB9F1000F11D01F22494604F1BB
:10F6400088000BF05DFF84F8A750B3680BB1D3F8C6
:10F65000B4303846C4F8B43005B0BDE8F08F84F853
:10F660008890F2E700740120F0B5002587B0059579
:10F67000109DDDE9127604950F9D044603950E9DBD
:10F6800002950D9D01950C9D0095FFF781FFB6F148
:10F69000FF3F08BFB7F1FF3F05D056EA070305D18A
:10F6A000204600F0B5FA204607B0F0BD3A46334692
:10F6B00004F11800014900F05FFCF4E719A204000E
:10F6C00040F201138381002310B50446C0E92A33B8
:10F6D00000F05CFE014B9C6010BD00BF0074012077
:10F6E00070B590F90D20437B002A36DBD90634D162
:10F6F0001B4C63F07F032246437352F8183FE169C5
:10F70000934207D1C0E900210860E06111E099420D
:10F71000F8D01B68002BF5D090F90E5093F90E60CD
:10F72000B542F4D0AE42F2DD5968C0E9003108605C
:10F730005860A569954200D005B9E568A3685A7B71
:10F74000D20604D1DA897F2A01D9AA6932B1AB4243
:10F7500002D0284600F068FB656170BD6361FCE77C
:10F760000074012038B590F90D200146002A437B32
:10F7700004DA03F07F0343730AF0D1FC0D4D2A46EF
:10F7800052F8184FAB68944200D004B9EC688B4231
:10F7900007D05A7BD20604D1DA897F2A01D9A2691F
:10F7A0002AB1A34202D0204600F03EFB23466B6103
:10F7B00038BD00BF0074012010B50446FFF7CEFE2F
:10F7C0006FF00A01094A9368C3F8C0100849C3F8EA
:10F7D000BC404B6843F080534B60002383F3118897
:10F7E000BFF36F8F9368D3F8C00010BD0074012081
:10F7F00000ED00E0B3F1FF3F08BFB2F1FF3F03D0DF
:10F800000249183000F0B8BB704700BF19A20400CD
:10F8100070B590F90D200146002A437B04DA03F00D
:10F820007F0343730AF07BFC1C4C4B7B224663F046
:10F830007F034B7352F8183FE069934207D1C1E947
:10F8400000200160E16111E09842F8D01B68002BB4
:10F85000F5D091F90E5093F90E60B542F4D0AE4256
:10F86000F2DD5868C1E9003001605960A569A368FC
:10F87000954200D005B9E5688B4207D05A7BD20685
:10F8800004D1DA897F2A01D9AA692AB1AB4202D010
:10F89000284600F0C9FA2B46636170BD0074012050
:10F8A000F8B5DDE906670D4B0C46986811460C4A21
:10F8B0001060EFF31182402282F31288BFF36F8F42
:10F8C0009D6828460AF03DFC284632463B46FFF735
:10F8D00091FF2046BDE8F840FFF76EBF007401209D
:10F8E0002C740120F8B50446EFF31187402383F30D
:10F8F0001288BFF36F8F437B49B203F01F02002AC7
:10F900000CBF0126002639D103F07F032D4D437330
:10F910000AF005FC2A46437B817363F07F0343733F
:10F9200052F8183F934227D1E869C4E900200460E7
:10F93000EC610FE09842F8D01B68002BF5D093F9EA
:10F940000EC06145F6D08C45F4DD5968C4E900313C
:10F950000C605C60AC69944200D004B9EC68AB68A0
:10F960009C4202D0204600F05FFA6C6187F3118858
:10F97000BFF36F8F3046F8BDE869DEE79B071ED501
:10F9800085680AF0CCFB81732B689D4209D16B68B6
:10F99000C4E900531C606C60E8E76A689342F6D0E3
:10F9A0001B68002BF3D093F90E209142F5D08A42C8
:10F9B000F3DD5A68C4E9003214605C60D6E78173F5
:10F9C000D4E700BF0074012049B9EFF3058030B9D6
:10F9D000054B5A699B689A4201D0FFF7EDBE81F34F
:10F9E0001188BFF36F8F704700740120034648B938
:10F9F000EFF3058232B9064A51699268914201D00B
:10FA0000FFF7DABE83F31188BFF36F8F704700BF33
:10FA100000740120EFF31181402383F31288BFF3B8
:10FA20006F8F054B9A68D37B013BD37381F31188A9
:10FA3000BFF36F8F704700BF0074012070B5EFF304
:10FA40001186402383F31288BFF36F8F144DAB6888
:10FA5000DA7B0132DA732A4652F8184F944200D00A
:10FA600004B9EC685A7BD20604D1DA897F2A01D91D
:10FA7000A2692AB1A34202D0204600F0D5F923465C
:10FA80006B6186F31188BFF36F8FEFF31180402312
:10FA900083F31288BFF36F8FBDE87040FFF7A6BFF6
:10FAA00000740120024B03F11802C3E906227047DB
:10FAB0000074012070B5EFF31186402383F31288A0
:10FAC000BFF36F8F1B4CA168E0690B68814214BFC4
:10FAD0001A46002249680B605960A368E1692AB997
:10FAE000154AC3E900210B60E3610CE093F90E00B5
:10FAF00092F90E50A84218D0854216DD5168C3E92C
:10FB000000210B605360A5690B4B9D4200D005B9E5
:10FB1000E568A3689D4202D0284600F085F965613A
:10FB20003046BDE87040FFF747BE8A42D8D0126821
:10FB3000D5E700BF0074012018740120F8B550EA21
:10FB4000010306460C4603D1FFF7B4FF0020F8BDC1
:10FB5000EFF31187402383F31288BFF36F8F124DA9
:10FB6000124BA8681860FFF7FDFDA86823463246CF
:10FB70000F49183000F000FAAA680446537B384653
:10FB800043F004035373FFF717FEAB68D3E90A236E
:10FB9000B3F1004F08BF002AD8D10AF003FC201AA5
:10FBA00020EAE070D3E700BF007401202C7401202C
:10FBB00019A2040038B504460D46FFF7BFFFB5F1A2
:10FBC000FF3F08BFB4F1FF3F0246204618D0002394
:10FBD0004FF47A7447F611201946C2FB040147F628
:10FBE0001222904271F100020BD3084B834243F67C
:10FBF00008538B4107D347F612220023E4F74AF853
:10FC000038BD1846FCE76FF00040F9E7ED85FFFFCF
:10FC100038B50446EFF31185402383F31288BFF310
:10FC20006F8F437B5B070FD518300AF093FB637B24
:10FC3000204623F004036373FFF752FD2946BDE815
:10FC400038400448FFF7C0BE85F31188BFF36F8FBB
:10FC500038BD00BF80840120014B9868704700BF09
:10FC6000007401202DE9F8430446077BEFF311856A
:10FC7000402383F31288BFF36F8F437B190705D5A9
:10FC800085F31188BFF36F8FBDE8F883D90943F07E
:10FC9000080260D14273A36813B120460AF047FA04
:10FCA00004F118000AF056FBA66D04F15808B0459F
:10FCB00011D04FF0000976B130460AF038FA06F15B
:10FCC00018000AF047FB3046C6F8C090FFF708FD61
:10FCD000A66DB045EFD1DFF8C480D8F808309C425B
:10FCE00041D1EFF30589B9F1000918BF4FF00109BF
:10FCF000D8F818602A4A964200D00EB9D8F80C609D
:10FD0000B34202D0304600F08FF82046C8F81460A5
:10FD100005F0A3F9204600F0DFF8B9F1000F02D09A
:10FD20002048FFF7CDFCD8F808309C4231D1EFF3E2
:10FD3000058373BB227BD20718D42846FFF73CFD0E
:10FD4000FB07A1D5002383F31188BFF36F8F042332
:10FD5000184602DF98E703F07F0343F0080343737C
:10FD60000AF0DDF997E74FF00009C1E785F3118844
:10FD7000BFF36F8F83F31188BFF36F8F042318468F
:10FD800002DFEFF31180402383F31288BFF36F8FFC
:10FD9000D4E785F31188BFF36F8FD1E7007401209A
:10FDA00018740120C0570120D3B5DDE90667089C0F
:10FDB000CDE90067FFF774FD1CB1034B9B681B691D
:10FDC000236002B0D0BD00BF007401200122044BAB
:10FDD000C01A044BC0105843034B1A54704700BF5D
:10FDE00088580120ABAAAAAA80840120C3897F2B4E
:10FDF00012D80A4B1B6863B1094B90F90E201B689F
:10FE00009A4209DB437BDB0606D1064BC31A18BFB7
:10FE1000012303F0010070470023FAE7080D0020DA
:10FE2000307401204855012070B50E4B0E4C1E7CDD
:10FE3000054606EB460304EBC30420460AF08AFAA3
:10FE400000220A4B28469A55FFF7D0FF48B1084BCD
:10FE50002046BDE870401A680649013AD31700F001
:10FE60008BB870BD00740120885801208084012067
:10FE7000080D0020CDFD030038B5EFF311854023B8
:10FE800083F31288BFF36F8F104B114A9C68106880
:10FE9000A04206D1FFF7C8FF85F31188BFF36F8F2B
:10FEA00038BD00211B7C11600A4AD35C002BF3D0C3
:10FEB0002046FFF79BFF0028EED0637BDB0602D1D4
:10FEC0002046FFF7A5FC2046E4E700BF00740120B0
:10FED0002C74012080840120EFF31181402383F3EF
:10FEE0001288BFF36F8F0C4A136A834208D1D3F88C
:10FEF0008430136281F31188BFF36F8F704713460C
:10FF0000002BF7D0D3F884208242F8D1D0F8842097
:10FF1000C3F88420EEE700BF00740120024B18688C
:10FF2000984208BF002070470C0D0020034B1B684F
:10FF30000BB9FBF729BA0020704700BF34740120C9
:10FF400030B570B10B4B5B6898420AD0036843B17F
:10FF5000D3E90421D0E90445121941EB0501C3E9B5
:10FF60000421D0E9003213605A600023C0E9003355
:10FF700030BD00BF0C0D0020B3F1FF3F08BFB2F150
:10FF8000FF3F2DE9F84F0446994615461F467AD0A3
:10FF90008160EFF31188402383F31288BFF36F8FE2
:10FFA000B9F1000FDFF8E4A020DBFFF7BFFFDAE9CB
:10FFB0000027013549F100092D1849EBE073064689
:10FFC0004FF00109C4E90453AD1843EB0707FFF7ED
:10FFD000A5FF0346DFF8B8E0DEF804A0EBB9C4E9FA
:10FFE00000EACAF80040CEF8044028E06FF00103B0
:10FFF000DAE900125B1A4FF0FF3161EB02025B1B82
:020000040004F6
:1000000062EB0902012B72F10001BCBF0123002247
:100010004FF00009C0E90432D9E7D3E9041CD4E960
:1000200004208A4270EB0C0B24DA891A5A686CEBB4
:100030000000C3E90410C4E9003214605C60FFF7FB
:100040006DFF84420ED1134B1B685BB9B9F1000FF1
:1000500002D1FFF76BFF064630460AF064F9002133
:10006000FBF7C2F988F31188BFF36F8F2846394632
:10007000BDE8F88F521A60EB0C009A45C4E90420E1
:10008000ADD01B68AAE700252F46EFE7A058012056
:100090000C0D0020347401202DE9F047EFF3118599
:1000A000402383F31288BFF36F8FDFF8A090002600
:1000B000C9F800000027FFF731FFDFF89480D9F876
:1000C0000030D8E900ECD91750B1D0E90442A3427E
:1000D00071EB020A1BDAE41A62EB0102C0E9044286
:1000E000002413EB0E034CEB01012046C8E900315C
:1000F000C9F800400AF017F92146FBF775F985F3B6
:100100001188BFF36F8FBDE8F047FFF7B5BE14EB62
:100110000E024CEBE473C0E90467C8E90023FFF763
:100120000FFF85F31188BFF36F8F83689847EFF354
:100130001185402383F31288BFF36F8FD9F8003005
:100140001B1BC9F80030FFF7E9FEB8E73474012043
:10015000A058012010B5EFF31184402383F31288D7
:10016000BFF36F8FFFF7E2FE0346054AD2E90001B5
:10017000181841EBE37184F31188BFF36F8F10BD42
:10018000A0580120F8B50546EFF31187402383F30B
:100190001288BFF36F8F036823B187F31188BFF311
:1001A0006F8FF8BDD0E90A46611C46F100020229B2
:1001B00072F1000236D3012C76F10002BCBF01249B
:1001C0001E46013C46F1FF360AF0F0F8013041F1DD
:1001D0000001001946EB0101012871F1000130DB3B
:1001E0000AF0E4F86FF00203013041F10001001958
:1001F00046EB010183426FF000438B4126DB0AF09E
:10020000D5F8013041F100016FF00102001946EB11
:1002100001034FF0FF31121A61EB030328461C491A
:10022000FFF7AAFE2B6B01332B632B6A93B93C4675
:100230002B4653F8185F9D4200D0D5B984F311883E
:10024000ADE76FF001024FF0FF33E7E700224FF018
:100250000043E3E787F31188BFF36F8F28462B6ACB
:100260009847EFF31184402383F31288BFF36F8F15
:10027000DEE7284609F09CFF0023C5F8C03084F370
:100280001188BFF36F8F2846BDE8F84009F081BFA1
:10029000850104002DE9F04105461C4690461F46A5
:1002A000EFF31186402383F31288BFF36F8FB4F10D
:1002B000FF3F08BFB2F1FF3F05D186F31188BFF3BE
:1002C0006F8FBDE8F081002C09DB012A74F1000377
:1002D000BCBF0122002412F1FF3844F1FF37284649
:1002E0000AF038F8DDE906010023C5E90A012B63AD
:1002F00042463B4628460249FFF73EFEDDE700BF87
:100300008501040038B50346EFF31185402282F3DE
:100310001288BFF36F8FC160012181600068834242
:1003200006D185F31188BFF36F8F0024204638BDB6
:10033000D0E9003213605A600023C0E900330AF0AC
:10034000A5F8294604460248FFF73EFBEEE700BF4A
:10035000818401202DE9F04105460E46174609F03B
:10036000D6FE30B9074B9B68D3F8B44014B9BDE84A
:10037000F081054C3B46324629462046BDE8F04117
:100380000AF0E6B800740120B00E0020014BC0F85E
:10039000B4307047B00E00200146024A0020FFF73B
:1003A000D9BF00BF093D040001680E4A03469142CF
:1003B00015D1C169A2F11022A2F1EF1291420ED122
:1003C0008268012A0BD8C26812B101698A4206D03C
:1003D000586928B19B691B1A58425841704701203F
:1003E000704700BF55AA00FF70B50D4B9E68A6B1BF
:1003F0003046FFF7D9FF044678B9F3686BB9356921
:100400000DB9204670BD2846FFF7CEFF28B9EB682E
:10041000B34202D12E462D69F2E70124F1E700BF75
:10042000387401202DE9F041444B454C05461B68CA
:1004300020468846984718B100242046BDE8F08140
:10044000A4F1140754F8144CFB68DCB1BC68CCB1BF
:10045000002D66D0B8F1000F65D008FB05F6B6FB9D
:10046000F5F5A84561D1311D5FD8B20711D026F04E
:10047000030204321C4603E06168914257D2A4692A
:10048000002CF9D12F4B2E481B6898470028D4D058
:10049000D2E73246EEE7891A232904F120051CD859
:1004A0000123A360D4E90523AAB19361A3690BB129
:1004B00062695A610023C4E905333B69DB0703D550
:1004C000FFF792FF002835D13246002128462C46FE
:1004D0000AF0D7FFD6E7FB60E8E702F1200C04EB57
:1004E0000C032039C3E90110DC6021691648196149
:1004F00044F80C00A0F11020A0F1EF10D86101B178
:10050000CB6061695961A069986141B18B6199695A
:1005100001B14B6101212361C4E90121CAE7FB60FC
:10052000F5E72C46AEE74446ACE70446AAE7A068E8
:100530000028B0D0012002F0E3F900BF400D0020F8
:100540004C7401203C0D002055AA00FF70B5464BAD
:10055000464C05461B6820469847002840F082809C
:10056000002D43D054F8143CA4F11406002B3DD0C8
:10057000B268002A3AD09D4203D3726813449D4268
:1005800002D3012002F0BCF9A5F120042046FFF7B8
:100590000BFF0028F5D155F8183C012BF1D155F887
:1005A000143C45F8180C3BB39A682ABB55F81C2C30
:1005B00002F120015A680A445A6055E905321A616D
:1005C00055F8145C2B6903B1DD6020220021204620
:1005D0000AF057FF286910B18368002B2ED03369C9
:1005E0009B0703D5FFF700FF0028CAD1BDE8704084
:1005F0001F4B1E481B68184755F8100C00282AD0BE
:10060000836843BB426863681344203363600369B3
:100610002361D4E905239AB9CBB94369636182693F
:10062000A261B3B19C61A36903B15C61236903B1A9
:10063000DC60202200210AF024FFD0E72C46E1E70D
:100640009361A369002BE8D062695A61E5E7F36022
:10065000F7E7F460E7E7F36845F8083C03B15C614D
:10066000F460BCE770BD00BF400D00204C74012059
:100670003C0D002038B50C462822002105461548BF
:100680000AF0FFFE144B15481B689847144915489B
:1006900000F038F8232C1CD915F003031FBF043CCD
:1006A000E418C3F10403ED182246002128460AF09D
:1006B000E8FE084B0C49C3E90054203C9D606C6087
:1006C0009A6811609A68A1F11021A1F1EF11D1612E
:1006D000DA6038BD38740120440D00204C740120CC
:1006E0004D0504002504040055AA00FF014B1B68BA
:1006F000184700BF180D0020014B1B68184700BFAA
:10070000140D0020024B1860024B00201960704746
:10071000180D0020140D002010B50A46044619B12A
:10072000024B00211B68984710BD00BF1C0D002024
:10073000F8B50D4E0D4C0E4D33680E48984767784E
:100740002B680C48984733680B489847022F08D10C
:100750002478E31F5C425C412B6807489847204699
:10076000F8BD0024F8E700BF400D002060740120B0
:100770003C0D00203C0F0020280F00200E4B0340B2
:10078000B3F1607F06D1B1F5885F14BF6FF08600CA
:1007900000207047B3F1707F0BD101F4E043B3F553
:1007A000005F06D111F4E06F0CBF6FF086000020EF
:1007B00070476FF0860070470000C07F8A4270B5B6
:1007C00006460D4600F0ED80784922F4FF7323F0D1
:1007D00001038B4213D022F0FF0001F588518842BB
:1007E0000DD0734C22F47F7121F00301A14206D099
:1007F0007049884203D001F574518B422CD16E4B65
:1008000025F0FF0199420FD115F0FF000BD06B4B83
:1008100040F00070984240F0C68082EA0500FF2850
:100820008CBF0020012070BD654B9942ECD0A3F530
:1008300088539942E8D025F4FF7323F00103B3F104
:10084000062FE1D05B488142DED05E498B42DBD08F
:10085000A1F584418B42D7D005F0FE43B3F1A06FE0
:1008600013D102F0FE43B3F1A06F40F0888082EA1A
:10087000050333F47E1340F082802E047FD5C5F348
:100880000540C2F305429042CAE74F498D420BD161
:100890004E4B9A4200F085804D4B22F47E109842D8
:1008A00014BF00200120BEE7B3F1407F67D102F002
:1008B000FE43B3F1407F62D182EA050030F47E143A
:1008C0005DD131462846FFF759FF00286BD1414BD7
:1008D00012F47C1103EA020318D0B3F1607FC2F373
:1008E00005413DD13C48D3B243F0007383423BD035
:1008F00003F17E43043B112B01D83848C45C15F446
:100900007C1FC5F3054331D18C42C9E7B3F1607F49
:100910000DD13148D3B243F0007383421ED003F1AE
:100920007E43043B112BDDD82D49C95CDAE7B3F1D6
:10093000707FE4D106F4E043B3F5005F03D10121F9
:10094000C6F30223994006F4E043B3F5005FD6D125
:100950000120C6F3022600FA06F4D0E71021C1E711
:10096000B3F1707FCBD1EEE71024C8E712F47C1FFF
:1009700001D1A34215D02C0401D58B4250E725F0BC
:10098000004323F47F03B3F1106F0CD102F0FE4358
:10099000B3F1106F07D11348104040F01060A84227
:1009A0007EE701203FE700203DE700BF0002000690
:1009B000000400060009000600030006FF00000214
:1009C00000130006004600060093C0040013C00494
:1009D000000140050000C07F03000002352D050026
:1009E000352D05000000FFF62DE9F843884617462F
:1009F0001C4600F013FC054688BBD8F80060B6F82A
:100A0000009009F4E043B3F5804FB36808BF27F0C6
:100A1000010737EA03031AD10CB3274B24F0FF0276
:100A20009A421FD114F0FF0304D0244A43F000730C
:100A3000934236D022464846F168FFF7BFFE07468C
:100A400068B9224648463169FFF7B8FE90BB6FF09F
:100A5000840500233046C8F8003000F0A5FC284685
:100A6000BDE8F883164B9A42DCD0A3F588539A422E
:100A7000D8D024F4FF7323F00103B3F1062FD1D0B3
:100A800010498A42CED0104A9342CBD0A2F584427C
:100A90009342C7D004F0FE43B3F1407F04D1230456
:100AA000C8D56FF08605D4E7B3F1A06FF7D0034B3C
:100AB0009C42BEE73D46D2E700030006FF0000026D
:100AC00000130006000900060046000670B5114B31
:100AD00005461B6810480E469847044618B16FF04B
:100AE0008F04204670BD6B6933602B7F012B04BFE0
:100AF00002232B77094B18BF30601B68064818BFCC
:100B00006FF0960498470028EBD0002CE7D06FF0E8
:100B10009604E6E7400D0020140F00203C0D002055
:100B200038B500F0FE43B3F1407F04460D4602D0D5
:100B30006FF0860038BDFFF721FE0028FAD114F4CB
:100B40007C1F12D0C4F30543032B137022D9284A0B
:100B50002240B2F1607F3DD1264AE4B244F00074F5
:100B600094422BD1102BE5D9E2E7214B2340B3F17E
:100B7000607F15D11F49E3B243F000738B4202D16D
:100B800010231370D6E703F17E43043B112B04D9E5
:100B9000002313706FF08500CCE71749CB5CD3E7D7
:100BA000B3F1707FF4D101F4E043B3F5005FEFD10E
:100BB0000123C1F302218B40DBB2C5E704F17E447F
:100BC000043C112CB4D80D4A125D9342B0D8142BBA
:100BD000B0D9DFE7B2F1707FAAD105F4E042B2F5F7
:100BE000005FA5D10122C5F30225AA40EDE700BFB1
:100BF0000000C07F03000002352D0500352D0500E3
:100C000000232DE9F34113604768D0F814800446AF
:100C10000E463846114609F094FE054688B9384616
:100C200009F091FE054660B9FFB277B9B8F1000F3F
:100C300005D1A36823F0031323F47F4363B16FF05E
:100C40008605284602B0BDE8F0810121606909F0FF
:100C500052FE0028EDD1F2E74FF6F87362889A420F
:100C600027D8154B15481B682779984710B16FF0A6
:100C70008F05E6E707B901A8314600F08DFA104B61
:100C800005461B680D48984710B1002DD9D1EEE7F5
:100C9000002DD6D10FCCD6F800C066460FC694E81A
:100CA000070086E80700002FCBD1019BCCF8143059
:100CB000C7E76FF08505C4E7400D0020140F002042
:100CC0003C0D002010B5044660B1074B07481B6877
:100CD0009847204609F03DFDBDE81040044B03480D
:100CE0001B68184710BD00BF400D0020140F0020E6
:100CF0003C0D002037B50446C0B101A900F08EFAC2
:100D0000044698B91F4B20481B6898471F4D38BBB5
:100D10000198037F032B11D109F0FEFD2B680446D7
:100D20001948984728B10CB96FF08F04204603B0DA
:100D300030BD002C08BF6FF08704F7E7022B1BD1F2
:100D4000032303770379FF2B19D04369104A03F17A
:100D50004043A3F58053934202D800F009FC0446B7
:100D6000019809F0D9FD2B68002818BF04460648F1
:100D700098470028DAD0D6E76FF09604F0E76FF0D6
:100D80008404EDE7400D0020140F00203C0D0020EE
:100D9000FFDFFF3F2DE9F04116461F46002288B0D5
:100DA000038805468846CDE9042207963A60002E5E
:100DB00062D0B6F1005F80F09E8023F0FF03B3F5B0
:100DC000E24F02D0B3F5824F22D1284609F0ECFB66
:100DD0000446002840F08380EB686BB16A885AB102
:100DE0002B8803F44F41B1F5824F05D1DBB2222BA2
:100DF00037D02DD8122B39D04246002308EB0601FC
:100E000012F8010B914243EA0003F9D1002B33D0D1
:100E1000284605AA04A9FFF7F3FE0446A0B9049BDF
:100E20009B6A63B3049B41465A882846069206AAE9
:100E3000029203F1280201929A6A00925B6A32469A
:100E400000F000FB044678B30498FFF73BFF46E050
:100E5000273BDBB21B2BCFD8284921FA03F3DB0752
:100E6000CAD50732B6EBD20FC6D205E040F209234D
:100E70009A42F6D1402EBFD86FF086042FE06B68FF
:100E80001B0A07D10799049809F023FC044600289F
:100E9000C8D0D9E732464146284607AB00F0A2FA4F
:100EA00004460028EED0CFE70499069B4A88D2B9C1
:100EB0004B804FF6F873069A04989A4218D82B88FC
:100EC00013B102889A4210D16B8813B142889A42BA
:100ED0000BD13946FFF7FAFD04460028B4D120466D
:100EE00008B0BDE8F0819A42E3D06FF08604ABE72A
:100EF0006FF08504A8E76FF08504F0E70102000CAD
:100F000038B504460D46FFF713FC30B12A4621469A
:100F1000BDE83840024809F040BD6FF0880038BD98
:100F20006474012070B51D4E1D4C33681D489847F0
:100F30002378590744BF23F00403237023789A07CA
:100F400005D500F00FF9237823F002032370164D26
:100F500014482B689847336814489847637813B14E
:100F6000134809F01DFD0023042111486370FFF7A9
:100F7000D3FB2B680D48984733680A489847237875
:100F8000DB0705D509F0E8FC237823F00103237083
:100F90002B680448BDE87040184700BF400D002092
:100FA00060740120280F00203C0D00203C0F002021
:100FB000647401202DE9F041FFF7BAFB18B1002459
:100FC0002046BDE8F081364F36483B6898470446D6
:100FD00020B16FF08F04FFF7A5FFF1E7324D2B78BA
:100FE000D80706D409F0B6FC04462B7843F0010379
:100FF0002B702E4E2B483368984710B1002CE8D048
:10100000E9E7002CE7D13B682648984704460028CA
:10101000DFD12B78990706D400F09CF804462B7892
:1010200043F002032B7033681E4898470028E5D12F
:10103000002CD0D13B681B4898470028C9D13368A1
:10104000184895F8008098470028C2D13B68184896
:10105000984704460028BCD16B7843B918F0010FBB
:1010600005D0144809F096FC022304466B703368DF
:101070000F4898470028C1D1002CACD13B680948E3
:1010800098470028A5D12B7806485A075CBF43F043
:1010900004032B7033689847002890D099E700BF6D
:1010A000400D0020280F0020607401203C0D00201E
:1010B0003C0F00206474012038B5074C074B2046D4
:1010C0001B689847064B204693F88055054B1B68D4
:1010D0009847284638BD00BF280F0020400D00204B
:1010E000687401203C0D002000F140431F2B70B5B7
:1010F00005460E460CD82C22154C02FB0344237FD8
:10110000022B02D16369834218D06FF08B001AE082
:10111000012109F0F0FBB8B10D4B00221C46197FEC
:10112000022902D15969A94205D00132202A03F1CE
:101130002C03F4D1E9E72C2303FB0244204609F0F9
:10114000CDFB00B9346070BD6FF08700FBE700BFD6
:10115000687401200122024B002083F8802570472B
:10116000687401202DE9F0410A4C002526464FF015
:10117000010803272046C4F820802777013509F0AD
:10118000E8FA202D04F12C04F4D1002386F88035F0
:10119000BDE8F08168740120F8B506460F46FFF7F8
:1011A0008BFF80B300241B4B22461D46197FD1B113
:1011B0003CB9022905D1196A19B91979002918BF52
:1011C0001C460132202A03F12C03EFD114B96FF031
:1011D0008C0006E0204609F081FB204609F0B9FAB0
:1011E00010B100240DE01C46237F7BB90123237737
:1011F00036B1094B651BAD105D4305F18045356087
:1012000000203C60F8BD6FF08800EAE76FF09600C0
:10121000E7E700BF68740120A38B2EBA00232DE9F5
:10122000F0410B6090B005460E46FFF745FF0028E1
:1012300000F0AF80584B59481B689847804668B902
:1012400031462846FFF750FF10F18C0F0446544FEB
:101250000AD03B685148984710B10CB96FF08F0421
:10126000204610B0BDE8F08131464046FFF794FFBC
:10127000044618B13B6849489847F1E701223368B2
:1012800001465D61336809A85A601C2235680AF07E
:10129000F8F8002200236869CDE90623414A00F1ED
:1012A0004043A3F580539342CDE90444039405D908
:1012B000284609F04EFA6FF0870420E006AA03A939
:1012C00009F071FB0446002837D1039B6A690A9331
:1012D000DBB2002B08BF00220346CDE90000DDE9A8
:1012E00006010E9209AA00F0DFF810F18A0F0446F9
:1012F00008D030680CBB09F02CFA6FF0960400237C
:101300003360A6E704A909A800F084F80446A0B950
:101310002846049909F0DDF9044670B9DDE90601B3
:1013200005AB0193AB6A09AA00936B6A00F0BCF8A5
:10133000044648B1284609F001FA306809F009FA74
:1013400014F18C0FDBD1B6E7059B09ACAB620FCC77
:101350000FC594E8070085E8070033689A68D00451
:1013600013D49A68910444BF42F400629A603368CF
:101370001A7F012A04BF02221A77306809F0AEFAF8
:10138000044600283FF465AFB9E742F480629A60F2
:10139000E7E76FF0880463E7400D0020140F00209A
:1013A0003C0D0020FFDFFF3F10B50B4B04461B68D0
:1013B0000A48984718B16FF08F04204610BD2046A8
:1013C00009F0AAFA064B04461B680448984700280F
:1013D000F3D0002CF1D1EEE7400D0020140F0020D7
:1013E0003C0D0020194610B4002443680C60074CE3
:1013F0001A0AB4EB132F02D0054B9A4202D110BC4B
:1014000000F09CB96FF0860010BC7047004E800061
:101410004B4E800010B4002443680C60074C1A0A3D
:10142000B4EB132F02D0064B9A4202D110BC00F04D
:1014300085B96FF0860010BC704700BF004E800079
:101440004B4E80002DE9F04FDFF854B0D0F804E0A7
:101450000446DDE90989BBEB1E2F0D4616461F46E3
:10146000DDF82CA04FEA1E2C0AD0DFF838E0F44556
:1014700006D0BCF1000F0FD1BDE8F04F09F03CB928
:101480003B46324629462046CDE90A9ACDF82480CB
:10149000BDE8F04F00F00EBC6FF08600BDE8F08FA5
:1014A000004E80004B4E8000F0B4DFF82CC0546832
:1014B000DDE90456BCEB142F4FEA142702D0074C89
:1014C000A74204D1CDE90456F0BC00F039BC6FF05E
:1014D0008B00F0BC704700BF004E80004B4E800078
:1014E000F7B5089E0E4FF5B2044645F00075486802
:1014F000BD424FEA10200DD010B10A4DA8420CD1C8
:10150000009604F1080009F01DFB08B905232360CB
:1015100003B0F0BD6FF08500FAE76FF08600F7E7E3
:10152000050000024B4E8000F7B5089E0E4FF5B245
:10153000044645F000754868BD424FEA10200DD0C2
:1015400010B10A4DA8420CD1009604F1080009F030
:10155000FBFA08B90523236003B0F0BD6FF08500E6
:10156000FAE76FF08600F7E7050000024B4E8000B7
:101570004268044BB3EB122F01D109F081BB6FF02D
:10158000850070474B4E800010B50C4C206809F068
:10159000C3FE0B4A1368591C11604BB9094A482015
:1015A000D2F8003443F00703C2F80034EEF710FB22
:1015B0002068BDE8104009F0B5BE00BF240D002032
:1015C000EC7901200080045038B5164D286809F0E8
:1015D000A3FE154B1C68013C1C60ECB94820EEF7DB
:1015E00005FB0722114BC3F80823D3F8002422F08F
:1015F0000702C3F80024C3F80041D3F80021C3F860
:101600000441D3F804214FF48072C3F80841D3F8A1
:101610000831074BC3F888212868BDE8384009F035
:1016200081BE00BF240D0020EC7901200080045011
:1016300000E100E070B5104D104E2B68B3420DD0A4
:10164000FFF7A2FF01F0A0F801F0DCF840B109F0CB
:10165000ACF90446FFF7B8FF44B92E60002405E05A
:1016600000F044FD044618B1FFF7AEFF204670BD00
:1016700009F0A3FBEDE700BF200D0020117365000A
:10168000F8B505460E4618461C2117461C4609F0BB
:101690000CFA6B6821491A0AB1EB132F1BD1204AAF
:1016A000337822611F4A13F00303E26066610CD0B5
:1016B000023303F00303012B26D86B880733DB08C2
:1016C0006360194B23600020F8BD6B880733DB088B
:1016D0006360164BF6E7164B9A4212D16A69154BB6
:1016E0001344022B13D90023224642F8183FC4E9C1
:1016F000033362616A69104B9A4201D12023E7E704
:1017000047B1C4E90067DEE76FF08400DCE76FF003
:101710008500D9E76FF09600D6E700BF4B4E8000FA
:10172000B11D040083AD0400000000204000815181
:10173000004E8000FF3F008004C0FF7F10B51E4CAC
:101740004368B4EB132F4FEA132215D142691B4BA8
:101750009A420CD003F5FF437D331344012B03D889
:101760000388B3F5105F24D06FF0860019E047F2CC
:10177000121302889A42F6E7114B9A42F4D102887A
:1017800002F44F43B3F5824F0CD1438844F2121058
:10179000073382424FEAD30301D15B0001330020BB
:1017A0000B6010BDB2F5885F03D143880733DB08B7
:1017B000F5E70223F3E700BF004E800001C0FF7F82
:1017C0004B4E80004FF480732DE9F04796B0804671
:1017D00003A80393002409F074F94FF010091E4E7A
:1017E0000DF12F0525F01F0506F1200A0122102119
:1017F0001A4809F045F92B1900935246102320216D
:101800001548CDF8049000F0A3FD0746F8B9D6E9D5
:101810000C321034013342F10002302CC6E90C3294
:10182000E4D1B8F1000F04D022464146284609F021
:101830001AF92E46084C0FCE0FC496E80F0020353B
:1018400084E80F0095E80F00103484E80F00384654
:1018500016B0BDE8F08700BFA8580120C858012085
:10186000F0B5194D194FAB6B8DB0BB4229D0184E56
:10187000306809F051FD402300221946284609F03E
:1018800009F93021684609F029F9044678B9684613
:10189000FFF798FF044690B9302302461946684680
:1018A00009F0F8F801220023C5E90C23AF63306882
:1018B00009F038FD204609F078F80DB0F0BD0E248F
:1018C000F5E70020F9E700BFA8580120B4A5B4A5AA
:1018D000280D00202DE9F04F99B00DF1570802F1C5
:1018E0000F0982460E46144628F01F084FEA1919C0
:1018F00022B100296DD0B2F5803F6AD8364F374DFE
:10190000386809F009FDD5E90C3213430BD1504674
:10191000FFF7A6FF834630B1386809F003FD58464B
:1019200019B0BDE8F08FD5E90C2319EB020243F1A1
:101930000003B3F5803F14D3302102A809F0CEF89C
:10194000E8B902A8FFF73EFF83460028E4D1302320
:101950000246194602A809F09DF800220023C5E9B5
:101960000C234FF4807302A8029309F0AAF8DFF861
:1019700070A03CB92046FFF725FF8346CCE76FF007
:10198000920BC9E7102C4FF001024FF010015046A6
:10199000A14628BF4FF0100909F072F810235246F3
:1019A0002021CDE900830D4800F0D2FC83460028B9
:1019B000B2D14A463046414609F03CFDD5E90C32E9
:1019C000013342F10002C5E90C32A4EB09044E4494
:1019D000CFE76FF0860BA2E7280D0020A858012062
:1019E000C85801200022074BC3F81021C3F80C216E
:1019F000C3F80021C3F80421C3F80821C3F8142157
:101A0000704700BF0050045008B5FFF7EBFF0123FB
:101A10000360104B0A6832B9D3F80C211AB9D3F815
:101A20000821002AF6D00B687BB90B4B99420ED0E7
:101A3000A3F58473D3F80831002B0CBF4FF0FF30AF
:101A40006FF00200FFF7CEFF08BD0020FAE74FF06D
:101A5000FF30F7E7005004500851045038B50546F0
:101A60000C4691B10021012007F026F808480949E9
:101A7000C0F80055C0F80445FFF7C6FF0021044632
:101A8000084607F019F8204638BD6FF00104FAE760
:101A90000050045000510450034B0449C3F80005A2
:101AA0000348FFF7B1BF00BF005004500451045079
:101AB0000450045010B504460021012006F0FCFF3C
:101AC000064B0749C3F800450648FFF79DFF002174
:101AD0000446084606F0F0FF204610BD00500450B2
:101AE000085104500850045038B50C4659B1074D00
:101AF0000749C5F800050748FFF786FF10B9D5F874
:101B00000835236038BD6FF00100FBE7005004503A
:101B1000105104500C500450F0B40568049C8DBB67
:101B200014F47C1604600AD0C4F30546194D24F45D
:101B30007E14AC42466029D1F0BC00F07DB8164D51
:101B40002540B5F1607F0DD1144FE5B245F0007529
:101B5000BD4215D005F17E45043D112DE6D8104E4D
:101B6000765DE3E7B5F1707FE0D10D8805F4E047DD
:101B7000B7F5005FDAD10126C5F30225AE40D5E7FF
:101B80001026D3E76FF08800F0BC70476FF0850037
:101B9000FAE700BF0002C0030000C07F030000029C
:101BA0004E2D050010B4046844B15AB1084B24F41A
:101BB0007E149C4208D110BC08F0CFBF6FF08800A3
:101BC00010BC70471046FBE76FF08500F8E700BFD8
:101BD0000002C003F8B51E46036805460F4603B36E
:101BE00011B34168914222D8124A23F47E139342E2
:101BF00011D109F01BF8044678B905F10C013846FB
:101C00006A6809F017FC6B684FF4AA7128463360C4
:101C100008F04BFF03E06FF096040023336020468A
:101C2000F8BD6FF08804FAE76FF08604F7E76FF00D
:101C30008904F4E70002C0032DE9F0410E461D4679
:101C400033881146B3F5105F044672682CD10F2D0E
:101C500006D8174BB3EB122F04D06FF0860220E0AA
:101C6000202DFAD804F59A772A46384604F58C7860
:101C700009F0E0FB2A46434639463046FFF700FDAF
:101C8000024670B9414604F1200000F0BDFB024657
:101C900018B1BDE8F04108F088BE1023A36001230D
:101CA00023771046BDE8F0816FF08502F9E700BFA9
:101CB0004B4E80002DE9F04F1D4600238BB0DDF820
:101CC0005890DDE9146AC9F8003004460F46904682
:101CD000CAF8003066B34268184BB3EB122F2AD112
:101CE00002A9D0F814B0FFF729FD0146C8B9029B3C
:101CF000B3421AD85FFA8BFB594643463A46204610
:101D000000F0B0F8014660B92B465846CDE9006AAC
:101D100003AA00F04BFA014618B9BDF80E30C9F815
:101D2000003008460BB0BDE8F08F6FF08901F8E78E
:101D30006FF08601F5E76FF08501F2E74B4E80000A
:101D400030B4074C041961F10005032C75F100054E
:101D500002D330BC00F02ABA6FF0850030BC704767
:101D6000FF3F00804029F8B505460E4618D80E4FB3
:101D7000386809F0D1FA284609F003F808F015FE92
:101D8000044640B909493246284609F053FB402130
:101D9000064808F08AFE386809F0C4FA2046F8BD03
:101DA0006FF08904FAE700BF2C0D0020000000202E
:101DB00008B503789B0705D00548402108F075FE5B
:101DC000002008BD08F0F9FF0028F5D00220F8E750
:101DD00000000020F7B5224943680446B1EB132FF9
:101DE000DAB239D1032A03D16FF0840003B0F0BD19
:101DF000466901A9F5B2284608F06DFF0028F5D123
:101E00006A462146019808F047FF0028EED10446B3
:101E1000009FA74219D89DF8043007F0070223F06D
:101E20001F0343EA820301A88DF804308DF8056092
:101E3000FFF7BEFF3946284608F068FF0028D5D1D5
:101E400003B0BDE8F04008F079BF6019FFF724FE49
:101E50000028C9D10134DBE76FF08B00C6E700BF73
:101E60004B4E80002DE9F04F89B005460F46904655
:101E70001E4608F063FF044678B96B690090C3F30F
:101E8000013262F305148DF8004014F0300408D1DB
:101E9000A968890710D06FF08604204609B0BDE814
:101EA000F08F102C08D1BDF8023023F4F87343F4FE
:101EB000A873ADF8023064E0E968864881423DD0FD
:101EC000854881423ED105219DF8023061F303032C
:101ED0008DF802302B88B3F5105F2CD100234FF022
:101EE000010B9E4619461846D5F808C0DFF8EC915C
:101EF00059F804AB1CEA0A0F08D00BFA00F343EAC6
:101F00000E0303F07F0E012341EA0A010130072886
:101F1000EED12BB19DF803306EF347038DF80330FB
:101F20003CEA010107D16B88FF2B13D00DD8802B21
:101F30003DD0C02B3DD06FF08504AEE709219DF860
:101F40000230C3E7DBB2F82BC7E7B3F5807FF2D1ED
:101F5000042300E003239DF8021063F306118DF8BB
:101F6000021014B91CF0030F95D12B79022B2DD040
:101F700021D8012B8FD1BDF8021063F3C811ADF841
:101F80000210012A71D0032A25D0002A83D12B8880
:101F9000B3F5105FCFD1182E6FD0202E72D0102E37
:101FA0007FF479AFDFF838A101251F261BE001235C
:101FB000D1E70223CFE7032B02D0FF2B7FF46BAFD7
:101FC0000221BDF8023061F3C81372E7BDF8023098
:101FD00043F4C0736DE7412E3DD104254F26DFF851
:101FE00004A108F101080024381908F0A1FD002817
:101FF0006CD00134AC42F7D11F2E07D029463846A9
:1020000008F084FE044600287FF447AF009B4FF0A1
:10201000FF39079300239B46CDF818A0BDF8022096
:102020004344C2F3C112059201AC03F1100C2246E5
:1020300018685968083303C263451446F7D101A9EB
:1020400007EB0B00FFF70AFD044630B308F076FEFD
:102050006FF0920421E7182E19D0202E1AD0102EDE
:102060007FF419AFDFF87CA09EE7302E7FF413AF2A
:1020700003253F26DFF870A0B5E7DFF864A002254E
:102080002726B0E7DFF858A002252F26ABE7DFF8B8
:1020900054A0F4E7DFF84CA0F6E71C2101A80BF1EF
:1020A000010B08F002FDAB4506D00AEB0B12CDE99F
:1020B00006294FEA0B13B1E71F2E3FF4EEAEBA200C
:1020C000FFF7F8FC00283FF4E8AEC1E76FF08A04A0
:1020D000E3E600BF0002C0030044400454D50400FE
:1020E00040008151000000201084045010B590B0D1
:1020F0001C22002101A809F0C4F9F82008F018FDFD
:1021000008B3202200200DEB0201FFF7E3FB044699
:10211000F8B901A84FF4807108F0B4FD0E4B0F49D7
:1021200004930F4BCDE901130E4BF82106932023A6
:102130000DEB0302FFF796FE202104460DEB010094
:1021400008F0B3FC05E0F92008F0F2FC0028D8D133
:102150000446204610B010BD0010C0040024000149
:10216000014B4E80F800FF7F73B5C5B20E4628467E
:1021700001A9144608F0AFFD88B9BDF80630C3F3D5
:10218000C113013BDBB2022B8FBF6FF08600054A03
:10219000D25C054B9EBF13433360C4E9005002B0CC
:1021A00070BD00BF602D0500004B4E802DE9FF4142
:1021B000884601A9064614461D460A9F08F08BFD75
:1021C00048B9B6F1F80348F1FF38022B78F100085E
:1021D00004D26FF0860004B0BDE8F08108F0AEFDD7
:1021E0000028F8D1002CF4D09DF8041011F00F0253
:1021F00040F09280BDF80630C3F3C113013BDBB25F
:10220000022B00F28C804C4801F03001C05C4B4B3B
:10221000102943EA0003636037D1494B236020460D
:1022200002A9FFF78BFA0028D5D1029BBB427FD8C9
:1022300044F2121221880198914204BF042205F849
:10224000012B0B9A214613609DF804302A78C3F3C2
:10225000011363F301022A7003AA08BF07F1FF37D5
:1022600008F01AFD0028B6D12B78039A6E7062F33D
:1022700084032B70238803F44F42B2F5824F46D17A
:1022800039462846FFF76EFDA5E7134690469DF8B0
:1022900007002C494008C8B94146204608F0F2FC26
:1022A0009DF8063003F00F02052A1AD0092A3CD106
:1022B000254A4FF41051C3F30213013B2180E26021
:1022C000032B12D8DFE803F00F1C1E20C20705D530
:1022D000062B27D851F8232048EA0208400801338A
:1022E000D9E71A4AE5E7802363809DF8043013F0AC
:1022F000300F94D118F0030F91D06FF096006AE779
:10230000C023F1E7FF23EFE74FF48073ECE7B3F569
:10231000885F7FF460AFB3E76FF088005BE76FF032
:10232000910058E76FF0830055E76FF0920052E795
:102330006FF089004FE700BF602D0500004B4E8015
:102340000110800154D504000002C0030044400481
:102350002DE9F3411D464FF48073284C8046002040
:1023600017460E46019300F099F901AB2360112343
:10237000234A0121C4E9022304F11003636040F6FB
:102380001103E36104F1200363612123089AE362EE
:102390001C4B46F000561A60099A45F0005542F071
:1023A0000052C3E901122022C4F81080A6612762FE
:1023B000A5626162DA60BFF35F8F4FF0A3421460E1
:1023C000BFF35F8FBFF35F8F1361BFF35F8FBFF307
:1023D0005F8F03235363BFF35F8FBFF35F8F9363FD
:1023E000BFF35F8F08F074FD431C0446FAD0002051
:1023F00000F07EF9204602B0BDE8F081007A0120AD
:1024000004000020F079012070B504460D4619B192
:102410000A688B681AB953B96FF021063BE033B9EB
:102420004B6823F00802102A01D0202B35D120461A
:10243000256108F0BEFD064600282CD1184B04F19A
:102440007801236001236360AB6804F114009A06ED
:102450009B01DBB202F0E0421A4342F480321123C6
:1024600000F020F8AB6893B92A68A3691A606B681A
:10247000A26943F0005393602268A369926992684D
:10248000DA60A3691033A3616368013363600022DB
:102490001023C4E90223304670BD6FF04106FAE70D
:1024A00070D50400026100F11402826000F1100294
:1024B0004160C2600A604268034991604268D3602B
:1024C000436810334360704704000020BFF35F8F00
:1024D000094A1368BFF35F8F43F48071BFF35F8FC6
:1024E0001160BFF35F8F23F48073BFF35F8F1360BE
:1024F000BFF35F8F704700BF0010805108B5FFF732
:10250000E5FFBFF35F8F064A1368BFF35F8F43F0A9
:102510000103BFF35F8F1360BFF35F8F08BD00BF80
:102520000010805170B50026C0E9006605460C46D3
:10253000FFF72AF801232B70FFF7C8FFBFF35F8F67
:10254000204BDB68BFF35F8F9B08013BACB3226875
:1025500042B19A4205D9FFF737F86FF03F002E706D
:1025600070BD1346D4E90115E068002908BF4FF497
:102570000071002808BFF1202469BFF35F8F114A62
:102580009360BFF35F8FBFF35F8F1564BFF35F8FFF
:10259000BFF35F8F5064BFF35F8FBFF35F8F5163F3
:1025A000BFF35F8F44F4802444F00104BFF35F8FD6
:1025B0001460BFF35F8F0020D2E74FF40071F12069
:1025C0002546DAE70010805170B503780D461446B1
:1025D000002B53D0BFF35F8F2D4A136BBFF35F8F78
:1025E0005908C3F34203052B4BD011F0060F02D15B
:1025F0004FF0FF3070BD4368D3B9BFF35F8F5368AE
:10260000BFF35F8F032BF3D9224B2349BFF35F8FB7
:10261000D2F88060BFF35F8FBFF35F8F43F8046B26
:10262000BFF35F8F8B42F1D1FFF768FF0123436057
:10263000BFF35F8F164B9A68BFF35F8F0132B4EB25
:10264000021F21D8BFF35F8F5A68BFF35F8FB4EBCF
:10265000820FCDD884B1BFF35F8FD3F88020BFF352
:102660005F8F291D05F8012B8D424FEA122204F1DC
:10267000FF34EFD0002CF5D10020BBE76FF0200035
:10268000B8E76FF05100B5E76FF03F00B2E700BF69
:1026900000108051101080512010805110B5044658
:1026A000FEF772FF104B186808F036FE0CB10123DC
:1026B0002370BFF35F8F4FF0A3430022DA61BFF3B3
:1026C0005F8FBFF35F8F4FF0FF321A63BFF35F8FEF
:1026D000BFF35F8F3422DA61BFF35F8F0122034BB8
:1026E000C3F8042310BD00BF2C0D0020008004504F
:1026F00010B5044638B9FEF767FFBDE81040074B38
:10270000186808F00FBE03783BB1FEF75DFF034B7E
:10271000186808F007FE0023237010BD2C0D002060
:1027200038B5164CD4F80051C5B1BFF35F8F4FF0E8
:10273000A343996ABFF35F8FBFF35F8F4FF0FF3200
:102740001A63BFF35F8F0023C4F80031D4F800315F
:102750000B4B1868BDE8384008F0F7BDD4F80831D5
:1027600053B100F06DF808F0A3FDC4F80851D4F897
:1027700008310121034BECE738BD00BF0080045055
:10278000340D0020300D002008B5074B186808F004
:10279000CBFD064B186808F0C7FDBDE808400022D5
:1027A00048201146EDF736BA340D0020300D0020D8
:1027B00038B5094B1C7864B1084B4FF0FF311D68E8
:1027C000284608F0B3FD4FF0FF310446284608F0D4
:1027D000BAFD204638BD00BF7F840120340D0020A3
:1027E00010B5064C236D3BB9214651F8503B986912
:1027F00008F062FD01232365014810BD307A0120F5
:10280000807A012038B500240B4D0C4BEC662B6010
:1028100003F5C0436B60FFF7E3FF50B16B6D2046DB
:10282000B3F5007FCCBF4FF480634FF40073AB600F
:1028300038BD0E20FCE700BF307A01200020805117
:1028400000487047307A012070B50F4E0F4C054696
:10285000306808F061FD206830B980220C49FFF72C
:1028600039F870B9202323602368094A013B2360AB
:10287000002452F823202A60306808F053FD2046D7
:1028800070BD0224F8E700BF380D0020A07A0120B7
:10289000A47A01202DE9F0434FF0000985B00546E8
:1028A000CDF8049000F10C07EFF31188402383F377
:1028B0001288BFF36F8F8368594003EA02060A400B
:1028C00053400E4901AACDE9023907F00AFD019CE7
:1028D0003CB12046C4F8C0900021646E07F079FC3A
:1028E000F6E7DDE9023223EA020338464146AB60EF
:1028F000FDF76AF8304605B0BDE8F083D9B30400AF
:1029000008B5054B044613B10021AFF3008000F079
:102910001BFF2046EDF74AFC0000000008B5034607
:102920008F2B00F24E81DFE813F090005C019200E3
:102930009400960098009A009C009E00A200A400BB
:10294000A800AA00AC00AE00B000B200B400B6000F
:10295000B800BA00C000C200C800CA00CC00CE0057
:10296000D000D400D800DA00DC00DE00E000E20095
:10297000E400E6004C014C014C014C014C014C01BF
:102980004C014C01EA00EE004C014C014C014C01A1
:102990004C014C014C014C014C014C014C014C01CF
:1029A0004C01F0002001F200F400F600F800FA00FB
:1029B000FC00FE000001020104014C014C01080171
:1029C0004C014C010A014C014C014C014C014C01E1
:1029D0000C010E0110011201140116014C01180125
:1029E0001A011C014C014C0144014C014C014C01E9
:1029F0004C014C014C014C014C012E011E012201E5
:102A00002401260128012A012C0130013401EC00A7
:102A1000C4004A01BC00D200BE00A000A6004801CC
:102A2000060138013201C6003A0136014C014C0161
:102A30004C014C014C01D6004C014C014C01E8000A
:102A400046013C013E0140014201674808BD67481C
:102A5000FCE76748FAE76748F8E76748F6E767483A
:102A6000F4E76748F2E76748F0E76748EEE767484A
:102A7000ECE76748EAE76748E8E76748E6E767485A
:102A8000E4E76748E2E76748E0E76748DEE767486A
:102A9000DCE76748DAE76748D8E76748D6E767487A
:102AA000D4E76748D2E76748D0E76748CEE767488A
:102AB000CCE76748CAE76748C8E76748C6E767489A
:102AC000C4E76748C2E76748C0E76748BEE76748AA
:102AD000BCE76748BAE76748B8E76748B6E76748BA
:102AE000B4E76748B2E76748B0E76748AEE76748CA
:102AF000ACE76748AAE76748A8E76748A6E76748DA
:102B0000A4E76748A2E76748A0E767489EE76748E9
:102B10009CE767489AE7674898E7674896E76748F9
:102B200094E7674892E7674890E767488EE7674809
:102B30008CE767488AE7674888E7674886E7674819
:102B400084E7674882E7674880E767487EE7674829
:102B50007CE767487AE7674878E7674876E7674839
:102B600074E7674872E7674870E767486EE7674849
:102B70006CE767486AE7674868E7674866E7674859
:102B800064E7674862E7674860E767485EE7674869
:102B90005CE767485AE7674858E7674856E7674879
:102BA00054E7674852E7674850E767484EE7674889
:102BB0004CE767484AE7674848E7674846E7674899
:102BC00044E71AB9664A08F08DFD0244654808B921
:102BD00065483BE71846AFF3008000287FF436AF26
:102BE000F6E7624832E700BFBD2D0500CF2D050096
:102BF000E92D0500F92D0500112E05001B2E0500FD
:102C0000352E0500472E0500592E0500722E0500B1
:102C1000822E05008E2E0500AB2E0500BD2E050070
:102C2000CE2E0500E02E0500EC2E0500022F05003B
:102C30001A2F0500262F0500382F0500472F050005
:102C4000572F0500642F0500832F0500922F0500E4
:102C5000A32F0500C72F0500E52F05000330050051
:102C6000233005003A300500493005005830050092
:102C70006C30050084300500923005009F3005005F
:102C8000B5300500C4300500D0300500FF30050028
:102C9000103105002B3105003E310500543105008F
:102CA0005D310500743105007C3105008931050076
:102CB0009E310500B2310500D0310500DB31050041
:102CC000EE310500063205001632050024320500FB
:102CD0003832050047320500583205006B320500D6
:102CE000773205009D320500C2320500E232050050
:102CF00020330500463305005F33050073330500BC
:102D00008E330500A6330500C0330500C833050027
:102D1000F833050017340500363405004D3405003E
:102D20006E340500813405009A340500B134050085
:102D3000C7340500E8340500003505001A350500E4
:102D400036350500493505005F350500733505004A
:102D500086350500A8350500CE350500DF350500B0
:102D60000C000000000000002FEC0400C52D050041
:102D7000F8B50E4B06461D68AB789B0712D56F68F9
:102D800016F8014B29462CB90A20B847002805DB64
:102D9000204609E02046B8470028F1DAAB7843F036
:102DA0000403AB704FF0FF30F8BD00BFDCCD040072
:102DB0000CB430B589B005460C461C22002101A890
:102DC00008F05FFB022305958DF806300D4B02934A
:102DD00023462CB1B4F1004F28BF4FF00043013B14
:102DE0001D440DAA0C9901A80695009200F0A2F8C6
:102DF00014B1059B00221A7009B0BDE8304002B042
:102E0000704700BFA1B604000EB470B589B0054686
:102E10001C2200210DAC01A854F8046B08F031FB12
:102E2000012301A8224631468DF80630054B059551
:102E30000393009400F0D8FA09B0BDE8704003B0E5
:102E4000704700BF8DB60400242A2DE9F0410446E6
:102E500001D8012A4CD1364B162208F043FC1A50F7
:102E600001B10C6000273846BDE8F08135462E469A
:102E700016F8010B2028F9D0A0F109070346042F0A
:102E8000F4D92B2836D02D2837D14FF0010CAE1CA9
:102E90006B78302B38D1307840F0200078282FD153
:102EA00032F010002CD173783446102202360CF127
:102EB000004000270138B0FBF2FE02FB1E08392B50
:102EC00082BF03F1FF3343F02003263B303B9A429D
:102ED0001ED9774502DC03D1984501D24CF0020C93
:102EE000354607FB0237344615F8013B2E46E6E728
:102EF0000546BCE74FF0000CC9E74FF0000CC8E7EF
:102F0000002A08BF0822D2E7002A08BF0A22CEE71B
:102F100001B10C601CF0010F18BF7F421CF0020FC2
:102F2000A1D0034B2222074608F0DCFB1A509AE797
:102F30000C0000002DE9F04F43688DB01546804627
:102F4000029383789A0740F10D8100240E78002EB9
:102F500000F00A81252E0BD04B1C0393013441460F
:102F60003046029B98470028C0F2F6800399EDE7AF
:102F70004E788B1C252E0393F0D00027B946BB4614
:102F8000BBF11F0F38D8A6F12003102B0AD8DFE8B9
:102F900003F02A0909300909092109090928092D1D
:102FA00009091F00A6F13003092B33D92A2E37D186
:102FB0001BF0400F55F8043B40F08280002BA7BF68
:102FC0004BF0200B9946C3F100094BF0280B01E0B0
:102FD0004BF0010B039B13F8016B0393002ECFD131
:102FE00030E04BF0020B4BF0040BF3E74BF0080B17
:102FF000F0E74BF0100BEDE7BBF17F0F19D8A6F10E
:103000003003092BD2D81BF0400F03D00A2101FB5B
:103010000737DFE70A214BF0200B01FB0939D9E71D
:103020002E2E06D11BF0400F40F09E804BF0400B3F
:10303000D0E76C2E31D02BD8682E36D06A2E3CD0FB
:103040004C2E3AD0002F46F02003B8BF2BF04002A0
:10305000A3F16501BCBF00271FFA82FB022901D939
:10306000612B2FD107350727DFF8ACA225F0070524
:1030700008351BF0080F66D00AEB070B56465E4575
:1030800063D1A4EB0A0AA9EB070906EB0A026FE178
:10309000742E9FD07A2E9DD0D4E71BF0800F18BFDE
:1030A0004BF4007B4BF0800B94E71BF4807F18BF40
:1030B0004BF4007B4BF4807B8CE74BF4207B89E75F
:1030C0001F4687E7A6F16301122900F2F080DFE8CE
:1030D00011F013004F00EE00EE00EE00EE004F0086
:1030E000EE00EE00EE00EE00EE00FE00E900EE0065
:1030F000EE001B00EE00AF0055F8043B01270DF178
:10310000180A8DF81830B4E755F804AB834BBAF1C0
:10311000000F08BF9A461BF0400F504614BF3946B7
:103120004FF0FF3106F015FA0746A2E7414620208E
:10313000029B984700280FDB013EB742F6D34C4470
:10314000B146A41B98E74E46F7E7414616F8010B37
:10315000029B9847002892DA98F8023043F0040363
:1031600088F802304FF0FF3420460DB0BDE8F08FF4
:103170001BF0800F34D01BF4007F2CD0073525F0D6
:103180000705AA4669685AF8080B2BF010050029B4
:10319000ADB237DA404245F4806561EB41010DF193
:1031A000180B0A235A4608F0BBF9A0EB0B03019356
:1031B0006B0662D5019B25F001019F4289B240F365
:1031C000A180002E00F0998015F0100240F09C8044
:1031D000BB460D4623E0AA465AF8040BC117D4E7B4
:1031E000AA461BF4807F5AF8041B01D10846F5E774
:1031F0001BF4007F19BF48B241F3C01108B241F37C
:10320000C031C2E750EA0103C9D11BF0400FC6D05C
:10321000002FC4D12BF01102BB46019795B240F2AA
:10322000064115EA01021CBF0BF1010B00222CE044
:103230002BF010020A231FFA82FB1BF0800C49D0EE
:103240001BF4007115BF0735AA4625F007055AF88B
:10325000040B1EBFAA4669685AF8080B50EA01051C
:1032600045D12BF016051BF0400FADB242D0002F18
:1032700040D12BF01702019795B215F0100248D0FB
:10328000019B002E42D103F1010B29075AD4EB0711
:1032900006D5D9456FDDA9EB0B030199CB465F1825
:1032A0005B4649E04BF0100B10237826C5E7782BDE
:1032B00004D1C6F1780343F01003BEE74146252050
:1032C000029B98470028FFF647AF023447E60823E1
:1032D0000026B2E7AA461BF480715AF8040BBDD051
:1032E0001BF400711ABFC0B2614680B2B6E72BF082
:1032F000060295B20DF1180B54E725F01105BB46F7
:10330000ADB28CE70D46B8E73B460D4603F1020B24
:10331000BBE7DDF804B082E7FB350500F4350500B6
:10332000CDE9043241462020029B98470028FFF651
:1033300013AF049B059A01339945F1DCA4EB0B0113
:103340009B46CC180AB341463020029B9847002880
:10335000FFF602AF8EB901342744391B019B994215
:1033600024DC1D4655BB019AA9EB0B0955462244A6
:103370001446914433E0019F92E7023441463046BF
:10338000029B98470028E7DAE6E640F206410D4244
:10339000E2D015F0020F04F10104414614BF2B20C6
:1033A000202015F4806F18BF2D20E9E7414630201A
:1033B000029B013498470028CFDACDE606AB013DE9
:1033C0004146585D029B98470028CBDAC4E6414647
:1033D0002020029B013498470028FFF6BDAEA9EBE0
:1033E0000403002BF3DCC1E52DE9F04F80460020FB
:1033F00089B08246029207900D4615F8014BACB198
:10340000202C17D0A4F10903042B13D9252C17D095
:1034100007A9404608F0DAF8031EC0F2CD80DBB2FF
:10342000A3420BD007AA414608F0DAF8504609B08B
:10343000BDE8F08F07A9404608F0DAF82946DBE737
:103440004C788D1C252CE3D02A2C20D1CD1C8C78D7
:103450000126002706E00A2246F0020615F8014B75
:1034600002FB0737A4F13003DBB2092BF3D916F0C6
:10347000020F08BF4FF0FF376C2C33D009D8682CEF
:1034800024D06A2C3CD04C2C35D034B9CEE7002661
:10349000DFE7742C31D07A2C2FD021469E4808F0DB
:1034A0000CF80028C2D016F00103039311BF4FF0AF
:1034B0000009029B53F8049B02936E2C23D1079AB8
:1034C00000234846009608F0A8F8B7E72C78682C47
:1034D00003D046F020060135D7E746F030066C7879
:1034E0000235D2E72C786C2C02D046F00406F2E7C5
:1034F00046F00C06F3E746F00C0615F8014BC4E75E
:1035000046F00806F9E7632C18D116F0020F08BF41
:10351000012707A9404608F059F800284CDBB9F10B
:10352000000F01D009F8010B013FF2D1039B002BE2
:1035300084D10AF1010A5FFA8AFA7FE75B2C54D141
:103540002B7800245E2B06BF01354FF0010B4FF0A6
:10355000000B07A9404608F039F800222E4605F175
:10356000010E9446114616F8013BFBB1764508D092
:103570005D2B12D02D2B04D132B90B4601221946F6
:10358000F1E7002A08BF194688424FF00002F6DB37
:103590009842D8BF4FF0010CF1E7002805DBE34566
:1035A00011D107AA414608F01BF8ACB998F80230CF
:1035B00013F00C0F3FF43AAFBAF1000F14BF5046AE
:1035C0004FF0FF3033E7B9F1000F01D009F8010BDC
:1035D000013F4FF00104BCD1B9F1000F01D13546D4
:1035E000A4E7002389F80030F9E707A9404607F06F
:1035F000FFFF0028E0DB6F2C58D031D8642C57D067
:10360000693C18BF0124240107A9404607F0DEFFEA
:103610002B2803D02D2809D146F04006013FC5D004
:1036200007A9404607F0D2FF0028BFDB30286ED143
:103630007B1E049306D007A9404607F0C7FF002869
:10364000049B37DA0027BB46730602D57F426BEB3B
:103650004B0B3A465B464846009607F0DEFF65E7AF
:10366000732C0BD0752C0CBF0A241024CCE7B9F1B5
:10367000000F01D009F8010B013F0FD007A9404608
:1036800007F0A4FF002809DB202803D0A0F10903DC
:10369000042BECD807AA414607F0A2FFB9F1000FAE
:1036A0003FF444AF002389F800303FE70824ABE73C
:1036B0000A24A9E740F0200246F08006782A0ED1BD
:1036C00034F010020ED1BB1E0493BBD007A94046B4
:1036D00007F07CFF0028049BB4DB102402E0002CE0
:1036E00008BF08240027BB463928024682BF00F1E4
:1036F000FF3242F02002263A303A94420ED807AA0E
:10370000414607F06DFF32067FF550AF9CE73B4620
:10371000002CE7D10A24E5E703360500A4FB077176
:1037200046F08006D71904FB0B1141F1000B013B59
:10373000CDE9043388D007A9404607F047FF0028A9
:10374000049BD1DA80E700BF38B5074D074C641BF6
:10375000A41024B9064B0BB1AFF3008038BD013C77
:1037600055F824309847F4E70000000000000000FE
:1037700000000000704710B58AB00C466946F2F7A9
:10378000EFFC20B99DF82430012B08BF23700AB04C
:1037900010BD00B58BB018B900200BB05DF804FB6C
:1037A0006946F2F7DDFC0028F6D19DF82400831E5F
:1037B00058425841F1E738B506F0F8FD4FF47A74F5
:1037C000A0FB040547F61222002304FB0151E0F799
:1037D00061FA38BDFBF7F6BB19B902F12800FFF713
:1037E000F9BF7047FBF728BCFBF76ABBFCF7E2B9EF
:1037F00070B5164604460D460D220021304607F0EE
:1038000040FE204600231A460133AB4200D370BD70
:1038100001460C780130452CF5D104784E2CF2D1BC
:10382000AA1A0C2A3046BDE8704028BF0C2207F0C7
:1038300001BE084611460AB1E8F75EBB70478368CF
:1038400000EBC101B3F5004F2CBF51F8220031F855
:103850001200704700EBC1018068B0F5004F2CBF2B
:1038600041F8223021F812307047012208B5FFF7E5
:10387000E6FFD04008BD836800EBC101B3F5004FFF
:1038800008D34B681AB143F001034B60704723F033
:103890000103FAE74B881AB143F001034B807047EC
:1038A00023F00103FAE753000122FFF7D3BF836837
:1038B000B3F5004F34BF04230823C91A081AC008FF
:1038C00070478368481CB3F5004F34BF04230823B6
:1038D0000833A0EBD300B0FA80F0C0F11F007047AE
:1038E0002DE9F041174603220E460446FFF7A7FFD5
:1038F0008642054607F104080AD10122E368BA406E
:1039000023EA0203E360002344F82830BDE8F08195
:10391000314602222046FFF792FF06462B4601461B
:103920000322204644F82850FFF794FF33462946E7
:103930002046BDE8F0410222FFF78CBF70B50D466E
:1039400086680446FFF791FFB6F5004F014601D3A4
:10395000012809D02046FFF7B4FF29460246204639
:10396000BDE87040FFF7BCBF70BD2DE9F0470546CC
:10397000FFF7A7FF05EB800ADAF8109088460646A5
:10398000B9F1000F1BD00327DAF810402846214672
:10399000FFF76BFF404507D3324621462846FFF725
:1039A0009FFF2046BDE8F087032221462846FFF707
:1039B00046FF013FCAF8100001D08145E4D14FF025
:1039C000FF34EB680136B4401C40EAD094FAA4F20C
:1039D000B2FA82F2131D55F82340DEE72DE9F041DB
:1039E00014460E460546FFF740FFA4EB0608371BBA
:1039F0000744424631462846FFF755FF3A462146DE
:103A00002846FFF750FF4346002221462846FFF78D
:103A100021FF21462846FFF728FF3B4621180022B8
:103A20002846BDE8F041FFF715BF2DE9F0411646E5
:103A300004460F46FFF719FF314605462046FFF7BB
:103A400014FF05442A4639462046FFF72CFF31462D
:103A50002046FFF70AFF2B46311800222046BDE81A
:103A6000F041FFF7F7BE2DE9F0410D4686680446A8
:103A7000FFF7FBFEB6F5004F014601D3012832D017
:103A80002046FFF71EFF04EB80010E6996B9012264
:103A9000E36882401343E36002220D612B4629460E
:103AA0002046FFF7D7FE032229462046BDE8F04115
:103AB000FFF7D0BE022231462046FFF7C0FE074680
:103AC000034629462046FFF7C5FE03223346294612
:103AD0002046FFF7BFFE39462B462046FFF7BAFEC9
:103AE00002223146E1E7BDE8F081F8B50C46054613
:103AF000FFF7BBFE2618012231462846FFF79FFE3E
:103B0000C3070CD431462846FFF718FF2146284644
:103B1000FFF7ABFE214622182846FFF786FF00225A
:103B200021462846FFF78BFE271A012239462846F0
:103B3000FFF785FE10EA020613D139462846FFF743
:103B4000FDFE214632462846FFF779FE2246211A1D
:103B50002846FFF76AFF214632462846FFF76FFEE8
:103B6000241A21462846BDE8F840FFF77CBF2DE91E
:103B7000F84305460C46FFF79AFE0646A86802F091
:103B80000701B0F5004F2CBF0827042707EBC60339
:103B90002B44E31A073103F0070439442144DC08BD
:103BA00004EBD20404EBD104844228BF044631461E
:103BB0002846FFF75AFE844207460ED012D23444FC
:103BC000224631462846FFF709FF314601222846A2
:103BD000FFF751FE2146FFF788FF4FF001084046EE
:103BE000BDE8F88306EB0009012249462846FFF7A5
:103BF00026FE10EA020826D149462846FFF735FE80
:103C000038448442EBD849462846FFF797FE494698
:103C10002846FFF72AFEE71B874209D2344449466B
:103C200028462246FFF7DAFE21462846FFF71BFF0B
:103C30004A4631462846FFF7F8FE0122314628461B
:103C4000FFF719FEC9E74FF00008C8E738B571B1B2
:103C5000056800222846FFF72AFE0446014628464A
:103C6000FFF709FE2146BDE83840FFF73EBF38BDEB
:103C700070B505680C462846FFF719FE0646014652
:103C80002846FFF7F2FD05EBC605C4EBC00028444B
:103C900070BD70B5056809B9002070BDAB6801F052
:103CA0000704B3F5004F2CBF082204220734144444
:103CB000E40804EBD1049C4228BF1C462846214658
:103CC000FFF753FE06460028E6D001462846FFF7D8
:103CD000CCFDA04209D93444314628462246FFF79C
:103CE0007DFE21462846FFF7BEFE284601223146CA
:103CF000FFF7C1FDAB68B3F5004F34BF04230823C1
:103D000003EBC6031844C8E71146FFF7C2BF2DE90D
:103D1000F84306681446B26801F1FF39B2F5004F66
:103D200034BF0423082319EA01090F460BD0494286
:103D300039408B424F4628BF0B46894654B900256F
:103D40002846BDE8F8839942F8D82146BDE8F843F3
:103D5000FFF79FBFB2F5004F2CBF08250425FB1AC3
:103D6000E10804F0070001EBD301073003F007037B
:103D700003442B4401EBD301914228BF1146304646
:103D8000FFF7F3FD80460028D9D0B36809EBC005E2
:103D9000B3F5004F34BF042308231D4435447B1E74
:103DA0001D44B5FBF7F57D43A5EB090529463046D3
:103DB000FFF77DFD2C44073424F00704A41B804545
:103DC00007464FEAE40408D2024641463046FFF770
:103DD00005FE41463046FFF746FE39463046FFF7BE
:103DE00044FD3844844208D2394630462246FFF723
:103DF000F5FD21463046FFF736FE012239463046B2
:103E0000FFF739FD9CE7F8B5064617461D460C46F8
:103E100029B91A463946BDE8F840FFF778BF23B9FB
:103E2000FFF714FF00242046F8BDE2B1531E1942EB
:103E300019D039462A463046FFF769FF0746002861
:103E4000F0D021463046FFF713FF85422A4621462F
:103E500028BF0246384607F0EDFA21463046FFF704
:103E6000F5FE3C46DFE72A4621463068FFF77FFE35
:103E70000028DED0D7E7B2F5802F2CBF082304231B
:103E80002DE9F0410026D21A8C18CD1D25F007052A
:103E900024F00704641BE408056021462846AC6052
:103EA000EE60FFF70EFD421D9200013002F10707A0
:103EB0004FEAD7073146A2F1100205F11000B8BF52
:103EC000324607F0DEFA3A4631462846FFF7EBFC69
:103ED0003346324631462846FFF7BCFCA4EB0708C0
:103EE000284631460122FFF7C6FC42463946FFF715
:103EF000DAFC3B46324639462846FFF7ABFC214602
:103F00002846FFF7D0FC4346324621462846FFF7B5
:103F1000A1FC214628460122FFF7ADFC3946BDE849
:103F2000F041FFF7A0BD2DE9F04706460D461746C4
:103F300098462BB34FF0000A98F8004093F8019090
:103F4000DB78A40004EB430498F802301C4444449A
:103F5000CA4509D339463046AC46D8F8042008F1A2
:103F60000803BDE8F047604714F8013B0AF1010A75
:103F7000204648F82340E6F778FC01300444E7E7A0
:103F80006FF01500BDE8F08770B5002502462846A1
:103F9000144614F8013B0BB9184609E098B18D425C
:103FA00007D1702B04D0A3F140023A2A0BD800208D
:103FB00070BDA3F140063A2E05D853780135941C04
:103FC000002BE9D00020252B224608BF80F00100FD
:103FD000DEE70020704700F0DEBD0FB407B504A98E
:103FE00051F8040B019100F0D6FD03B05DF804EB2D
:103FF00004B070470FB407B504A951F8040B019140
:10400000FFF7E9FF03B05DF804EB04B0704710B5AB
:104010000369024613F0080009D11368D4689C4272
:104020009BBF0120126AE31AD31A0B6010BD002354
:104030001846FAE713B501A90446FFF7E8FF20B1D7
:10404000019BE268013B13440193206A019BC01A63
:10405000013802B010BD10B5044650182269236A19
:10406000D20702D5013B184010BD984228BFC01AA4
:10407000FAE710B504460A46C168FFF7ECFF23696A
:10408000E06023F00803236110BD38B50D46C26916
:104090008B00016843F00203044642F821300168B6
:1040A0002A46FFF7D8FFE3686168984208BF236992
:1040B000206008BF43F008032A46204608BF23615A
:1040C000FFF7C9FF606038BD2DE9F74FC768C669C3
:1040D0009B4606EB8703009316F82730044603F04F
:1040E0000303022B884691464FF000030BD0136068
:1040F000CBF8003023699B0713D44FF0000A5046D9
:1041000003B0BDE8F08F56F8271013608908CBF88C
:104110000030EFD0FFF7ADFFE368A3604FF0010A76
:10412000EDE7A36906EB8700984716F827200546B8
:1041300012F0010AE1D012F002021FD0B8F1000F14
:1041400003D041462046FFF7A0FF61682A4620467B
:10415000FFF781FFD4E902219142606006D12A462F
:104160002046FFF778FF4FF0000AA060A2682260A7
:10417000E260226942F008022261C0E7014620465F
:104180000192FFF776FFE368A360B8F1000F04D057
:104190002168E369019A43F8212005EB0802CBF876
:1041A000002021682046FFF756FF2369206043F076
:1041B0000803236116F827306FF3000306F8273051
:1041C000009BC9F80030A9E770B504461546FFF713
:1041D00042FF2368834205D12369216023F008034D
:1041E000236170BDE269AB0043F0020342F8213065
:1041F00061682A462046FFF72EFF6060F1E738B578
:10420000036904465B0706D5456AFFF713FF85423D
:104210002CBF6562606238BD38B50D4604461C226D
:10422000002107F02EF90022EB68A361AB686361FF
:104230002B68E3616B68626223622A6923B1591EAD
:10424000194208BF42F001022261012204F1280054
:104250000021BDE8384005F02ABE2DE9F04F0025C9
:1042600087B00093036A04468B420E469246A946E5
:104270000395059539D3EFF3118B402383F312880F
:10428000BFF36F8F059AD8462AB129462046FFF71B
:104290009BFF0023059304A92046FFF7B8FE04996D
:1042A0000746B1422AD32268E369204613F8221058
:1042B00003EB820921F0030103F822102168324642
:1042C000FFF7C9FEE3682060984212D0002788F308
:1042D0001188BFF36F8F039929B162690AB1204633
:1042E000904700230393002FC5D1484607B0BDE88F
:1042F000F08F236943F008032361E7E718B12046F4
:10430000FFF7C3FEE3E7009B5AEA03021CD00191CA
:1043100005F0FDFE0199B8B9BBF1000F14D187F388
:104320001188BFF36F8F5246009B04F12800FAF703
:1043300083FEEFF31188402383F31288BFF36F8F5E
:10434000B0FA80F77F09C2E7204605AB03AA2568CB
:10435000FFF7BAFE0746BAE770B504468369084618
:104360000D4698470246EFF31186402383F31288E7
:10437000BFF36F8F2B78204643F001032B706168E9
:10438000FFF769FE60602046FFF739FF86F311886A
:10439000BFF36F8F70BD2DE9F04104464027EFF366
:1043A000118687F31288BFF36F8F236913F0080F0C
:1043B000A36802D16268934200D9226AD21AE169E5
:1043C00032B986F31188BFF36F8F4FF0000833E0E6
:1043D00011F8232001EB830812F00300F1D002282A
:1043E00003D151F82350AD0805D1D00712D440466F
:1043F000A36998470546A1682A462046FFF72BFE89
:104400002946A0602046FFF734FE86F31188BFF3EB
:104410006F8FC4E742F0020201F82320A3694046EF
:10442000A5689847294602462046FFF714FEA0607B
:1044300086F31188BFF36F8F4046BDE8F081F8B571
:104440000446836908460D4698470646EFF31187F0
:10445000402383F31288BFF36F8F2B786FF3000331
:104460002B7023699B0705D5E268E36903EB8203A0
:104470009D421AD12B786FF341032B70D4E902319E
:10448000994204D132462046FFF7E5FDA06031464F
:104490002046FFF7EEFD87F31188BFF36F8F04F11D
:1044A0002800BDE8F840FAF78DBD2B6860F39F0344
:1044B0002B60F0E7EFF31181402383F31288BFF301
:1044C0006F8F036913F0080F836802D1426893422B
:1044D00000D9026AD31A81F31188BFF36F8F181EB7
:1044E00018BF01207047038B13F0070305D1036841
:1044F000002B0CBF002003207047022B05D1408BFE
:10450000B0FA80F0400980007047012B05D10368A4
:10451000002B0CBF0020052070470020704710B50D
:104520000C4600B111B96FF0150010BD081D00F068
:10453000B7F80028F9D1A368032BF6D9F3E72DE9E2
:10454000F0410D4607461946281D90461E4600F0CC
:10455000BBF8044638B13346424629463846A4469D
:10456000BDE8F0416047BDE8F08110B4EFF311827F
:10457000402484F31288BFF36F8F416110BC012186
:10458000E9F71CBC38B50C46054658B151B10B686B
:1045900043B14B6833B11C22002106F072FF0020AA
:1045A0002C6138BD6FF01500FBE770B505460E466F
:1045B000FFF7B5FF041E14DBEFF31182402383F3F2
:1045C0001288BFF36F8F4FF6FF716B8B2C8B8B4272
:1045D00004F0070407D182F31188BFF36F8F6FF0E7
:1045E0000A04204670BD022C0CD101336B8382F388
:1045F0001188BFF36F8F0023224631462846FFF70C
:104600009EFFEEE7062C14D8DFE804F00413131322
:10461000041A0400002333606B683BB9C5E90066E7
:10462000ACB902212846E9F7C9FBDAE71E606E60E3
:10463000F6E782F31188BFF36F8F6FF00404D0E7C1
:1046400082F31188BFF36F8F6FF08504C9E782F39F
:104650001188BFF36F8FC4E710B5EFF311824023C9
:1046600083F31288BFF36F8F048B04F00704022CCE
:104670000AD0012C0CBF6FF004006FF0850082F3AC
:104680001188BFF36F8F08E0438B013B9BB24383DC
:1046900023B92146E9F792FB204610BD2046EEE7FC
:1046A000034640B1426802F00302022A06D0032A00
:1046B00004D0012A05D06FF0150070471A68002A4F
:1046C000F9D000209860704710B54268034602F0A8
:1046D0000302022A4FF00004816007D0032A02D0AF
:1046E0005C60002001E018685C6010BD18685C60C8
:1046F0000028F6D0FBF706FEF3E7704770B4C668F3
:1047000004680D0C06FB0544806A14FA81F1846884
:104710002468A44670BC60472DE9F04306468846ED
:1047200017461C46C36A89B01D686D4205F0200516
:104730001CB9204609B0BDE8F083AC42A14628BFB1
:10474000A9466A464B4641463046FFF7D7FF002848
:10475000F0D16B46484502D1241A8044E8E713F8AB
:10476000012BBA4201D10130F4E70120E2E70B68E6
:1047700003F580330B60008A1A0CB0EB134F04BFB3
:10478000A3EB02430B60704700F088BA38B5C268EB
:1047900003680D0C090C044602FB0131806A2D04EC
:1047A00000F024FC50B9E26A29462046E3685279B9
:1047B000FFF7B2FF002818BF6FF0050038BD0146B3
:1047C00010B507220446FF20F5F77EF8E07110BD12
:1047D0000368012B81BFC91801F1FF315B42194009
:1047E000084670472DE9F0410C4605460821C06A8D
:1047F000FFF7EEFF072207462146FF206688B4F840
:104800000480F5F761F8E379834208D1E86846440B
:10481000C01BB04294BF00200120BDE8F081002001
:10482000FBE738B505460C46FFF7DCFFA0B1A088D2
:1048300098B94FF6FF7322889A420DD10821E86A91
:10484000FFF7C6FF6288EB689B1AB3FBF0F202FB2E
:104850001030B0FA80F0400938BD0020FCE7F7B511
:1048600004460D46C06A0821FFF7B2FF0823074639
:1048700029682046FFF742FF0646002836D12B68FC
:104880003B442B60E26899B2D21B91422ED11A0CA4
:1048900009BF228AA3F5803102F1FF3203EB024106
:1048A000204608236A462960FFF728FFE8B9E36A33
:1048B0005A796B4613F8011B8A420CD10130082843
:1048C000F8D1636805E02B68BDF802201B0C1B04BF
:1048D00013442B600AE069462046FFF7A2FF002838
:1048E000F1D129462046E9F777FB0646304603B06A
:1048F000F0BD2DE9F043074690461C4689B01BB930
:10490000002009B0BDE8F083FD683B68080C05FB9A
:10491000003313FA81F6FB6A1D686D4225400CD006
:10492000B86A83683146D3F804902B46C8470028FC
:10493000E7D1641BE4D02E44A84422464146684691
:1049400006F078FDFD6A0DEB04002A686979121BF8
:1049500006F097FDB86A2B688268314654686A464B
:10496000A047CEE710B50A46082341680446FFF782
:10497000C0FF08210246E06AFFF72AFF63681B1A9E
:104980006360104610BD4FF6FF7313B50022044656
:10499000ADF800308DF8063083686846ADF8042025
:1049A000ADF80230FFF70BFF69462046FFF7DAFF4C
:1049B00002B010BD2DE9F04F082195B00446C06A41
:1049C000FFF706FF0546636820461B0C1B0403A97E
:1049D0000393FFF7CCFEDDF80CB0E66806AA5E4450
:1049E000761B0823314620460496FFF787FE021EF9
:1049F000C0F2A980E36A06AA5979002312F8010BD4
:104A0000814240F08F800133082BF7D1A3686268A0
:104A10002B449A427ED259462046FFF7B7FE024603
:104A200091E0BDF81A30360C36041E44049608AAEC
:104A3000204604A9DDF810A0FFF711FF0246002868
:104A400040F08180204608A9FFF7CCFE18B9019BF1
:104A50009A45ECD1DAE7636805930AAA204605A9CE
:104A6000059EFFF7FCFE024600286CD1BDF8282009
:104A7000BDF820309A4227D06268059B9A42ECD15B
:104A80005645E4D1BDF82430002BE0D0BDF82270AB
:104A90004FEA1A431B041F44A36808A8ADF822304C
:104AA000FFF78DFEE36ABDF824901E68764206F09B
:104AB0002006B9F1000F0ED1204608A9FFF752FFDA
:104AC00002460028C3D03EE020460AA9FFF78AFE2E
:104AD0000028D1D0D4E74E45B04628BFC8460CAA1E
:104AE000434639462046FFF709FE024658BB434677
:104AF000A1680CAA2046FFF7FCFE41460246E06A88
:104B0000FFF766FEA3680344A360E2B9A9EB0809B6
:104B10004744CEE72046FFF736FF024600283FF421
:104B20007AAF10E0731B204606A90193FFF779FEC8
:104B300000287FF476AF204604A9E9F74DFA024633
:104B400000283FF474AF104615B0BDE8F08F13B5E0
:104B500000240094E9F72AFD02B010BD03785B073A
:104B60005FBF03684288C3F34A2303EB12105DBFA3
:104B7000173020F0070080080020704700207047A1
:104B800003F035BB0346D3E8EF0F421CC3E8E12F27
:104B90000029F8D170471FB50023CDE902011A465C
:104BA00019461846CDE90033EAF786F805B05DF8F6
:104BB00004FB0120E9F738BE002070474368DA7132
:104BC00001224368196043685A71E9F71FBE70B546
:104BD00015460C4669B1D2E901369B1B99420AD8A9
:104BE00013680A460146981906F024FCAB68234472
:104BF000AB60204670BD6FF01B00FBE770B50E4642
:104C000015461946044618B9BDE87040E9F70CBED0
:104C100033B1C2F34A231030120D184406F00AFCD7
:104C2000C4E900562046BDE87040E9F7A1BF2DE970
:104C3000F3415F1C4FEA8708064608F1170020F091
:104C4000070080080C461546E9F76AFE00238DF838
:104C50000470ADF805308DF8073068B10346019A4D
:104C6000A8F1040143F8102F2A46294452F8045BA6
:104C70008A4243F8045FF9D100233146A20102F4CD
:104C8000E07242EA482222F07F4222F4700222F0CF
:104C90003F0202B0BDE8F041FFF7B0BF07B5012306
:104CA000019201AAFFF7C3FF03B05DF804FB07B54B
:104CB000CDE9002302236A46FFF7B9FF03B05DF890
:104CC00004FB1FB5CDE90123069B01AA039303232F
:104CD000FFF7ADFF05B05DF804FBF8B506460D46DD
:104CE00014461F4604B9F8BD214628463A46B04747
:104CF000241A0544F6E710B542680446D2E90023B9
:104D000081680068FFF7E9FF002263681A6010BD40
:104D100038B54B6805461A68CB680C469A4202D1F2
:104D20000846FFF7E8FF6368D3E8EF2F511CC3E89C
:104D3000E01F0028F8D1A36800209D5438BD0A2840
:104D400038B504460D4602D10D20FFF7E1FF294694
:104D50002046FFF7DDFF002038BD2DE9F043054672
:104D600087B008460E8891F800900C46D1F808806C
:104D70001746E9F7F1FF011EC6F38216C9F3C2090F
:104D80001EDB4846E9F706FF0346214651F8102B83
:104D90006088C2F34A22002A01EB020408BF002106
:104DA0000022C0F30B10CDE90407CDE90214284618
:104DB000414601960092E9F7FBFF07B0BDE8F0839A
:104DC0000023E2E7436800201B685B689961704735
:104DD00043681B681A6852685360704701212DE9C7
:104DE000F04143681B685A6811771D682F68D5E940
:104DF0000136D3E900481CB96B681C60BDE8F0813E
:104E0000214630464246B847241A0644F3E7436831
:104E10001B681868EAF736B970B543680C461D6818
:104E20006B689869E9F7DCFC214603460F22286885
:104E3000BDE870401847002908DB8068884205D922
:104E4000401A904234BF0020012070470020704774
:104E5000704770B516461A4605460C46FFF7EBFF3D
:104E600048B16968E8682144826814683246A446FB
:104E7000BDE8704060476FF0150070BD70B5164614
:104E80001A4605460C46FFF7D6FF48B16968E86840
:104E90002144826854683246A446BDE870406047A9
:104EA0006FF0150070BD10B50B460446FFF7C3FF49
:104EB00030B16168E0681944BDE8104000F096B870
:104EC0006FF0150010BD08B5C0688368DB689847AF
:104ED000006808BDC068704708B5C0688368DB68B3
:104EE0009847407908BD42680B68934202D908464A
:104EF000EAF7A4B94B68012013444B6070472DE9D1
:104F0000F047894616469846044698B38268036976
:104F1000134482693344934230D80025D4E90170A8
:104F2000A6EB050A3F1ABA4515D2B54209D2236845
:104F30005246184409EB050106F07CFAA368534475
:104F4000A360B8F1000F1CD0A068A8B12046BDE84E
:104F5000F047EAF717B923683A46184409EB050108
:104F600006F068FA63682046A360EAF70BF918B9FF
:104F70003D44D3E76FF00D00BDE8F0876FF00B0004
:104F8000FAE74046F8E770B5044600F501701E46A2
:104F9000FFF7B5FF054636B1D4F80002FFF758FF1A
:104FA0000023C4F80032284670BD30B5054685B0F0
:104FB000084605F50071EAF7BFF8044698B9D5F838
:104FC0000002FFF787FFD5F8003202949A68014685
:104FD00001925B682A46009305F501704FF4007357
:104FE000EAF73AF90446204605B030BD2DE9F04114
:104FF00087680446FB680D46164698470379DB0729
:1050000007D4BB682BB1324629462046BDE8F041A3
:105010001847417933462A462046BDE8F041EAF771
:10502000ADB906F02EBA06F005BA01460068EAF7F7
:1050300047BA08B5EAF7A0FABDE80840EAF7C0BAEF
:105040000A460121FFF72ABE00210120EAF738BAFB
:10505000D0F8A83083F30B8870476FF08500704755
:1050600061B662B680F31188BFF36F8F704772B676
:10507000002383F31188BFF36F8FBFF34F8F30BFCF
:1050800062B6BFF36F8F704772B6002383F3118847
:10509000BFF36F8FBFF34F8F20BF80F31188BFF333
:1050A0006F8F62B6704740E800F313F4803FD8B2C8
:1050B00008BF6FF01500704730B50C684B6885B0BD
:1050C0000A894D890094013B24F01F04234402F017
:1050D0001F0242EA451223F01F0369468DF808209B
:1050E0000393EAF76FFE05B030BD08B5EBF77AF829
:1050F00008B5D1E904319847002008BD08B5EBF7A1
:105100005DF8002008BD7047002303824369C36037
:105110007047416A8968EBF705B9EFF311824023C4
:1051200083F31288BFF36F8F00230B60436833B99A
:10513000C0E9001182F31188BFF36F8F70471960C7
:105140004160F7E7034610B5EFF31181402282F387
:105150001288BFF36F8F006828B15C680268A042B4
:105160001A6008BF5A6081F31188BFF36F8F10BDBA
:10517000027A013202727047034618465B68002BC0
:10518000FBD17047426810B52AB10B461C465B68DC
:10519000002BFBD16260416010BD10B5044620B900
:1051A00008460B7A01330B7210BD034618465B6844
:1051B000002BFBD1FFF7E6FF2046F5E792B28160B6
:1051C0000160C2808280704783680B44036070472F
:1051D00003680B6043684B6083688B60704783880B
:1051E000026819448180D018704730B484880568FB
:1051F000A3188380281930BC06F01CB910B5838829
:1052000002685C1C8480D154D01810BD838830B5EE
:1052100002689D1C8580D418D154090A617030BD84
:10522000034600689A88401A1144186099807047B4
:105230000268531E036083880133838002F8011CD7
:10524000704703468288521A8280006808441860BA
:105250007047034600689A88521A01449A80196080
:10526000704710B5036801211C78FFF7EAFF20465C
:1052700010BD10B5036802211C88FFF7E2FF20462D
:1052800010BD10B5036802211C88FFF7DAFF64BA6D
:10529000A4B2204610BD02688068101A7047838847
:1052A000C2888168D21A03685B1AD01A70470389D2
:1052B0008B420AD9436803EBC10053F831302BB954
:1052C0004368002B08BF0020704700207047F0B5EE
:1052D000037885888779C679002013F0070FC3F318
:1052E000C10314BF03240124012B28BF012308603C
:1052F000087844EAC30320F01F006DBA034352BA92
:105300000B704A808D808F71CE71F0BD37B50C4621
:1053100005460846FFF7F8FE0823204645F8044BEB
:10532000238250F80C4F1C44FFF7B9FF00220346BC
:10533000009202212246284604F035FC03B030BD1D
:105340002DE9F04F85B005460E4690461F4604F005
:1053500037FA20B96FF04C0005B0BDE8F08F4FF080
:105360001409002334464FF0010A09FB08693B6029
:10537000284602A904F021FADDE90232009368BB55
:10538000284604F046FA0028E4D00020E4E7A145CE
:1053900098BF344661688A4214D12168009801920E
:1053A00006F07BF8019A68B9237CD3B9D4E90231BD
:1053B00028469847C0B184F810A03B6814340133E4
:1053C0003B60D5E714340BF1010BD845DFD1002148
:1053D000284604F075FA0028CAD1D1E74FF0000B37
:1053E000F3E76FF06F00B7E76FF02200B4E720B18A
:1053F00001280CBF0720FF20704704207047027867
:105400000B789A420FD30CD842784B789A420AD341
:1054100007D842884B889A4205D38CBF01200020D0
:105420007047012070474FF0FF307047704770475A
:10543000002070470020704770B505460E460024D6
:1054400090B000236A4631462046EBF76DFD28B93F
:1054500040222946684606F020F810B124B14FF0EA
:10546000FF34204610B070BD0124EAE70023014656
:105470001A461846EBF758BD70B506460C46FFF7BE
:10548000D7FF0546304602F02EF80346013B85F073
:105490000100032B0CD8DFE803F008060902022301
:1054A00004B1237070BD0123FAE728460023F7E713
:1054B0004FF0FF30F6E773B5461005463046FFF76C
:1054C000B7FF002304460DF1070130468DF8073081
:1054D000FFF7D2FFA84203D19DF80730022B04D07A
:1054E000631B5842584102B070BD0120FBE70428FD
:1054F00004D8022807D808D00120704706280CBF1E
:1055000005200120704705207047032070470020C8
:1055100008B5E8F71DFB70B50446BCB000F11005F6
:1055200017AE002200232846F9F71AFD014608B9F4
:105530003CB070BD03AB6846CDE900460293EBF783
:1055400003F9EEE7EAF76CBF70B505460E46ECF7D7
:10555000A3F9044618B1336B1BB12946984720467E
:1055600070BDEA7A05F11801183005F063FFF6E71F
:1055700010B5044640B14B6B0BB11830984720462C
:10558000BDE81040EAF74CBF10BD4FF48070704783
:1055900038B50446018AC068F4F7FAFD054620468E
:1055A000FFF7D0FF284638BD10B50446006818B193
:1055B000FFF7C8FF0023236010BD10B586B0034677
:1055C0001446009103AA052104A8E8F7D9FA04219A
:1055D00004A8A04706B010BD2DE9FF4103680446AA
:1055E0000E4615462BB1012D09D8002004B0BDE8A8
:1055F000F081ECF751F920600028F4D1F5E741F291
:10560000044337889F423BD040F606139F42ECD1BB
:105610002068FFF779FD2068023D028A50F80C3FB0
:1056200003EB0208FFF73BFE00950146B31C404622
:1056300003AAE8F723FB38BB2268039B118A0B44BB
:10564000138240F606139F4207D12068038A012B7C
:105650001AD90C30FFF715FEA0802368A1881A8A9A
:105660008A42C2D310D8D968002001F028FF03462F
:1056700050B921680A8A023A0A8220682360B5E795
:1056800023681B8A002BC6D12046FFF78DFFACE7AD
:1056900010B50C46017822788AB08A420FD069464C
:1056A000ECF7C4FB204605A9ECF7C0FB10220DF176
:1056B00015010DF1010005F0F0FE0AB010BD012A40
:1056C00006D0022A07D072B940886388C01AF4E76E
:1056D00040686368FAE71022611C01300AB0BDE837
:1056E000104005F0DABE6FF01500E6E7042A0AD094
:1056F000102A0DD0022A4FF0000315D103700B8839
:10570000438001207047012303700B684360F8E772
:10571000022300F8013B01F1100351F8042B9942D8
:1057200040F8042BF9D1ECE718467047012310B577
:105730000621044600F8013BF6F716FD18B9A379D7
:1057400063F03F03A37110BD0B6803608B888380F7
:105750008B798371037823F002030370704700781C
:10576000C0F34000704738B50446807AEAF7B0FDD0
:105770006169054649B1637ADB0704D4436A204670
:105780001B689B6898470023636121462846BDE853
:10579000384004F07EBB2DE9F04101F10C080C46C5
:1057A000054600F10C01404617461E46FFF710FD66
:1057B0004046FFF770FD012310FA87F068826B7294
:1057C000394640462F82FFF73CFDE3682846736068
:1057D0000023628AE360728163823460BDE8F081F5
:1057E00038B50C46D1E900320546DA600B684A89C3
:1057F0005A820868EAF714FE20461022002105F0BC
:1058000040FE2846BDE83840FFF7ADBF438A23B9C4
:10581000C068B0FA80F040097047002070470F2838
:1058200007D80D280BD8052808BF032018BF022071
:105830007047132803D01A2808BF0120F6E701207B
:1058400070477047FFF72ABAFFF731BA034610B521
:10585000D3E8EF0F40EA0102C3E8E42F002CF7D1B0
:1058600010BD0B6803608B8883808B7983717047D0
:105870000023E9F79DB9D0E8EF3F0B40C0E8E23FD5
:10588000002AF8D17047704738B504460D46ECF74A
:10589000C3FD5F3005D129462046BDE83840ECF70E
:1058A000D5BC38BD0020704710B5038842889342AC
:1058B00019D8052B17D9B2F5486F14D88388B3F5DA
:1058C000FA7F10D240F67644C088A0F10A0189B26E
:1058D000A14208D801339BB25343B3EB800F34BFCE
:1058E0000120002010BD0020FCE7002070470020B0
:1058F000704770B506460D464FF0FF304FF0FF3150
:10590000ECF7D4FF044618B9BDE87040ECF78ABC48
:1059100003210C30FFF763FC068085702146BDE84B
:10592000704042F22100EDF7FFB8EDF723BE70B5ED
:1059300006460D464FF0FF304FF0FF31ECF7B6FF53
:10594000044668B103210C30FFF749FC06808570DE
:105950002146BDE87040002240F20640EDF700BA53
:105960006FF0680070BD38B54FF0FF3105464FF05D
:10597000FF30ECF79BFF044668B102210C30FFF7C3
:105980002EFC2B88214603800022BDE8384042F2DD
:105990001600EDF7E5B96FF0680038BDF8B50746B9
:1059A0000E464FF0FF304FF0FF311546ECF77EFF0B
:1059B000044678B106210C30FFF711FC3B88468085
:1059C000038085802146BDE8F840002242F2220093
:1059D000EDF7C6B96FF06800F8BDC068037813B181
:1059E0001846EDF78FBE4FF6FF73B0F81F209A42AE
:1059F00001D1EDF7E3BEECF71FBCC368187808B11E
:105A0000EDF780BE1846EDF7D9BE08B5002000219D
:105A1000EDF73AF918B1BDE80840EDF77FB8BDE8F9
:105A20000840F0F783B8072208B505F036FDB0FA54
:105A300080F0400908BDFFF731B900280CBF0846C7
:105A40000020704770B50D460446002845D0002957
:105A500043D000F11803D3E8AF2F920711D40A689E
:105A6000C0F809208A88A0F80D2001220272D3E82C
:105A7000EF1F41F01001C3E8E21F002AF7D1002018
:105A800070BD4FF0FF304FF0FF31ECF70FFF0646CF
:105A900030B307210C30FFF7A2FB03466278314692
:105AA00003F8012B2A68C0F80120AA8842F23500C9
:105AB0009A800022EDF754F90028E1D104F109039E
:105AC0009D424FF001031EBF2A68C4F80920AA882E
:105AD000237218BFA4F80D20D1E76FF01500CFE7AF
:105AE0006FF06800CCE707B580B906216846F6F785
:105AF0003BFB40B99DF80530684603F03F038DF845
:105B00000530EEF77BF803B05DF804FB6FF015008D
:105B1000F9E713B5044680B106216846F6F724FB81
:105B200048B99DF80530694603F03F0320468DF8DB
:105B30000530FFF787FF02B010BD6FF01500FAE7E0
:105B4000012070471830D0E8EF3F23F02003C0E871
:105B5000E23F002AF7D1704710B50C4631B1002062
:105B6000FFF7C1FF08B90123237010BD6FF01500C6
:105B7000FBE7D0E8AF0F084100F001007047034693
:105B800010B5D3E8EF0F00EA0102C3E8E42F002CC0
:105B9000F7D110BDFFF782B8012310B403FA01F169
:105BA000044642B1D4E8EF3F0B43C4E8E23F002A89
:105BB000F8D110BC7047C94310BCFFF7E0BF012308
:105BC0008B40D0E8EF2F1A43C0E8E12F0029F8D12D
:105BD00070472DE9F04180460F464FF0FF304FF0FF
:105BE000FF3186B01446ECF761FE064688B300F13B
:105BF0000C0537B301212846FFF700FB0121284699
:105C0000FFF7FCFA284698F80110FFF7F7FAD4B12D
:105C100021882846FFF7FAFAA1782846FFF7EEFA1E
:105C2000304608F1180203A908230097ECF72CFE70
:105C30000022314642F23900EDF792F806B0BDE895
:105C4000F0813946D7E721462846FFF7DFFA21469B
:105C5000E3E76FF06800F1E7203004F015BA10B503
:105C60000446FFF7F9FF2046BDE810405822002106
:105C700005F007BC0121EEF7F1B9D0E8AF0F70478E
:105C8000034610B5D3E8EF0F00EA0102C3E8E42FA2
:105C9000002CF7D110BDD0F8B400003818BF012097
:105CA00070470846896918301160426800211A60FF
:105CB00010F80D2C05F0E5BBD0E8AF0F7047FEF7EC
:105CC000F6BF837A072B01D1EFF7D8BB7047243892
:105CD000EFF74ABC002203680BB9184670478B42A5
:105CE00010D10B6842B942680360914200D1436011
:105CF000002301200B60704713604368994208BF7E
:105D00004260F5E71A461B68E6E710B504460069ED
:105D100018B1EAF785FB0023236110BD034610B5D7
:105D200000F1C8021046FFF7C7FF60B1411CD2E87E
:105D3000EF4F844204D1C2E8EC1FBCF1000FF6D152
:105D4000F0D1184610BD0346FBE710B5837A044630
:105D5000073B012B02D80121EFF74EFDA37A2BB1AF
:105D60002046BDE810400021EFF746BD10BD10B53C
:105D7000837A0446023B062B25D8DFE803F00D04A6
:105D800024242417220041720021EFF735FDBDE8DD
:105D900010400220EFF73EB88378012B11D140303C
:105DA00004F072F9BDE81040EDF7EABC0088FFF797
:105DB000BEFD38B9A37A072B03D108212046EFF79F
:105DC0001BFD002010BD6FF07F00FBE737B50546D7
:105DD0000C46FFF7C4FC2946A8B16846FFF7B4FC9F
:105DE00069460020F0F7DCF858B12388A0F88C3021
:105DF0006388A0F88E30A388A0F89030E388A0F8DC
:105E0000923003B030BDFFF718FE034600680090E3
:105E10009A889B79ADF804208DF80630E0E738B514
:105E2000037A04468B42154615D100F17001072212
:105E3000284605F032FB80B1E378072243B904F12C
:105E40007E01284605F029FBB0FA80F0400938BDF4
:105E500004F17701F5E70020F9E70120F7E78378FF
:105E6000012B0CBF70300020704708B582780346C4
:105E7000012A02D06FF0150008BD0430FFF71CFFA7
:105E800082030BD500209A7848700A704880888079
:105E90009A78012AEED198338B60EDE76FF00F000E
:105EA000EAE7F8B507460D464FF0FF304FF0FF31F7
:105EB000ECF7FCFC0646D0B10E210C30FFF78FF951
:105EC00004460E22002105F0DCFA3B88314623808F
:105ED0002B88002263806B8842F21300A380AB887A
:105EE000E380EB882381BDE8F840ECF739BF6FF021
:105EF0006800F8BD704710B50446F9F78BFD2346DE
:105F000053F8482BD2F8B41061B9A164D2F8B81094
:105F100061B9C2E92D33F9F791FD2068BDE8104061
:105F2000EFF740BC8B42F6D00968EDE70B60C2F892
:105F3000B830F0E703682BB141681A688B42026001
:105F400008BF4260704770472DE9F843446B002C4E
:105F500055D054F8085905B1083D002701E02C46FA
:105F60001D46D4E900682EB3F9F754FD0022D6F897
:105F7000B43004F1480163B1994232D1A36C42BB01
:105F8000D6F8B820C6F8B430914201D1C6F8B8307E
:105F9000A764F9F753FD04F13009002200234846B5
:105FA000F8F7DEFF0646F8B9D8F804300BB1204602
:105FB00098472760E3680BB120469847D8F820300F
:105FC0000BB120469847D5B1AB68002BC7D0083B32
:105FD000C5E71360D6F8B830994208BFC6F8B820B4
:105FE000D6E71A461B68C6E7B36923B16FF06D02A6
:105FF000F169206898473046EAF712FACDE7BDE824
:10600000F883F8B50F4600210546164600234FF2E7
:1060100024420846F0F7B2FA044620B92846BDE803
:10602000F840F0F76BBA04210C30FFF7D8F8057090
:10603000477046802046F8BD406B28B1838B0838F6
:106040008B4201D08068F8E7704710B54AB989B231
:10605000FFF7F2FF28B143689B6913B1BDE8104018
:10606000184710BD38B50D460521FFF7E5FF0023A1
:1060700029461A46F0F79CFA044610B12846EAF77A
:10608000CFF9204638BD406B28B1838908388B4250
:1060900001D08068F8E7704770470346006828B170
:1060A0005968026888421A6008BF5A607047034600
:1060B000002003B970471A8A5B681044F9E710B5ED
:1060C000D4680231237813B92170012010BD8B42AE
:1060D000FBD0038A023B038200201061F6E7FEF743
:1060E000DDBD2DE9F04104468868FFF7E0FF638DD0
:1060F000628B0D46934228BF134683421DD300276F
:10610000A165D1F808808F60F9F784FC41462046EC
:10611000F0F79CFC064638B1C5F80880A765F9F78A
:106120008DFC3046BDE8F081618D638B2846994235
:1061300028BF1946F3F78CFBF1E76FF07906F0E71B
:1061400008B503680A8A1868C968F3F7B9FA002025
:1061500008BD38B5054601F10C000C46FFF789F87B
:106160002D680146238A2868E26801F032F9002090
:1061700038BD38B504460D46F0F768FC30B1294605
:1061800004F15C00BDE8384003F078BE38BD70B45F
:1061900005686A6A52B3136803B1A83BA2F1A80468
:1061A0000022114600E0A83B844207D0668D648B34
:1061B000B14238BF3146A24238BF22461C462BB1FD
:1061C000D3F8A830002BEED18442EFD1438D408B21
:1061D0008B4201D890420BD9824238BF0246994285
:1061E000286838BF194670BCF3F7AEBA1146EDE720
:1061F00070BC704773B51446014605464FF495725E
:10620000206800F0B7FF207530B92946206801F0FA
:106210002BF920B908232375002002B070BD237A22
:10622000B3B1A3F11802534253419B000193638A17
:1062300029460093AE68238AE2682068B0470028A8
:1062400008DB238A98420CD1002301202375E4E760
:106250000223EBE710F1FF0F03D34042C0B22075D9
:10626000DAE70E20FBE71FB5CDE9012300231A462C
:106270000093F1F7E7FF05B05DF804FBF8B593680C
:1062800005460F461446166863B9506801210C3064
:10629000FEF7A5FFA0602B681B78002B14BF02231C
:1062A00001230370A3681B78012B03D0022B1FD09E
:1062B00000201CE02B681B78002BF9D160680421BA
:1062C0000C30FEF78CFFE06007802A68E368528894
:1062D0005A806168728D738B088A9A4294BFC0EBB2
:1062E0000200C0EB0300042894BF00200120F8BD89
:1062F0002B681B78022BDBD1606812210C30FEF773
:106300006EFFE06007802B68E268591C023211338F
:1063100051F8040B994242F8040BF9D16168728D6F
:10632000738B088A9A4294BFC0EB0200C0EB030053
:106330001228D9E7D0680431037813B9017001201D
:1063400070478B42FBD0002091680B8A043B0B8284
:106350001061704770B504460E46002200230846BF
:10636000F8F7FEFD054658B101462046F0F76EFBF2
:10637000044618B12946304603F08BFD204670BD17
:106380006FF00104FAE72DE9F04F044685B010469E
:1063900090469946FFF78BFE638B628D8B46934246
:1063A00028BF1346834240F29380636840460393BC
:1063B000FEF7E2FE4FF0000A06464046FFF777FE82
:1063C000628B638D06F10C079A4294BFC0EB020505
:1063D000C0EB03053846FEF762FF854217D2404600
:1063E000FFF765FE628B638D9A4294BFC0EB020596
:1063F000C0EB03058DBB98F80A00E9F769FF00229E
:106400000023FEF786FE064630B9574636E038468A
:10641000FEF745FF0546EDE701464046FEF7BDFEA7
:106420004046FFF744FE628D638B06F10C079A42EB
:1064300094BFC0EB0205C0EB03053846FEF72FFF03
:1064400085421FD24046FFF732FE628D638B9A422F
:1064500094BFC0EB0205C0EB0305F168328ACDF8AA
:106460000090DBF804700A4403985946ABB2B84771
:10647000071E0CDABAF1000F18BF5746384605B0B0
:10648000BDE8F08F3846FEF70AFF0546E5E70E9BAC
:10649000B3B9394606F10C00FEF7A1FE4046FFF7FE
:1064A00006FE638D628BB944934228BF1346834234
:1064B000BA441FFA89F9A8D9AF423FF47EAFA4E7E6
:1064C000394630460F9A0E9B98470028E1D19CE749
:1064D0000027D3E70022036803B970478B420FD12E
:1064E0000B683AB942680360914200D143600023CF
:1064F0000B60704713604368994208BF4260F6E73B
:106500001A461B68E8E7D0E8EF3F43F00802C0E80E
:10651000E12F0029F7D1C3F3C00070472DE9F04106
:10652000064690461F460D46B9B104220121F0F7F8
:10653000C1FB044618B9BDE8F041F0F7FDBA0421EB
:106540000C30FEF74CFE0570A0F80180C7702146A4
:106550003046BDE8F041FFF70CBEBDE8F08137B52D
:106560000C46054601F10C00FEF783FE228A034625
:106570000192E2681221009228461322F0F714FCDF
:1065800003B030BD37B50C46054601F10C00FEF7EF
:1065900070FE228A03460192E26828460092002299
:1065A0001146F0F701FC03B030BD00232DE9F341A3
:1065B00017681446D7F804800146137306469522DF
:1065C000404600F0D7FD0546207330B931464046BD
:1065D00000F048FF28B908232373002002B0BDE86B
:1065E000F081CDE9005531463846A388A268FFF70F
:1065F000CAFE002807DA10F1FF0F32BF0E2040421A
:10660000C0B22073E9E70120E8E700232DE9F34158
:1066100017681446D7F8048001461373064695227E
:10662000404600F0A7FD0546207330B9314640468C
:1066300000F018FF28B908232373002002B0BDE83A
:10664000F081A068798D7A8B038A914294BFC3EB65
:106650000103C3EB0203012BEFDD02210C30FEF737
:10666000BEFDCDE900558046A38831463846A26874
:10667000FFF789FE031E06DA13F1FF0F2ABF5B4204
:106680000E23DBB2D8E70120A8F80030D6E707B523
:10669000CA680C211388528800920D22F0F7A2FEDE
:1066A00003B05DF804FB07B50022CB680A211B8804
:1066B00000920B22F0F796FE03B05DF804FBF8B5EC
:1066C000CB6804461F88BBB2162B24D90321F0F7F0
:1066D00045FD064608B302210C30FEF780FD00257B
:1066E0006FF004034570037031462046FFF741FD0B
:1066F000FB236383236867851B680433D3E8EF1F9C
:1067000041F48031C3E8E21F002AF7D12046FFF7A9
:106710003EFD2846F8BD0420FCE70E20FAE7F8B558
:10672000054650F8044C071F00F15003D3E8EF1F53
:1067300021F00401C3E8E21F002AF7D1FCB16B6D20
:1067400083B9636873B1201DFFF7A7FC06460146B5
:106750003846FFF7C6FC90B163683360A368666093
:1067600003B9A660384605F15801FFF7F3FD30B1D3
:10677000384604F10C01BDE8F840FFF7EBBDF8BD69
:106780002DE9F041446A074634B354F8A86906B1CC
:10679000A83E002307F104081D4601E034461646D2
:1067A000A26D92B905B983B94046FFF776FC05465C
:1067B00050B101462046FFF794FC68B17B682B601E
:1067C000BB687D6003B9BD6023462EB1D6F8A82012
:1067D000002AE3D0A83AE1E7BDE8F08138B50546E4
:1067E000D1E8AF3FDB0716D550F8040C98B16B6DBC
:1067F0008BB90430FFF751FC044660B10146281FF5
:10680000FFF76FFC38B155F8043C5A6822609A686B
:106810005C6002B99C6038BDF1F7A8BC08B5F0F720
:10682000D9FF08B3426A02B3136803B1A83B32F838
:106830008E0C32F87E2C904228BF104643B913E0EC
:10684000934228BF1346984238BF1846A1F1A803C7
:10685000D3F8A8105A8B5B8D0029F1D19A4228BF3A
:106860001A46904238BF104608BD1046FCE70A8A17
:106870000023C968F1F7CAB8FFF7F9BFFFF7F7BF00
:10688000FFF7F5BFFFF7F3BFFFF7F1BFFFF7EFBF6C
:10689000FFF7EDBFFFF7EBBFFFF7E9BFFFF7E7BF7C
:1068A000FFF7E5BF70B5CE68044633880D469AB24F
:1068B000162A06D8002204231146BDE87040F1F7DD
:1068C000A5B8FB2243854283FFF761FC00233146D4
:1068D00020462A8AF1E770B50E46F0F77BFF0446A2
:1068E00028B93046E9F79CFD6FF07F0070BD00F1DC
:1068F0000C052846314603F0C1FA606A38B150F8F9
:10690000A84904B1A83C2946FFF724FD20B900207E
:10691000ECE71C466FF00100002CF8D0D4F8A8304A
:1069200023B90230F5D020461C46ECE7A83BF8E737
:1069300038B505460C46F9F76DF82846F0F74AFFDA
:1069400020B9F9F77BF86FF07F0038BD0023236092
:1069500083683BB9C0E90144FFF712FFF9F76EF80D
:106960000020F2E71C608460F6E710B50C46F0F7F3
:1069700031FF90B1436A43B153F8502CA83BD16822
:10698000A14209D0D3F8A830F5E7406828B1C36820
:10699000A34202D00068F9E7104610BD01207047FD
:1069A00008B5F0F717FF78B1436A6BB1A83B03F164
:1069B0005402D2E8EF0F20F00800C2E8E10F0029EE
:1069C000F7D1D3F8A830F0E708BD08B50421FFF7E8
:1069D0005AFB20B15030D0E8AF0FC0F3C00008BD63
:1069E00010600020704710B5029CA36833B1B1F568
:1069F000807F28BF0E21CAB221469847A37DE26856
:106A0000013BDBB2A37522B11BB92046BDE81040A3
:106A1000104710BD1060918000207047B1F5807F55
:106A200028BF0E21009AC9B213681847FEF73FB974
:106A3000F0B5076806463D78144689B0E5B97B880D
:106A4000B3F5245F04D011D8A3F52053032B13D83A
:106A5000ADF80A10022220460DF10A01F1F712F9F1
:106A600070B16FF01502C4F8602106E003F55643DB
:106A7000FF339BB2042B1DD90125284609B0F0BD78
:106A80007B88022220460DF10A01ADF80A30F1F7A9
:106A9000F9F80028E5D1009003AA1323314677685E
:106AA000B847021EDFDB03A92046F1F7EBF8002808
:106AB000E2D0D6E7ADF80A10022220460DF10A0115
:106AC000F1F7E0F80028CCD17B880222ADF80A303B
:106AD0000DF10A01E8E7072208B504F0DEFCB0FA80
:106AE00080F0400908BDD0E8AF0F7047034610B5ED
:106AF000D3E8EF0F40EA0102C3E8E42F002CF7D1FE
:106B000010BDFEF7CBB80B6803608B8883808B7950
:106B100083717047034610B5D3E8EF0F00EA010216
:106B2000C3E8E42F002CF7D110BD2DE9F0410C464D
:106B3000069D06466FF0040105F11000FFF7EAFF1D
:106B4000F4B13046F1F70AF9014648B3836853B10E
:106B50000022186805F1140C2BB1634508D12B46AF
:106B60003046F1F71DF9B4F5807F28BF0E240FE001
:106B700020B107681A4603463846EDE70746F9E7AD
:106B8000AB892BB923462246294630462F68B847A1
:106B90006B682BB12A463046E1B2BDE8F041184798
:106BA000BDE8F0812DE9F04107460C4600264D1C5A
:106BB00001F1C908294615F8010CEFF71BFA30B1AD
:106BC000B5F807309E4238BF1E46EEF7D3FD0A35B2
:106BD0004545EFD1B4F8C830B34209D0D4F8CC3031
:106BE000A4F8C86023B131463846BDE8F0411847E3
:106BF000BDE8F08110B5144602210C30FEF7EFFA23
:106C000063890380002010BD10B5144604210C30A8
:106C1000FEF7E5FA23890380E3894380002010BD55
:106C200010B5144602210C30FEF7D9FA23890380EF
:106C3000002010BD10B5144604210C30FEF7CFFA29
:106C40002389038063894380002010BD08B501219A
:106C50000C30FEF7C4FA03460020187008BD08B5D2
:106C600001210C30FEF7BBFA01230370002008BDA0
:106C700038B5154600F10C0404212046FEF7AFFAA2
:106C80002B890380EB8943802B7C33B94FF420514F
:106C90002046FEF7BBFA002038BD42F60101F7E7B7
:106CA00038B5154600F10C0404212046FEF797FA8A
:106CB0002B890380EB8943802B7C022B04D0032B90
:106CC00009D02B68598801E042F602012046FEF700
:106CD0009DFA002038BD42F60301F7E770B514466F
:106CE000002500F10C066268EBB29A4205F101053D
:106CF00001D8002070BDA268304632F81310FEF7AC
:106D000085FAF0E7FFF7EABF30B5144685B00546CF
:106D100002210C30FEF763FAA388002203800023CF
:106D2000CDE902330023CDE900232846A268A189DA
:106D3000E9F794FBA389834214BF6FF00B00002096
:106D400005B030BD7FB5154606460C460C30042113
:106D5000FEF745FAAB8800220380EB88043C4380B1
:106D60000023CDE902330023CDE90023214630463C
:106D7000AA68E9F773FB844214BF6FF00B00002090
:106D800004B070BDF7B5089D06460C462F6851B992
:106D900073B900232A460893E1B23046BC4603B0DB
:106DA000BDE8F0406047B1F5807F28BF0E24F0E7D2
:106DB000009313462A46B847089423462A4621469C
:106DC0002F68EAE7F0B50D4687B0114606461A4629
:106DD0000C9C5DB983B92768002322463046BC4627
:106DE000E9B20C9307B0BDE8F0406047B5F5807F8D
:106DF00028BF0E252768EFE703A8FEF7DFF9BDF8E7
:106E00001030012B08D80023009322461946304643
:106E10002568A84707B0F0BD022103A8FEF719FABC
:106E20000346BDF8102033F8027B0021974228BFAB
:106E300017460097224630462568A847394603A8DA
:106E4000FEF707FADBE738B5BDF810401546A24259
:106E50000CD84CB16BB1A21A8A42A8BF0A4694B2B0
:106E60002246591904F0E6FA204638BD6FF00600B4
:106E7000FBE76FF00D00F8E730B585B0C968144640
:106E80001D46F0F74FFF00B100890223ADF80E0058
:106E9000009329462046BDF820200DF10E03FFF790
:106EA000D2FF05B030BD1FB50C461946E368104649
:106EB0001C78BDF818203CB110240133069404B0AE
:106EC000BDE81040FFF7BFBF5B88ADF80E3002236E
:106ED00000930DF10E03FFF7B6FF04B010BD30B5FF
:106EE0001D46002385B014468DF80C30F0F7DCFE0B
:106EF00010B1037A8DF80C30012329460093204607
:106F0000BDF8202003ABFFF79EFF05B030BD2DE993
:106F1000F04114461D46BDF81870EBF7FBFD064620
:106F2000E3F7A3FC80B2069033463A462946204652
:106F3000BDE8F041FFF787BF30B585B014461D4668
:106F4000FEF7D3FC0223ADF80E000093294620463D
:106F5000BDF820200DF10E03FFF775FF05B030BD21
:106F600038B5144600F10C0506212846FEF737F91E
:106F700023890380E3894380237C002B42F60103AD
:106F800008BF4FF42053838021680B781BB1022B7C
:106F900006D0002038BD28464988FEF737F9F8E7C3
:106FA000102228460131FEF720F9F2E738B51546E0
:106FB00000F10C0404212046FEF711F92B8903800F
:106FC0006B894380E9680B782BB920464988FEF726
:106FD0001DF9002038BD102220460131FEF705F9C9
:106FE000F7E7002203680BB9184670478B4210D1AF
:106FF0000B6842B942680360914200D143600023AC
:1070000001200B60704713604368994208BF4260DB
:10701000F5E71A461B68E6E770B500F1700605460D
:107020003146007AFEF763FC04463146287A3CB1CB
:10703000F0F75CFE18B1002303604360836070BD0D
:10704000F0F754FE0028FAD0046044608460F6E74C
:10705000022A10B508D1002300F170011A46007A07
:10706000F0F734FF022010BDFFF7D6FFFAE738B57E
:10707000144600F10C0502212846FEF7B0F863899A
:107080000380A1892846FEF7C1F8042104F110000D
:10709000FFF72CFD002038BD01210C30FFF726BD85
:1070A00038B504461546FFF779FC40B12046F0F7A5
:1070B000FBFD20B1037ADB0701D5FFF7EDFF35B902
:1070C000207A04F17001F0F711FE00B1856038BD3F
:1070D00013B5044610B9002002B010BD00238DF88E
:1070E000043042F60303006801A9ADF80630FEF74C
:1070F000CFFA0028EFD1E36898880028ECD1204629
:10710000F1F770F8013080B2E6E770B5CC681E4642
:10711000A37988B008468DF80C301546FFF7D8FFE4
:10712000ADF80D00246823786BB96388ADF80F3093
:107130000523009331462846BDF8302003ABFFF706
:1071400082FE08B070BD631C0DF10F02113453F8BC
:10715000041BA34242F8041BF9D11323E9E71FB52E
:10716000CDE9012300231A460093F1F76BF805B02F
:107170005DF804FB4B8A12F0010FC3F30E0304D039
:1071800013F0950F10D0486870B112F0020F04D0C0
:1071900013F4957F0AD0896841B1134013F4DE7F60
:1071A00014BF05200020704702207047032070475D
:1071B000F8B50F46516806464B8A144603F094030F
:1071C00013BB0122F1F75AF908B3A2891B213046FB
:1071D0000232F0F7ABFB0546E0B1A1890C30023179
:1071E000FDF7FDFF20F8027BA289A16804F022F9D7
:1071F000D4E9041228460123F0F732FD294630462F
:10720000BDE8F840FFF767BB4FF0FF30F8BD6FF007
:107210001500FBE76FF00B00F8E770B50B4605466D
:10722000144629B921462846F1F7ECFB28B970BD70
:107230004FF6FF72914207D12181224628466368AA
:107240000021BDE870401847E28901339BB29A42A1
:107250002381E7D2F1E72DE9F04F89B006461446C5
:10726000129F11B913F0030807D03A4600213046A7
:107270007B6809B0BDE8F04F1847C14642F6010AE5
:10728000C3F3870302EB8305AC4207D13A4641467C
:10729000304609B0BDE8F04FFFF7BFBF3A7C6388C6
:1072A000002A14BF52464FF42052ADF8022010229B
:1072B000ADF808301FFA83F83B68B4F800B000213D
:1072C0000DEB020001938DF8009004F0DAF801ABA9
:1072D00006933A4630467B68CDF80CD0ADF81CB02A
:1072E00003A9984704340028CED109B0BDE8F08F37
:1072F000F0B553898FB0ADF80C3093890546ADF8E1
:107300000E30022304A8144616898DF8103002901E
:107310000DF1110301F1100251F8047B914243F881
:10732000047BF9D12168C1B9002142F60203102281
:107330000AA88DF80410ADF8063004F0A2F801ABED
:10734000099302AB0C93224628466368ADF834607B
:1073500009A9984728B90FB0F0BDFEF799F90028A0
:10736000E2D0224628462189FFF757FFF3E730B4E1
:107370000C4611461A46029B4CB1B4F5807F28BFDB
:107380000E241D681A46E1B22B4630BC184730BCAB
:10739000F2F7A0B873B504460D46F8F73BFB294653
:1073A0002046FFF7E2FA014620B902B0BDE870407E
:1073B000F8F744BB46682046F0F728FCF8F73EFB98
:1073C0002EB100230E211A4620460095B04702B088
:1073D00070BDF7B50D46044616461F46F0F7BEFCD5
:1073E000014628B133462A4620460097F2F730F985
:1073F00003B0F0BD2DE9F04105468846F0F754FC96
:107400000446D8B1037ADB0718D500F10C073846DB
:10741000FFF769FB10F0010610D1B8F1000F0ED094
:107420006FF002013846FFF775FB10F0020F284697
:1074300008D0FFF7B5FA2046FFF72EFE01263046AA
:10744000BDE8F081FFF7AAFA0028F8D02846FFF738
:10745000BCFA0028F3D06FF002013846FFF75AFB60
:107460002846E6E701207047012070470021F8B563
:107470004FF0FF324FF0FF3305460846EFF77EF836
:1074800000F10C07044601213846FDF7A8FE052649
:10749000012106703846FDF7A2FE002306701A4649
:1074A00021462846EFF784F810B12046E8F7B8FFE8
:1074B0000020F8BD6FF085007047002070470A4437
:1074C0008A4200D1704711F8013B40BA80B258405F
:1074D000C0F303134340180380B24340580100F443
:1074E000FF505840ECE7F5F7A3B8303870470C224E
:1074F0000369C9B201FB0233186C00F00700704742
:1075000070B5C9B20369EFF31185402484F3128882
:10751000BFF36F8F0C2606FB0134246C14F0C004FB
:1075200008D0A24206D085F31188BFF36F8F4FF0C9
:10753000FF3070BD012271430B441A6485F311883A
:10754000BFF36F8F43680B445B6898470020F0E7F8
:107550008022FFF7D5BFF8B5069F0469C9B2EFF3E3
:107560001186402585F31288BFF36F8F0C25694380
:107570000C44256C05F0070CBCF1010F0BD12764FE
:1075800086F31188BFF36F8FC4E90E2343685B58FD
:1075900098470020F8BD05F0C005AF4286F311887A
:1075A000BFF36F8F0CBF6FF077004FF0FF30F1E744
:1075B00013B580240094FFF7CEFF02B010BD10B4C5
:1075C0001C240069CBB203FB0400002110BC10474F
:1075D0001046F7F7F7BC00F0EFBEF4F7CDBE022877
:1075E00004D0042804D10020F2F72ABA0120FBE7D6
:1075F000704740F272607047034610B5D3E8EF0F52
:1076000040EA0102C3E8E42F002CF7D110BD0A289C
:1076100010B5044602D10D20F2F7D8FAE0B2F2F725
:10762000D5FA204610BD084608B51146F9F768FCA2
:10763000002818BF6FF0040008BD08B5F9F7BAFCC0
:10764000002818BF6FF0040008BDF7B51C460023E2
:10765000164682682360A3600D465369694601AAF5
:107660009847019B5A1E01921BB96FF0150003B099
:10767000F0BD0098A26847682168676085B9B31AB1
:10768000D0F800C0634528BF634603FB07111A44C6
:107690002160A26002689A4206D808300090E0E7B4
:1076A0006B1AB3FBF7F3EBE70020E0E71346002289
:1076B000FFF7CBBF2DE9F0470024836886B08846EA
:1076C00091465B6902AA01A99847A2462546029BFA
:1076D000AB4202D806B0BDE8F0870026019F07EB59
:1076E000C5077B6804933A680AEB0603B24202D8E6
:1076F0009A460135EBE749460394059303A8C04732
:107700000028E7D0049B01361C44ECE770B5037BEE
:1077100004460BB100F066FE0026A06800B970BDFB
:10772000B0F5007F28BF4FF4007005460246D4E94B
:107730000010F2F781FD63682B44636023680BB18E
:107740002B442360A3685B1BA360002BE5D0237B45
:107750000136002BE1D0304600F045FE0028DCD099
:107760000120DCE708460021F2F78ABD08461146F1
:107770001A4609B1F2F784BD6FF015007047034651
:107780000A46F0B41979DB880068134301250669BD
:10779000DA07346848BF83F440238D4023F4801215
:1077A000DB0787684CBF2C43AC4334603B68F0BCBC
:1077B000184703460A4619790123006803FA01F1C4
:1077C00003691B68194218BF82F0010212B1836875
:1077D000DB68184783681B69FBE7436824330B6049
:1077E000012313607047436800201B6AC1E9003021
:1077F0007047F7F7E7BB4FF0FF324FF0FF33F7F773
:107800001BBCF0B58FB04468D0F810C00020DDE993
:1078100014658DF800100121CDE90950CDF8010063
:107820008DF80500D007CDE90716CDE90B1602F05B
:107830008007CDF818D00D9514D59CF81C201BBAE4
:10784000D107049357BFBDF81130CDF80130ADF822
:1078500001309DF813304EBF05238DF8033004230B
:1078600007930B9306AB0293211D0AAB7FB1002D4A
:1078700014BF02220122CDE90323022305932068CD
:1078800083681C68002302AAA0470FB0F0BD012244
:10789000CDE9032302230593206883681C6804ABA9
:1078A000F1E7F7B54768054697F84A300E4658069F
:1078B0001BD5E1B907F13400FFF77BFF0621002358
:1078C0008022CDE900332846FFF79BFF97F84A3026
:1078D0000446990617D5B0B95EB1686890F84A3089
:1078E0005A0617D4204603B0F0BD0029E6D0042183
:1078F000E5E70346CDE90000802298212846FFF7FE
:1079000080FF0446EEE7686890F84A305B06E9D5E8
:10791000002EE7D001213430FFF74BFFE2E71FB51F
:10792000012301930DF10F030093002305211A4653
:10793000FFF767FF08B99DF80F0005B05DF804FB7D
:107940002DE9FF41064615461C4601270DF10F089B
:10795000002305211A463046CDE90087FFF751FF85
:1079600040B99DF80F30DB0704D528462146F8F7CB
:1079700021F9EDE704B0BDE8F0812DE9F3471F469A
:1079800043680D1E064690461B6A5CDBEA199A4264
:1079900059D80069FFF72FFF00213046FFF781FF1C
:1079A0000446002844D181462FB901213046FFF713
:1079B00078FF044640E0B7F5807FBA4628BF4FF411
:1079C000807A2A4605EB0A03002D03F1FF334FEAC4
:1079D0001323B8BF05F1FF02B3EB222F08D06B428F
:1079E000DBB25FFA85FA58BFC3F1000ACAF5807AA4
:1079F0000023802206213046CDE90099FFF701FFE0
:107A00000446A8B92B46812202213046CDE9008ADE
:107A1000FFF7F7FE044658B9012200233046FFF76E
:107A20008FFFA7EB0A070446D04455440028BBD07B
:107A300001213046FFF735FF3069FFF7DAFE2046B7
:107A400002B0BDE8F0876FF01504F8E7F7B51E4601
:107A500043680D1E044617461B6A14DBAA199A4296
:107A600011D80069FFF7C7FE2B46012203212046EB
:107A7000CDE90076FFF7C5FE05462069FFF7B9FEA0
:107A8000284603B0F0BD6FF01505F9E7F7B5446877
:107A9000054694F84A309A0749D5076902F086FCF2
:107AA0004FF47A76A0FB060C002347F6122206FB61
:107AB00001C1DCF7EFF8BB69C31A15D4B4F8442050
:107AC000B4F846609B1AB3420EDA47F6122740F22A
:107AD000E7300021F61A4FF47A720023E6FB070123
:107AE000DCF7D8F8F8F766F894F84A3013F0040396
:107AF0001DD18022AB212846CDE90033FFF781FE5E
:107B0000B0B994F84A309B0711D540F2E73147F6F7
:107B100012250E460146B4F848404FF47A72E5FB50
:107B2000046100233046DCF7B5F8F8F743F800208D
:107B300003B0F0BD436800205B68DB680B607047F2
:107B4000436802EA01005B6821EA020158600020F4
:107B500099607047436800205B68596070474368CC
:107B600000205B689960704743685A68136821EA8F
:107B700003000B40506000209360704710B503690C
:107B80005868F8B1884219D19C680868A1425860C9
:107B900000D19860002008602AB15A680A609A688B
:107BA000596002B99960002010E0814206D108684E
:107BB000206098688142EDD19C60EBE70446006844
:107BC0000028F2D1002AE8D16FF0150010BDF4F7BB
:107BD000D3BF30B543681360057A446804EBC5042D
:107BE000A34202D36FF0010030BD5C798C4201D01A
:107BF0000833F0E70020F7E710B402694368116822
:107C00001B68D3F8304171B17CB100240C6111685C
:107C1000C97B19B94FF48051C3F8081311688C7BE4
:107C20001CB100238B7310BC7047D3F8141121B121
:107C30000021C3F81411D3F8143112681368002B13
:107C4000F1D0516810BC184743681B68D3F8800412
:107C5000C3F88004704742681368D3F84C0150B1F0
:107C60000020926A12780A70C3F84C01D3F84C21B4
:107C700001229A6270474FF0FF307047002A0FDDF3
:107C800042681368D3F84C0158B10020C3F84C0186
:107C9000D3F84C010120926A12780A7098627047FA
:107CA0000020704710B543681C680369EFF311802A
:107CB000402282F31288BFF36F8F1A68D17B39B9E3
:107CC000917301221B68DA734FF48053C4F80433B4
:107CD00080F31188BFF36F8F10BD03691A68D17BE1
:107CE00021B10121917300221B68DA737047026988
:107CF00003461168C87B40B15B681B68D3F830014C
:107D000018B100230B6113689889704743681B689A
:107D1000D3F84C01003818BF0120704743681B6836
:107D2000D3F8042312035CBF4FF40022C3F80423EA
:107D3000704743681B68D3F80423120344BF4FF411
:107D40000022C3F808237047202243681B68C3F849
:107D500004237047202243681B68C3F80823704738
:107D600038B5436804461D68D5F80433DB0405D4F0
:107D7000D5F8040310F4002006D138BDFFF7B7FF93
:107D80000028F5D00120F8E72046FFF7BFFF0038B4
:107D900018BF0120F1E701207047036918680160EE
:107DA0001B685A60704713B501AA0446FFF711FF1C
:107DB000002805DB019B226819791868F2F798FE04
:107DC00002B010BD6FF08500704738B505464468B5
:107DD0000121E068FFF7E7FF6B6819686369C1F884
:107DE0002435E28BA38BA07E1343228C1343628C39
:107DF0001343627E9BB20243207E02431343C1F8C9
:107E00006C3569680B68D3F8002242F48022C3F80D
:107E100000220822C3F800254A6A0121C3F83C2742
:107E20000022C3F840271965D3F830110029FBD090
:107E3000C3F800256B680021D868FFF7B4FF6D68B0
:107E40000021E8682C68FFF7AEFF0823C4F800356E
:107E50002A7A52B9AB6AC4F804370123C4F8083748
:107E6000C4F84C21D4F84C21A362002038BD10B5D1
:107E70000446002201214FF48270E7F7CBFE4FF455
:107E80008270E7F7A5FE2046BDE81040FFF79DBFD2
:107E900010B5044600220121C720E7F7BBFEC7202A
:107EA000E7F796FE2046BDE81040FFF78EBFF8B515
:107EB00006690546336801279C8910339442A8BFA0
:107EC0001446D3E8EF2F002A03D1C3E8E07F00284F
:107ED000F7D10CBF3B46002325D133682246986872
:107EE00003F0A8FAEFF31180402383F31288BFF365
:107EF0006F8F6B6831681B68D3F830213AB914462C
:107F00000A6180F31188BFF36F8F2046F8BD8A683D
:107F1000C3F83C270022C3F84047C3F83021D3F808
:107F200030211F65EDE71C46EFE7FCF7B7BE0022E6
:107F300001214A20E7F76EBE10B50B6813B9184649
:107F4000136005E003685C681CB11460036818687E
:107F500010BD083303600B68013B0B60EDE713B500
:107F600001AA0446FFF735FE002805DB019B2268C5
:107F700019791868F2F7BCFD02B010BD03460A4635
:107F800019790123006803FA01F103691B6819429A
:107F900018BF82F0010212B18368DB68184783685A
:107FA0001B69FBE738B50469456894F895302BB137
:107FB0002046F5F74DFA002384F89530686B0121CF
:107FC000FFF7CDFF002038BD10B504460068D0B1E2
:107FD0008368C3B149B101210830FFF7CFFF23689F
:107FE0001869BDE8104001F0E8BD12B98388DB04D0
:107FF00009D4006901F0E1FD20680021BDE81040CE
:108000000830FFF7BBBF10BD10B5012200210446A8
:10801000FFF7DAFFA36933B9636004F11000BDE82C
:108020001040F6F7CFBF10BD10B50069836A8B42D0
:1080300007D190F894403CB92830FFF7E5FF20467F
:1080400010BD6FF01500FBE76FF00F00F8E738B5D3
:1080500005690446A96605F15000F6F7B3FF002252
:1080600085F8942020691146BDE838402830FFF794
:10807000ABBFF0B504690646D4F880204568D4F853
:10808000883085B0A2BB002B54D02D8EE06F9D426E
:1080900028BF1D46D4F88470D4F8843063B1D4F876
:1080A00088204AB107F06042B2F1005F04D0082D89
:1080B00028BF0825D4F89C70E26FC4F8905022B114
:1080C000D4F88020002A18BF2A46019223B1D4F8A0
:1080D0008830002B18BF2B466946009000222046AE
:1080E0000393029700F095FD014620BB05B0F0BD5B
:1080F000E16FD4F8847008462D8EBBB1934228BF3F
:1081000013469D4228BF1D460029C5D001F060439B
:10811000B3F1005FC0D0082D28BF0825D4F898001F
:108120002A4603F087F9D4F89800B5E7954228BFAE
:108130001546E9E71946304605B0BDE8F040FFF7BF
:1081400086BF0123F0B587B08DF8023002230027E7
:108150008DF804306B4403930E4601AB0DF103011F
:108160000546029104930597F4F7F6FC041E0BDB19
:108170003146284603AA00F072FB041E07DA28469F
:108180009DF80310F4F7DEFC204607B0F0BD3C4636
:10819000FAE7F8B50C46054600F08CFC00222146B3
:1081A0000646284600F032FC03212046F3F766F825
:1081B00000F01DF807462B689B5953B10026214655
:1081C000284600F075FC20460121F3F757F83046A9
:1081D000F8BD00F00CF8C01BC728ECD96FF073068F
:1081E000EDE708B50220F1F795FC002008BD08B5C1
:1081F000F4F7D8FD08BD10B54FF0FF304FF0FF3158
:10820000F3F742F9044628B9C7F716F9044618B13E
:10821000F3F742F9204610BDF3F73EF92046E9F79F
:1082200077FEF7E738B50B8A0D463BB101F10C003C
:10823000FDF717F8012818D0022803D06FF01504B5
:10824000204638BD4FF0FF304FF0FF31F3F71CF9F7
:1082500004460028F4D1E868DCF7AAF80446F3F7EE
:108260001BF9ACB1F3F72EF9EAE74FF0FF304FF00E
:10827000FF31F3F709F904460028E1D1E868F3F784
:1082800077FB0446F3F708F9002CD9D1F3F71AF974
:108290002846E8F7C5F80024D2E7F3F7C3BA10B5CB
:1082A00031220021044603F0ECF8202323708023C0
:1082B000A3706FF03F0363710423A3722823A37399
:1082C0000223E3730423A3756FF0080363763F234F
:1082D000A3766FF00303E37679232377302384F8C2
:1082E00020306FF03F0384F82130012384F82230DE
:1082F0006FF0070384F82330FF2384F8243084F8D8
:108300002530402384F82D30242384F82E30032395
:1083100084F82F30802384F82630032384F8273014
:108320006FF03F0384F8283010BD08B5F3F732FF33
:10833000002008BD08B5F8F73DFE48B1002383F3DF
:108340001188BFF36F8F0423184602DF6FF004001B
:1083500008BD08B54FF0FF314FF0FF30F3F794F848
:10836000E2F796F9BDE80840F3F796B8684620F0C2
:1083700007018D4601B5DAF76BF8BDE80140854687
:108380007047684620F007018D4601B5D9F754FBC8
:10839000BDE8014085467047684620F007018D46DC
:1083A00001B5D9F73BFBBDE801408546704708B5EC
:1083B000E1F7A1FF002008BD7047012802D100208D
:1083C000DAF768BD70477047DAF71ABB08B5DBF714
:1083D000EDF930B1EFF305800338032894BF002096
:1083E000012008BD7047012070478068203820F0C8
:1083F0000F0020387047042809D0052803D1481EF3
:1084000018BF01207047431A584258417047012055
:10841000704738B515460C4661B15AB1FCF75CFDA2
:108420002146254411F8013B834203D1A942F9D1E9
:10843000012038BD0020FCE738B50C460123114669
:1084400022460546FCF705FD00280FDB01222146E8
:108450002846FFF7DEFF38B92378012B14BF02232B
:1084600001230020237038BD0323FAE70120FAE737
:108470002DE9F0431D4685B006460F469046FCF7B1
:1084800022FD6C1E044440420440102C01D9FCF72C
:108490002CFE3046FCF720FD81462A4641466846C0
:1084A00002F0C8FF4946621B0DEB050002F0E9FF30
:1084B00023466A4639463046FCF7E0FC003818BFD0
:1084C000012005B0BDE8F08307B501238DF8042035
:1084D00001AAFFF7CDFF03B05DF804FB816801221C
:1084E000203921F00F01FFF7EFBF8268203A22F018
:1084F0000F02FFF7A1BF13B50C46C0B201A9E6F702
:108500001BFE50B921460198F4F73CF80446019847
:10851000FCF79EFC204602B010BD0124FAE70E2AAB
:1085200013B5044601D9FCF7E0FD0E29FBD841EA5A
:1085300002118DF80710FFF758FF012301460DF1D6
:1085400007022046FFF794FF02B010BDF7B50C1EDE
:1085500069460CBF174627460546F4F713F878B965
:108560009DF80060022E22D0032E0BD0012E20D1C8
:1085700034B19DF80330032B02D12846FFF7AEFF3C
:1085800003B0F0BD002CFBD12846F3F7D9FF00283B
:10859000F6D157B12846FFF7A1FF0028F0D10022FD
:1085A00031462846FFF7BBFFEAE70226F7E7E01C63
:1085B000E6E7FCF79AFD03460020184701F0FDBAF4
:1085C000024610B5116891B1B1FA81F3C3F11F00F1
:1085D0000123834021EA0303D2E8EF4F8C4204D108
:1085E000C2E8EC3FBCF1000FF6D1EBD110BD6FF04B
:1085F0000B00FBE710B50368CB40DB0710D4012369
:108600008B40026843EA0201D0E8EF4F944204D164
:10861000C0E8EC1FBCF1000FF6D1F2D1002010BD74
:108620006FF01500FBE7F7B51646DDE90847019046
:1086300001A81D46F4F750F9019BB6F1000C18BFD4
:108640004FF0010C00EB83000B1E18BF0123002D1F
:1086500043EA4C0314BF4FF00C0C4FF0000C002CFD
:1086600043EA0C0314BF4FF4706C4FF0000C002F62
:1086700043EA0C0314BF4FF4403C4FF0000CD0F819
:10868000802043EA0C0322EA030301B109780EB10A
:108690003678760019430DB12D78AD0031430CB119
:1086A0002478240229430FB13F783F040C433C4314
:1086B000C0F8804003B0F0BD1FB50DF10F0301936A
:1086C00000238DF80F101A4619460093FFF7ABFFF1
:1086D00005B05DF804FB10B504460846F4F70CF944
:1086E00004EB4004A08AC0F3401010BD10B504464E
:1086F0000846F4F701F904EB4004A08AC0F34000F7
:1087000010BD10B504460846F4F7F6F804EB400433
:10871000A08A400B10BD70B5044608461646F4F713
:10872000EBF8083034F810300D46DA0509D5C3F3FC
:10873000432304EBC3023146284654F833305268D1
:108740009847A3682BB131462846E268BDE87040DF
:10875000184770BD10B504460846F4F7CDF800B2CE
:1087600004EB4000838ADA051DD5C3F3432123F4CB
:10877000F853838204F1120204F1580032F8023FE8
:1087800013F4807F03D0C3F3432399420BD082427A
:10879000F4D1002204EBC1035A6004F16000BDE88B
:1087A0001040FFF727BF10BD10B50446FFF793FF39
:1087B00040B12046FFF7A5FF00B2800000F58070B1
:1087C00080B210BD4FF4A270FBE7F0B50446002064
:1087D00001270546844695420AD1D4F8443133B185
:1087E0000023C4F84431D4F8443140F40030F0BDE3
:1087F000EBB29B0003F580769B0807FA03F319425E
:1088000008D054F806E0BEF1000F03D044F806C0CB
:10881000A65918430135DEE738B504460D46FFF783
:108820005AFFB0B12046FFF761FF90B92046FFF72D
:1088300068FF012322688340C2F81833236800B21E
:1088400003EB8003D3F8102522F00302C3F81025B0
:1088500038BD2846BDE838400021FFF72DBF2DE97F
:10886000F0431746044685B00846F4F745F8D7F8B4
:1088700000800E460546B8F1000F1FD02046FFF7D6
:1088800035FF18B12046FFF726FF30BB00230DF15E
:108890000F02CDE900338DF80E308DF80F303046E1
:1088A00043460DF10E01FFF7BEFE2AB204EB420271
:1088B000938A23F0020343F0010393827B68002B29
:1088C00034D03146204693F80080D3F80490FFF767
:1088D0000DFF28B1B9F1000F1FD06FF0150028E08F
:1088E00028B204EB4000838A23F4604323F0200382
:1088F0008382B9F1000F10D0B8F1030FEDD87B6877
:1089000021685B6893F800C001EB8C01B8F1000F9F
:1089100012D1C1F81085C1F810852AB204EB4202C9
:10892000938A23F01C0343EA88039382BB6853BBFA
:10893000002005B0BDE8F083D1F8102522F0030235
:10894000C1F81025226802EB8C03D3F8102522F41D
:10895000473222F47C72C3F8102541F6F072D3F846
:10896000101502EA061242EA08420A43C3F810252B
:1089700004EB4C03A3F86460838A43EA4C3343F06E
:1089800020038382C9E73146D3E900782046FFF708
:10899000E1FE002FCCD063689F4206D004F1600056
:1089A000FFF70EFE002804DAC3E7A3689845F5D167
:1089B000002004EBC003C3E901782DB204EB4505A8
:1089C000AB8AC0B243EA402343F48073AB82AFE783
:1089D000C0E90312704770B504461546FFF77BFEE9
:1089E00048B10846F3F788FF04EB40040020A38A4F
:1089F0005B0B2B7070BD6FF01500FBE790F87400F7
:108A0000003818BF01207047F3F7ACBF2DE9F341E0
:108A100004461746FFF75FFE0D46266800B3204662
:108A2000FFF764FE8046D8B92046FFF76AFE05B21C
:108A3000AD0005F5807246F802802168B2582944DD
:108A4000D1F8102542F00102C1F810252FB1012202
:108A5000216802FA00F3C1F8143302B0BDE8F081D6
:108A6000D6F8143328469B035CBF4FF40033C6F896
:108A70001433F3F741FF04EB4004A38AC3F38203EA
:108A8000042B11D0052B11D001A80195F3F724FF79
:108A9000019BC168D94001F001010231284602B0B2
:108AA000BDE8F041FFF708BE0321F7E70221F5E733
:108AB000FFF7B2BEFFF778BEC9B2F4F783BB70B55B
:108AC0000126A2F58074A40806FA04F4054614EA07
:108AD000010008D0A85830B100213046A950AA584A
:108AE0001A6822431A6070BD00232DE9F341044641
:108AF0000D460193904601AB4FF48072FFF7DFFF04
:108B00004FF4827229462046FFF7D9FF4FF4847252
:108B1000074629462046FFF7D2FF064630B1B8F196
:108B2000000F1DD017B13E46D4F80C374FF4A67293
:108B30002946204601ABFFF7C2FF30B1B8F1000F64
:108B400003D016B90FB1D4F80C374FF4B4722946DC
:108B5000204601ABFFF7B3FF019802B0BDE8F081FA
:108B60004646E3E707B5019001A8F4F737FB012378
:108B7000019A9340436003B05DF804FB07B5019090
:108B800001A8F4F72BFB0123019A9340836003B003
:108B90005DF804FB70B54B7F04460D467BB10123A5
:108BA00064264360002202212046FFF79DFF20B982
:108BB0000120FFF703FD013EF4D100236B77AB7F6B
:108BC0005B0744BF0023C4F8003570BDF8B51E46EE
:108BD00090F8203004460D461746A3B981B1496983
:108BE000F4F70CFB90B129462046C4E90176F4F76E
:108BF0004BFB0020012384F8210084F82030F8BDCD
:108C0000C0E90126F5E76FF07700F8E76FF015008F
:108C1000F5E7F0B590F8213005460E46174685B0C9
:108C2000002B40F0A78043682BB112F0140F04BF53
:108C3000012380F8213005F1100496E80F0084E844
:108C40000F00686A431C05D095F822309C0717D5A1
:108C5000FFF788FF33682C6823B103F06043B3F15A
:108C6000005F06D1B36873B103F06043B3F1005FF6
:108C700009D000236FF00C0085F8213005B0F0BD5D
:108C8000FFF77CFFE6E717F0010318BF0123C4F8E4
:108C90004C3717F0020318BF0123EC46C4F8143711
:108CA00096E80F008CE80F00039BC4F83C07C4F85B
:108CB0004017C4F80427C4F80837002317F01C0F26
:108CC000C4F80831D4F8083146D1D4F80035073B50
:108CD00018BF012395F8222063F38202072385F849
:108CE0002220C4F8003595F8223018070CD58223CD
:108CF000C4F8843C6B683BB10023C4F80031D4F85D
:108D000000310123C4F8043317F008060CD1012305
:108D10006A68236042B9D4F80831002BFBD0624660
:108D200004212046FFF7E0FE6B68D3B995F82220B6
:108D3000110748BFC4F8843C686A421C05D095F806
:108D400022309B070AD5FFF719FF1EB92046291DBF
:108D5000FFF720FF002091E70123BBE7FFF702FFA9
:108D6000F3E7042317F0040F14BFC4F80833C4F862
:108D70000433EFE76FF00F0080E770B590F8223012
:108D800004460568180710D5D5F80433D9070CD563
:108D9000D5F800314BB10023C5F80031D5F80021DA
:108DA000C5F8843C0123C5F808330421284604F1A2
:108DB0001002FFF799FED8B1606A421C05D094F802
:108DC00022309B0711D5FFF7D9FE94F821301BB153
:108DD0002846211DFFF7DEFE2046002300F80C3F49
:108DE000D4E90131BDE870401847FFF7BBFEECE75E
:108DF00070BDF0B506680289338A9A4271D2316833
:108E00004289930051F8222002F00301C2F30724A3
:108E100001298475C2F385051FD002292AD00029B3
:108E200035D14FF0010CC2F30363C2F30747120FB1
:108E300042824268A0F814C00582002A34D18261BF
:108E4000026204F00E04082C11BF0023C28973686B
:108E500053F8223043620120F0BD3168C2F30B4C5D
:108E6000194449680B0F45EA83158FB2130FC1F3FC
:108E70000B42DDE731684FEA124C1944D1E9013762
:108E80001A0A45EA821295B25BB28A89D0E7326843
:108E90001A44D2E90137190A45EA8111B2F810C023
:108EA0008DB292895BB2C3E73A44826104F0C0019B
:108EB00023B1D31A8029036209D10FE004F03005F1
:108EC000202DF7D13F2C04D800F114030362C261B6
:108ED000B7E78029FAD100F1140303621368C36174
:108EE000AFE70020B8E7038910B501339BB20168F2
:108EF00003810A8A9A4203D80023C0E9023310BDD5
:108F000001240B68428953F822100B0A01F0030177
:108F100004FA01F10A444281828903F030010029F8
:108F200008BF01328281C28903F00E03082B08BFFB
:108F30000132C281E3E770B504460E4615460021B2
:108F40002022083002F09DFAC4E900652046BDE801
:108F50007040FFF74EBF38B50C4605460B68996860
:108F60000B681B681B0A03F0C003802B14BF6268E8
:108F7000221D0C34FFF7DFFF2C6238BD10B504460C
:108F8000FFF7B1FFFFF735FF2089003818BF012038
:108F900010BDF8B5038A04468B420D4601D101206D
:108FA000F8BD0668B28A8A4201D20020F8E78B42F7
:108FB00088BF338A078988BF03812046FFF793FF64
:108FC0006289336853F8223085EA93039B0606D002
:108FD0002389BB42F1D12046FFF70BFFE5E7FFF7FE
:108FE00008FF238AAB42F3D1A37D03F00F030A2BC2
:108FF000EED0D4E738B5837D044603F00F030A2B87
:1090000017D005892046FFF76EFF236862891B6829
:1090100053F82230C3F303230A2B03D1BDE83840B1
:10902000FFF7E7BE2389AB42ECD1FFF7E2FE002059
:1090300038BD0120FCE7FFF77EBFFFF78CBF10B4FF
:109040000B461146528A082A0ED1CA6962B128B16C
:1090500014681CB10432234610BC184723B11468AD
:1090600014B118460432F6E7012010BC70470346DD
:1090700010B5406884185C6002F0DCF9012010BD76
:10908000F0B5802A85B073F100010646D4B201A97B
:1090900006D201228DF80440F4F786FA05B0F0BD3F
:1090A000D5090846002204F07F0453EA050C174650
:1090B00002F1010208D13A4602F110036B44304636
:1090C00003F80C4C0132E7E764F07F04042A00F84F
:1090D000014B05F07F044FEAD515E6D1002BEBD00C
:1090E000180100F070000443DB08002BE4D064F0AA
:1090F0007F04545403F07F040132DB09F5E7921832
:1091000043EB030182EAE37281EAE373FFF7B8BF3E
:109110000422F4F749BA0822F4F746BA134641EAA2
:10912000C2025B0FFFF7ACBF70B5002304460D46CB
:109130001646FFF7A5FF30B1324629462046BDE866
:109140007040F4F731BA70BD10B58AB00446684675
:10915000FFF771FFB0B19DF8163003F00F030A2B33
:109160000BD120460799F4F793FC18B16846FFF736
:1091700005FFEFE700200AB010BD69462046F4F76E
:1091800095FBF2E70120F6E703460846596810B55B
:109190008C185C6008B102F04DF9012010BD8B7D88
:1091A00003F00E03062B02D1002303607047082B47
:1091B00003D14A8A002102F064B9704738B58A6841
:1091C00005460C462AB9012063686B60E368EB60D2
:1091D00038BD00212046F4F7C5FC0028F3D1F7E79D
:1091E00000B50A468BB059B101466846FFF7A3FEA9
:1091F00030B1684600F007F86846FFF7BFFEF7E7B2
:109200000BB05DF804FB2DE9F041857D044605F0C7
:109210003007302F8AB004D1036A1A88038A9A4231
:109220006ED105F00F030A2B05F0C00820D1E369C9
:109230001E689EB9B8F1800F62D105F03E05262D5B
:109240004CD0202F02D10022236A1A80A36918680B
:10925000E7F714F80022A3691A6051E03146684626
:10926000FFF779FE10B16846FFF7CDFFB668E0E77B
:1092700005F00E03082BDDD1B8F1400F40D0B8F156
:10928000800FA36914D11B68202FE36120D1226ACB
:109290001688002BD1D0002ECCD0E169606AFFF790
:1092A0009FFFE369628A013E1344E361B6B2F2E7CD
:1092B000202FE36102D01BB30126ECE7226A3F2D89
:1092C00016881BD8A28ADBB1964228BF1646E2E771
:1092D000002BF1D105F03E05262DB7D14FF0000847
:1092E000A3691D68236A1E8805EB8606B542A8D0CF
:1092F0002868E6F7C3FF45F8048BF7E7002BCAD1CF
:109300000AB0BDE8F08113B50C4601A9F4F772FC70
:1093100020B1019B003B18BF0123237002B010BD98
:1093200013B50C466946F4F7BBFC60B1DDE90013E8
:109330004A0842EAC372C9074FEA530344BFD24303
:10934000DB43C4E9002302B010BD042213B50C4670
:109350000DEB0201F4F706FC08B1019B236002B09B
:1093600010BD13B508220C466946F4F7FBFB18B193
:10937000DDE90023C4E9002302B010BDF0B513F00D
:10938000020F07460D4616461C4685B006D1F5F776
:1093900027F904469CB1204605B0F0BD6946F4F7B4
:1093A00017FD80B12346294632466846F5F718F97D
:1093B000694604463846FFF701FF0028EAD13146E6
:1093C0002846FFF70DFF0024E5E70023FFF7D6BF8F
:1093D00030B5026A0346D2E9014084424FF00000F2
:1093E00002D30123D36030BD1874506824250130A6
:1093F0005060186A4268541E0268184605FB042231
:109400005C1950F8045BA04242F8045BF9D10120DA
:109410009960E8E7F0B5064604468BB001AD0F460B
:1094200094460FCE0FC50FCE0FC5216A33684A6828
:109430002B602068A56822B90223CB6000200BB006
:10944000F0BDFB0713D524260B68013A06FB023357
:109450007E0703D41A7C0AB10F23EEE7224603F1FC
:10946000240153F8046B8B4242F8046BF9D1B9071D
:1094700041BF226A536803F1FF335360AC4505D204
:10948000236A002BDAD00422DA60D7E77A0748BFD4
:1094900020603B0701D40120D1E7143406AB93E8E8
:1094A000070084E80700F6E710B502601A44029B43
:1094B000012983604FF00003C26003740375836168
:1094C00001D8036210BD24224A43243A841804625E
:1094D0008350026A8C1E9460026A02295360026AF9
:1094E000D360026A1374026A53741EBF036A243085
:1094F0001860E7E7182871F100030ED3B0F5807FFC
:1095000071F100030BD3B0F5803F71F1000308D374
:10951000002914BF09200520704701207047022050
:1095200070470320704737B50024002508290A46F4
:10953000CDE900450AD80146684601F07BFFDDE928
:10954000000103B0BDE83040FFF7D4BF002003B0F6
:1095500030BD03460020884200D170471A5C002AC3
:10956000FBD00130F7E700B1C1607047436803608A
:10957000836801338360006AFFF7F5BF08B50268AE
:10958000C3689A4205D3006A0821FFF7ECFF002068
:1095900008BD0120FCE738B504460D46FFF7EEFF95
:1095A00040B123681B78B5EB531F04D00A21206A11
:1095B000FFF7D9FF002038BD10B50446FFF7DEFFE6
:1095C00038B123681A78FF2A05D00A21206AFFF7EC
:1095D000CAFF002010BD01332360FBE710B5027DF8
:1095E000044632B1FFF7E8FF48B100234FF0FF32E5
:1095F00023752046BDE810400721FFF70BBF10BDC3
:109600002DE9F84F04460E4691461D46FFF7B6FF7A
:10961000804628B1A36843B90321206AFFF7A3FF5E
:109620004FF000084046BDE8F88F2268177807F031
:109630001F0BBBF11F0F12D12DB3206A18B1037C91
:109640000BB11521EAE701232B70002523680135B2
:1096500063602B442360A368013BA360E2E7BBF196
:10966000170F14D9ABF11803D9B203290BD8012570
:109670009D40A94509D3E36805F1010A524493428C
:1096800007D20821C9E70721C7E70521C5E700255B
:10969000F1E74A460021304601F0F3FE15B986F89D
:1096A00000B0D2E72268711E531913F801099A42DB
:1096B00001F8010FF9D1236A002BC7D01B7C002BC6
:1096C000C4D00737FFB2022FC0D949463046FFF752
:1096D0002AFF8245BAD015219FE738B50C461146BE
:1096E0000546FFF758FF08B9002038BD04220023C3
:1096F0002846A118FFF784FF0028F5D02B682360C7
:10970000F3E7002337B504468DF80330FFF743FF36
:10971000A8B1042220460DF103030DEB0201FFF76F
:109720006FFF60B19DF8035065B901992046FFF7BE
:109730004FFE50B963682360A3680133A360002023
:1097400003B030BD6FF00F01F0E72575F8E738B5CD
:1097500004460D46FFF7C1FF48B12268E3689B1A33
:109760006A689A4204D908212046FFF7FFFE0020CC
:1097700038BD38B504460D46FFF7E9FF18B1236838
:109780006A681344236038BD70B50D460021044655
:109790001646FFF700FF38B1324629462046BDE89D
:1097A00070400023FFF72CBF70BD0422FFF7ECBF11
:1097B000FFF7FBBF0222FFF7DCBF0322FFF7D9BF91
:1097C00010B505210446FFF79CFF50B1237D4BB92E
:1097D0006FF00042A368934205D305212046FFF7AE
:1097E000C5FE002010BD5B00A360FBE7037D23B92D
:1097F0008068B0FA80F0400970470368C2689342FD
:1098000005D21878A0F1FF03584258417047002054
:109810007047FFF7E3BE70B50D4607210446FFF71A
:10982000BAFE48B123681E7806F01F06182E05D927
:109830000A21206AFFF797FE002070BD0023012255
:1098400029462046FFF7DCFE0028F5D0182EF4D17B
:109850002B781F2BF1D815212046FFF787FEEBE769
:1098600037B50C460DF107010546FFF7D4FF58B197
:109870009DF80730143BDBB2012B8DF8073006D979
:109880000A212846FFF772FE002003B030BD03F026
:1098900001032370F9E738B50D4606210446FFF7AA
:1098A0007AFE08B9002038BD00230422294620464C
:1098B000FFF7A6FE0028F5D0A3680133A360F2E706
:1098C000F0B58FB00446FFF759FE00285DD023683D
:1098D00000221D780023CDE9022323466D0905AA45
:1098E00004F12007164618685968083303C6BB42BE
:1098F0003246F7D118683060062D1CD02A1F00238D
:10990000012A4FF008028DF804300DEB020198BFD8
:1099100001AB05A8FFF774FE0646002835D0042DDC
:109920003BD019D8023D012D21D9059B2360A368A6
:10993000013BA3602AE001A905A8FFF7ACFF20B313
:10994000059B089A934204D30821206AFFF70BFE77
:109950001BE01D786D09CFE7052DE6D1DDE9023268
:10996000B3F1004F72F1000113D32946EDE7E3682C
:109970002168029A5B1A9A4203D8059B1344059307
:10998000D3E708212046FFF7F1FD002630460FB04F
:10999000F0BDDB185241CDE902329DF8045025B1EB
:1099A0006FF00F020023CDE90223029B8DF82850AF
:1099B000079305A8FFF71AFF014638B1002DB4D070
:1099C00005A8FFF7F9FD0028AFD1DEE705A8FFF7EE
:1099D00077FF0028EDD1D8E7FFF766BD00B1C16081
:1099E000704710B50368C468A34205D3006A082114
:1099F000FFF7F4FF002010BD02F01F0242EA411100
:109A000019700368013303600120F4E770B505465F
:109A10000E46104619461446FFF785FD224631468C
:109A2000431E2846BDE87040F4F7EEBEF8B5174671
:109A3000C368026804469A420D4606D30821206A8C
:109A4000FFF7CCFF00263046F8BD9B1A4A689A42C1
:109A5000F4D80E4656F8043B53B104213046FFF7C4
:109A600062FD6A6823681344E26803449A42E5D3BE
:109A70003246042339462046FFF7C8FF0646002831
:109A8000E0D020682968884202D06A6801F0DFFCD3
:109A900023686A6813442360D5E7082A73B5134620
:109AA0000C4606D9006A0521FFF798FF002002B096
:109AB00070BD8E1816F9012C002A0FDA0A46694685
:109AC0000C46B24204D101212246FFF79FFFEEE788
:109AD00012F8015BED4301F8015BF2E70021F3E7C7
:109AE00013460A460021FFF791BF07B504220191F2
:109AF0000DEB0201FFF7D1FF03B05DF804FB07B5E2
:109B0000042201910DEB0201FFF7EAFF03B05DF8BB
:109B100004FBFFF7F4BF0222FFF788BF0322FFF721
:109B200085BF07B5CDE900126946FFF7F7FF03B01F
:109B30005DF804FB38B50C46054611462046FFF794
:109B400008FD214602462846BDE83840FFF7E9BF38
:109B50001F220421FFF745BF1F220521FFF741BF48
:109B60001F220721FFF73DBFFFF7FABF10B50A46D6
:109B700009781839072905D9BDE8104001230721C4
:109B8000FFF744BF1521006AFFF728FF002010BD32
:109B900007B514318DF807100DF10701FFF7E6FF47
:109BA00003B05DF804FB1FB50024CDE90144069C19
:109BB0000094FFF779FC04B010BD08B1E6F7EABCE9
:109BC000704710B5436904463BB90020E268404243
:109BD000537843F00103537010BD98470028F4D028
:109BE0000028B8BF4042FF28A8BFFF20E3681870D4
:109BF000ECE740B1C368587810F001001EBF187838
:109C0000B0FA80F04009704710B400F10C04C0E9CC
:109C1000034410BCFAF72FB938B50446EFF31185A9
:109C2000402383F31288BFF36F8FFAF70FF804F124
:109C30000C0000F013FB30B1294604F11400BDE81C
:109C40003840F5F7C1BE85F31188BFF36F8F38BD7B
:109C50004169826842EA010313F003030FD1C36034
:109C60000369013B03FB0122002B01DA002070474E
:109C7000C168013B11604169C260521AF4E76FF09C
:109C8000150070472DE9F04105460F46EFF31188A6
:109C9000402383F31288BFF36F8FC668FEB9046850
:109CA000A0421CD0DCB1D4E9003213605A60637B5F
:109CB000C4E9006623F002036373A66004F1180090
:109CC00000F048FB2046C4F8C060276100F061FA4C
:109CD000414605F10800BDE8F041F5F775BE3E606C
:109CE000AB69EF60013BAB6188F31188BFF36F8F05
:109CF000BDE8F081402408B5EFF3118384F31288A6
:109D0000BFF36F8FFBF7B3F9F6E7D0E900321360CA
:109D10005A600023427BC0E9003322F00202427302
:109D20008360704713B501240094F4F77DFF02B0FF
:109D300010BD90F90E308B4201D0F5F7D3BD002055
:109D4000704703460020C3E90033C3E902007047AF
:109D5000D0E9003213605A600023427BC0E900332F
:109D600022F002024273836070472DE9F843914666
:109D700004460D469DF8202000F10807EFF31186F8
:109D8000402181F31288BFF36F8F02B14568D4F888
:109D90000880474518D0B8F1000F15D04046FFF7AE
:109DA000D7FF08F1180000F0D5FA00234046C8F8A4
:109DB000C030C8F8109000F0ECF938463146F5F79D
:109DC00003FE0020BDE8F883A3B10820F6F7E4FA0B
:109DD000002838D00122C0F804900260016801F028
:109DE00003015DB922680A430260626820606AB9B3
:109DF00060600BE04846C9F80030EFE72A68032AA4
:109E000016D80160616869B9C4E90000042104F151
:109E1000100000F07EFB0028CFD186F31188BFF33D
:109E20006F8FCFE70A6802F0030202430A60DFE7A0
:109E300022F003020A4302602A6802F0030240EAA9
:109E400002032B60E2E76FF00B00E6E710B5044673
:109E500030B10268930703D0446809B100F090FB69
:109E6000204610BD0023C0E9003300F10803C0E91B
:109E7000023300F11003C0E904337047012307B532
:109E8000009300230A461946FFF76FFF03B05DF801
:109E900004FB002307B50A4600931946FFF765FF48
:109EA00003B05DF804FB00210068FFF7CFBF5AB193
:109EB0008A4209D300F11003C0E90212C0E9000090
:109EC000C0E90433002070476FF01500704701238C
:109ED00002688B4022EA0303036022FA01F000F0DB
:109EE00001007047704710B5032104460C30FFF79E
:109EF000EEFF30B104F1100000F02CFAB0FA80F05F
:109F0000400910BD20B10022D430114600F0C6B97E
:109F1000704770B5C3680446C3F340069B0716D468
:109F2000856802210C30FFF7D2FF80B1D5F8CC2034
:109F30006AB194421DD122689EB9D5F8D030C5F8D7
:109F4000CC209C4201D1C5F8D02000232360E368D7
:109F500013F01F001EBF43F00203E36040F0020055
:109F600070BD3260D5F8D020944208BFC5F8D060EB
:109F7000EBE716461268DBE773B50446EFF311858D
:109F8000402383F31288BFF36F8F0023A0F11006E4
:109F9000032104380193FFF79AFF28B1A3693046E3
:109FA00001A90193F5F788F985F31188BFF36F8F45
:109FB00002B070BD38B504460D461022002101F0F4
:109FC00060FA656038BDEFF31183402282F3128896
:109FD000BFF36F8FC06800F01F0083F31188BFF3D9
:109FE0006F8F704713B501900846EFF3118440233B
:109FF00083F31288BFF36F8F01A9F5F75DF984F33E
:10A000001188BFF36F8F02B010BD10B5FFF7EAFFE4
:10A01000041E08DDEFF31180402383F31288BFF3A1
:10A020006F8FF5F7E3FC204610BD70B50D46EFF3DA
:10A030001186402383F31288BFF36F8FF5F798F9E9
:10A04000044686F31188BFF36F8F38B14FF0FF32AB
:10A050004FF0FF3305F11000F4F7EEFF204670BD1E
:10A0600008B5E822002101F00CFA08BD38B530220D
:10A070000D460021044601F004FA4FF48073656038
:10A08000E36038BDFFF79FBF38B50446EFF3118595
:10A09000402383F31288BFF36F8FFFF724FF20461E
:10A0A000FFF737FF85F31188BFF36F8F38BDF8B521
:10A0B00004460D46EFF31186402383F31288BFF365
:10A0C0006F8FC36803F01F03002B14BF0127002705
:10A0D00005D186F31188BFF36F8F3846F8BDFFF7BF
:10A0E00002FF2046FFF715FF29462046F5F7C6F880
:10A0F00086F31188BFF36F8F0028EED04FF0FF3248
:10A100004FF0FF3305F10800F4F796FFE5E7EFF3B2
:10A110000580003818BF0120704788307047D0E9AB
:10A12000003213605A600023C0E90033704708B55D
:10A13000FFF7F5FF437B23F00203437300238360A3
:10A1400008BD38B504460D46F5F70CFB637B43F0BC
:10A1500002036373E5B1A5602B689D4209D16B686A
:10A16000C4E900531C606C6012E06A689A42F6D041
:10A170001B68002BF3D094F90E2093F90E108A423D
:10A18000F3D09142F1DD5A68C4E9003214605C609A
:10A1900038BD10B5EFF31184402383F31288BFF369
:10A1A0006F8FF5F79DFA84F31188BFF36F8F10BDA1
:10A1B00008B5EFF31181402282F31288BFF36F8F4D
:10A1C00083680BB1FFF7B3FF81F31188BFF36F8F83
:10A1D00008BD38B5EFF31184402383F31288BFF331
:10A1E0006F8F002390F87050427B80F870302DB153
:10A1F00021B184F31188BFF36F8F38BD12F0280F9F
:10A20000F7D183680BB1FFF792FF437B23F0040380
:10A210004373F5F765FAECE701211838FFF7D9BF6A
:10A2200008B50346EFF31181402282F31288BFF391
:10A230006F8F0068834207D008B1FFF778FF81F382
:10A240001188BFF36F8F08BD0020F8E710B5FFF746
:10A25000AFFFBDE81040183000F07CB838B50546B7
:10A2600004680020AC4200D138BD002CFCD0204650
:10A27000FFF7ECFF2046FFF78CFF2C680120A5427A
:10A28000F1E708B5C3171F3043F10003400940EA66
:10A29000C360C117F5F752FC400108BD38B5EFF3B4
:10A2A0001185402383F31288BFF36F8F0468A042A7
:10A2B00013D0A4B1C4F8C01022612046FFF737FFC5
:10A2C00004F1180000F046F82046F5F709FA0120DD
:10A2D00085F31188BFF36F8F38BD0020F8E7204663
:10A2E000F6E72DE9F04105460E461746EFF31188D3
:10A2F000402383F31288BFF36F8F0468A0420FD10D
:10A30000002088F31188BFF36F8FBDE8F0813946D4
:10A310002046B0470028F4D16B68A342F0D02468EF
:10A32000002CF4D1ECE708B50246F5F7F7FD70B163
:10A33000D0E904319B1A61EBE272B3F1004F72F184
:10A34000000104DA002AACBF1846002008BD6FF0F7
:10A350000040FBE7024638B5EFF31185402383F355
:10A360001288BFF36F8F0368CBB1F5F7D7FD0446B2
:10A370001046F5F7E5FD00224FF000438442C0E9A6
:10A38000042306D1F5F7D2FDFFF7CDFF0021F1F749
:10A390002BF8002085F31188BFF36F8F38BD6FF065
:10A3A0001500F7E708B5F5F7D5FE08BDF5F7D2BEFD
:10A3B000B3F1FF3F08BFB2F1FF3F70B506461D463F
:10A3C000144614D01A4316D0002B08DBF5F7C2FE52
:10A3D000041941EB0501C6E90041304670BD6FF03C
:10A3E00001031C1B4FF0FF3363EB0501F3E74FF054
:10A3F000FF342146EFE70024FBE7B3F1FF3F08BF3E
:10A40000B2F1FF3FF8B5074616461C4610D054EA95
:10A41000020311D0F5F79EFEB0420A46A141034661
:10A420000AD2F31A64EB0204C7E900343846F8BDD7
:10A430004FF0FF331C46F7E70023FBE70023C0E99A
:10A44000081200F11802C0E90622C0E900330363D4
:10A450004363704710B50446FFF77CFFA8B9636AF1
:10A460000BB12046984704F11800FFF7D9FE60B100
:10A47000FFF78FFEEFF31180402383F31288BFF3C1
:10A480006F8FBDE81040F5F7B1BA10BD2DE9F0416E
:10A49000846805460E46D4B16378012B22D114F8A6
:10A4A000533C9A0711D5A4F160073846FFF7CEFE5A
:10A4B000082E0CBF6FF003030023236614F8533CEF
:10A4C000DB0602D13846FFF764FE0023237000202C
:10A4D000EB68A860C3F38632164366F39433EB60EF
:10A4E000BDE8F081022BF0D12378002BEDD054F899
:10A4F000048CB8F1000FE8D004F11400FFF72AFF34
:10A500000023A4F1140739464046E362FFF76AFDD1
:10A51000DBE738B5EFF31185402383F31288BFF3EF
:10A520006F8F0468A04211D0D4E9003213605A60E2
:10A5300000232046C4E90033FFF7A8FF85F3118804
:10A54000BFF36F8F201E18BF012038BD0024F5E730
:10A55000043270B504460ED2EFF31185402686F31F
:10A560001288BFF36F8F41F00401984785F311887B
:10A57000BFF36F8F08B9002070BD40F8044BFBE7B4
:10A5800020B1011F50F8040CFFF746BB70470020B4
:10A590007047704710B5044608B1F6F7BDF820467D
:10A5A000BDE81040F6F7A8B80346C068E0B1588887
:10A5B000D0B11B8803F44F42B2F5824F09D1DBB210
:10A5C000272B2AD008D8172B0FD0222B34D0122BB0
:10A5D00016D06FF085007047302B2FD0413B012BF8
:10A5E000F7D8FF2839D100207047C028FBD0E128D8
:10A5F000F9D0B0F5807F0CBF00206FF08600704767
:10A6000020F02003C02BEED020F08003B3F5807F34
:10A61000E9D040F209239842EDE7E928E3D0EF289A
:10A62000E1D040F21B139842DDD040F299139842DA
:10A63000D9D040F23B23EEE7E928F1E720F02003F0
:10A64000C02BD0D020F04003B3F5807FCBD0B0F545
:10A65000C07FC8D0B0F5007FCDE7B0F5E07FCAE796
:10A660003AB1002918BF00232121D21A184400F062
:10A6700008BF704741F2062398421AD8B0F5905FA0
:10A6800009D241F2010398420CD0B0F5885F09D09D
:10A690006FF0850070476923A0F5905080B2C340E9
:10A6A000DB07F5D511F0070F0CBF00206FF0860017
:10A6B0007047B0F5105FEBD121F04003802B06D03E
:10A6C000B1F5807F0CBF00206FF08600704700203E
:10A6D000704770B5446A05460E463CB90120F6F74E
:10A6E00005F8686228B12046AE6270BD6FF08A003E
:10A6F000FBE76FF08C00F8E7F8B51E460F461546ED
:10A700000388C2B103F4E043B3F5805F02D0B3F530
:10A71000005F10D1089BE90019600088FFF7AAFFCD
:10A72000044630B92A463946304600F083FE079B7E
:10A730001D602046F8BD6FF08504FAE710B50446A9
:10A74000406A10B1A16AFFF725FF0020C4E90900A3
:10A7500010BD38B50546FFF7F1FF2B7F0446012BEE
:10A760000ED0023B012B0ED82B6A012B18BF6FF0C5
:10A7700096042C220021284600F083FE204638BD96
:10A780002B6A002BF2E76FF09604F2E710B503682E
:10A79000044653B100F0F6F800232360A38823F4A5
:10A7A000FF7323F00103A38010BD1846FCE72DE9D9
:10A7B000FF41984600230C4601680546174603935F
:10A7C000A9BB4FF4AA72083000F05BFEB8F1000F8D
:10A7D00020463B4614BF4FF480624FF4006203A949
:10A7E000F6F702F9044620BB039E384631882A1D3D
:10A7F000F6F796F90446E0B96B79314668F3000341
:10A800006B7100972846D6E90923B8F1000F0BD0E9
:10A81000F6F766FE044660B90398F6F7C5FD0446F0
:10A82000204604B0BDE8F081F6F77EFEF2E76FF057
:10A8300088042846FFF7AAFF0398F6F7B5FDEFE76F
:10A840000123FFF7B4BF38B50468054664B112B9F7
:10A850000024204638BD00F080F804460028F7D0D8
:10A860002846FFF793FFF4E76FF08804F1E72DE93E
:10A87000F0411746026805460E46984682B1427975
:10A88000D2070DD502795AB1BA4216D800F06EF847
:10A89000044638B9A6B92846BDE8F041FFF776BFAF
:10A8A0006FF088040023C8F800702B7146B9284661
:10A8B000FFF76CFF2046BDE8F0816FF08904F1E7F7
:10A8C00021463A463046D8F80030FFF7C9FE284600
:10A8D000FFF75CFF002C08BF0446EBE7037F022B69
:10A8E00006D1036A5A1C03D001330362002070476B
:10A8F0006FF09600704703466FF040420846591EBD
:10A90000914207D338B103F1404393428CBF0020FA
:10A910000120704701207047034668B1017F8A1EFD
:10A92000012A0BD80329026A03D1012A01D1FFF7BA
:10A9300010BF1AB1013A1A62002070476FF09600FA
:10A94000704700207047C0B2FF280CBF6FF0860030
:10A9500000207047F6F76EBE70470368052B02D1E2
:10A960000830F7F71FB96FF08600704710B404681D
:10A97000052C03D110BC0830F7F72CB96FF0860016
:10A9800010BC70470368052B02D1083000F0DEB818
:10A99000002070470020F6F763BF0020F6F79ABF4B
:10A9A000002000F0C3B8E0F7DBB80A2840DCC31C85
:10A9B00022DA10F1400F47D010F13F0F2BDA10F1DF
:10A9C000410F44D010F1550F44D010F1490F08BF8A
:10A9D0006FF0840018BF6FF08600704709282AD8EE
:10A9E000DFE800F00529290816293829292F6FF0FA
:10A9F0009800704700207047C31C0D2B1BD8DFE860
:10AA000003F0072F1A1C1A1A1A1A1A1A1D1A1A1DDD
:10AA10006FF08500704710F1210F1ED00BDB10F195
:10AA2000200F1DD010F1100F08BF6FF09400D1E778
:10AA300064380928D2D96FF0860070476FF094000F
:10AA400070476FF08C0070476FF0840070476FF0B4
:10AA5000890070476FF0930070476FF0880070476F
:10AA60006FF09200704710B501380A44914200D14E
:10AA700010BD10F8013F11F8014B63400370F5E77A
:10AA80000144814200D1704711F8013D1A440A7017
:10AA9000120AF6E710B58B4294BFC4184418A042BE
:10AAA00000D110BD00F8012BF9E700231A4682B04F
:10AAB00001908B4201D102B070470198C25401331A
:10AAC000F7E70368D90444BF43F480630360036875
:10AAD0009A0444BF43F4006303607047F7B5064629
:10AAE0000D46202D2F46A8BF202700216846F7F7E6
:10AAF00019FD044670B93A4631466846F7F764FDD9
:10AB000010F1520F044608D0431CF4D0684600F000
:10AB1000C5FB34B1204603B0F0BD684600F0BEFB73
:10AB2000E3E7EC1B3E44F5D02546DAE7002070470A
:10AB300007B501A9F6F7D8FF003818BF012003B008
:10AB40005DF804FBF6F7E8BFF6F7E6BF08B54FF48B
:10AB5000AA71FFF7AAFF002008BD2DE9F0410446C5
:10AB600080680F469042154609D3201A1C3000F029
:10AB700061FCA3685B1BA3600020BDE8F081237F1C
:10AB800043B904F1200000F0C8FA18B1BDE8F04163
:10AB9000FFF70BBFA26832F0100309D0A01A3946A4
:10ABA0001C3000F047FCA3681F44ED1A0023A3608B
:10ABB000A3686E1E26F00F068BBB102204F10C0159
:10ABC00004F1200000F018FA0028DFD110222077CD
:10ABD000A26046B13246394604F1200000F00CFA7A
:10ABE0000028D3D1207704F12008404600F0EAFA8B
:10ABF0000028CBD1404600F044FB0028C6D11021EC
:10AC000004F10C00FFF751FFAA1BB5D0B91904F1EC
:10AC10000C0000F00FFCA3685B1B3344ABE7002E75
:10AC2000D8D1237F002BDED02A46EFE738B5436822
:10AC30000446102B21D8037F00F120053BB928469C
:10AC400000F06BFA18B1BDE83840FFF7AEBEA2685D
:10AC50000C34102A07D021462846C2F1100200F019
:10AC6000CBF90028EFD12146284600F0F7F900285B
:10AC7000E9D1284600F005FBE5E76FF0860038BD16
:10AC8000F7F7A8B8CA0448BF41F480618B0448BFF5
:10AC900041F4006181607047C0F30253042B05D872
:10ACA000012B07D80DD06FF098007047052BFAD113
:10ACB000032306E00B8844F212118B420CBF0423DD
:10ACC000022300F030002028136001D000207047DC
:10ACD00002331360FAE713B50C46F6F705FFC31C01
:10ACE0000FD0013009D004224FF0FF3321460DEB85
:10ACF0000200019300F0D1FB30B96FF08B0002B07D
:10AD000010BD6FF08400FAE70020F8E730B589B095
:10AD1000054618220C4601A8002100F0B2FB0123D1
:10AD200044EA052401A9BA2007940593F6F796FE94
:10AD3000002818BF6FF0920009B030BDF7B5BA20F7
:10AD400001A9F6F7D1FE044610B1002003B0F0BD12
:10AD5000019D2F0AEDB2AC4205D1BA20F6F7AAFE4A
:10AD60000028F2D008E0E6193046F6F7A3FE30B12D
:10AD70003046FFF7DDFE10B96FF09200E6E70134D0
:10AD8000E9E738B503780446033303F00303012BE6
:10AD90000FD86FF0210038BD60782844F6F77CFEAC
:10ADA00048B901352378C3F382039D42F4D30020D0
:10ADB000F1E70025F6E70220EDE708B5F820FFF7F8
:10ADC000B7FE18B9F920FFF7B3FE10B16FF092008B
:10ADD00008BDF820F6F760FE0028F7D1F920F6F755
:10ADE0005BFE0028F4D0F1E74368A3F11001914223
:10ADF00041D8012243F80C2C53F8042C42F02002D5
:10AE000043F8042C53F8082C42F0005243F8082C65
:10AE1000836800F11402A3F1100191422FD801229E
:10AE200043F80C2C53F8042C42F0200243F8042C75
:10AE300053F8082C42F0005243F8082CC36803F181
:10AE40005402BFF35F8F4FF0A3431A60BFF35F8FCD
:10AE5000C2680432BFF35F8F1A61BFF35F8FBFF325
:10AE60005F8F03225A63BFF35F8FBFF35F8F9A63D5
:10AE7000BFF35F8F7047103242F80C2CB7E71032E7
:10AE800042F80C2CC9E738B5BFF35F8F4FF0A344ED
:10AE9000E569BFF35F8FBFF35F8F10236363BFF379
:10AEA0005F8F012000F053FABFF35F8F00236363CD
:10AEB000BFF35F8FBFF35F8FE36BBFF35F8F5B0603
:10AEC000F8D425B1BFF35F8FE561BFF35F8F38BD65
:10AED00008B5F7F76DFC30B9BFF35F8F4FF0A343B0
:10AEE000986ABFF35F8FBFF35F8F4FF0A342D36BBE
:10AEF000BFF35F8F10F0240F03F0230304D0FFF79C
:10AF0000C2FF6FF01F0008BD4FF0FF30002BFAD1D9
:10AF1000BFF35F8F1063BFF35F8F1846F3E710B581
:10AF20009EB0024646F611031AA901A8F7F7BAFA2D
:10AF30000023039A10211360039A01A89360039BD6
:10AF40001AAA10330393FFF74FFFFFF7C1FF431C0B
:10AF50000446FAD001A87421FFF7A7FD20461EB0D1
:10AF600010BD38B502690546146914B15069A0478F
:10AF7000044605F11400F7F7BBFB204638BD08B5C1
:10AF80008268034662B902681169426A114207D0B9
:10AF9000FFF7E7FF002814BF01206FF0530008BD42
:10AFA00003F11400702103F17802FFF71DFF002068
:10AFB000F5E773B5064601A8F7F746FC044678B9ED
:10AFC00006F11400F7F76AFB0198FFF7A8FF0446A3
:10AFD00048B93269D3681BB150699847054618B91A
:10AFE000204602B070BD05463046FFF7BAFF002884
:10AFF0000CBF2C460124F3E710B5047D03463CB397
:10B00000B2F1807F04D3FFF7ACFF20B3012010BD65
:10B010004468062C06D9FFF7A4FF0028F6D16FF08C
:10B020004400F4E70AB90020F1E7806901609969FA
:10B030008A60186899698069C068C8609969103128
:10B040009961596801315960996811449960EAE73A
:10B050006FF02000DBE76FF03F00D8E710B4037D0E
:10B06000002B56D08368C3B9836900F124021A60AB
:10B07000036882691B68013343F0005393600468DE
:10B0800082692368A4690133E4681B0203F4F8535E
:10B090002343D360836910338361036882681C682B
:10B0A000131923EA040384699B1A54F8042C42EA16
:10B0B000032244F8042C826952F8084C234443F0DC
:10B0C000005342F8083C03681A68C368134423EA33
:10B0D0000203C2691160C269C1689160C26902F16C
:10B0E0001001C161C1688B420AD000211161C168A1
:10B0F000C2695B1A43F080439360C3691033C36134
:10B100000368DA68436A23EA0203436210BCFFF76C
:10B1100036BF6FF0200010BC704738B5037D044681
:10B12000002B49D103685B69002B48D0FFF741FF32
:10B13000054600283ED1214651F8783B626A9B695A
:10B1400004F114001B68F7F7ADF90123636023696C
:10B150009A689AB9A2691B6813602369A2695B683F
:10B1600043F0005393602268A36992699268DA60A1
:10B17000A3691033A361636801336360236AA26922
:10B18000C43313602368A2695B6943F00053936082
:10B190002268A36992695268DA60A3692268103351
:10B1A000A3616368013363601269636A1343636276
:10B1B0000023A360284638BD6FF02005FAE76FF042
:10B1C0004705F7E738B5027D0346002A3FD00268FD
:10B1D000816894688C4205D9FFF7C3FE002839D0F6
:10B1E000012038BD5468B1FBF4F504FB151434B1EB
:10B1F000FFF7B7FE0028F3D16FF04500F1E7416A91
:10B20000D06801435962D3E90701C4315269016032
:10B210001868D96940690F328860D96922F00F0235
:10B2200001F11000D8611868406990420AD00C61A1
:10B230001868D9694069121A42F080428A60DA6956
:10B240001032DA611846BDE83840FFF798BE6FF05B
:10B250002000C6E76FF05300C3E738B5037D05460D
:10B2600063B1FFF735FE431C044605D02846FFF7BF
:10B2700078FE002818BF0124204638BD6FF0200456
:10B28000FAE710B5037D04462BB12046FFF7E5FF32
:10B29000431CFAD010BD6FF02000FBE710B5037817
:10B2A00004461BB1F6F790F900232370002010BD6F
:10B2B000022203689A607047C0F30B03482B4B606F
:10B2C00028BF482310F4003F8B6008BF0023CB60E9
:10B2D00010F4803308BFC1E9013300F47003B3F503
:10B2E000700F14BF00238B6800284FF0010C4FF043
:10B2F00008028B60B8BF0023C1E905C2B8BFC1E92D
:10B3000005337047F3F7DCBD4FF0FF324FF0FF33EA
:10B31000F3F75EBDFEF715BD4FF0FF324FF0FF3380
:10B32000F3F756BDF3F7CCBD00F074B807B54FF096
:10B33000FF334FF0FF32CDE90023002200F077F811
:10B3400003B05DF804FB00F06EB800F068B8FEF7DB
:10B3500098BF2DE9F3470446DDE90A9815460E46E5
:10B3600059B302F0010AF4F777FC0746EFF31181B5
:10B37000402383F31288BFF36F8FA80744BF0023D5
:10B38000A360A36803EA0600BAF1000F0CD086425E
:10B390000CD16A0744BF8343A36081F31188BFF3D4
:10B3A0006F8F02B0BDE8F0870028F2D159EA080398
:10B3B00005D181F31188BFF36F8F0020F1E7C7E952
:10B3C0001A652246CDE9009804F10C00F4F768FAFA
:10B3D0000028F2D1B86EE4E710B54B68D0E91A4204
:10B3E00012F0010F03EA040301D09C4210D17BB19B
:10B3F0008366520744BF8A681A430B6848BF8A6055
:10B4000043660123086080F870301830FEF7A2FF11
:10B41000002010BD0023C0E90000836070474FF09A
:10B42000FF32F7F737BA0A460021F7F733BA52006E
:10B43000FFF78FBF0A44431E914200D1704710B5F9
:10B4400011F8014B914203F8014FF9D110BD884228
:10B4500010B501EB020402D98442234607D8431EEB
:10B46000A14208D011F8012B03F8012FF8E702449C
:10B4700001468A4200D110BD13F8014D02F8014D7A
:10B48000F7E702440346934200D1704703F8011BDB
:10B49000F9E70A220021F7F7D7BC0139024410B5B9
:10B4A000904201D1002005E0037811F8014FA3423A
:10B4B00001D0181B10BD0130F2E7C9B2034618468F
:10B4C00013F8012B12B18A42F9D17047002918BF35
:10B4D0000020704700221146F7F720BA10B56AB174
:10B4E0000139841810F8012B11F8013F9A4203D159
:10B4F000A04201D0002AF5D1D01A10BD1046FCE7B9
:10B5000010B50139044632B111F8013F013A00F893
:10B51000013B002BF7D10021FFF7B3FF204610BD00
:10B52000F0B5C3F13707044603F01F031046FFB21E
:10B53000082BE6B232D0102B3DD06508A40845EAAE
:10B54000C17544EA81748A082D1942EB5102290918
:10B5500041EA02716D1842EB1212290A41EA0261B6
:10B560006D1842EB1222290C41EA02416D1842EBA0
:10B570001242AD1842F10002EC0844EA4274D108CC
:10B5800004EB8402A6EB4205EDB2092D0CD901347F
:10B59000A5F10A0541F10001EDB212E0E40806F060
:10B5A000070544EA4174C908303554EA010200F83D
:10B5B000015BBDD1F0BD240906F00F0544EA01741A
:10B5C0000909092D84BFED19EDB2EDE710B50C4660
:10B5D00000F039F80028A2BF23680133236010BDB2
:10B5E0000028A2BF136803F1FF33136000F060B8B6
:10B5F00070B505460E4631462846FFF7E7FF041EA4
:10B6000009DB202CF7D0A4F10903042BF3D932462F
:10B610002946FFF7E5FF204670BDBDF8001068B170
:10B6200011F0100F01D00270704711F0080F02D016
:10B63000C0E9002370474B0701D5026070478B06B5
:10B64000FBD50280704710B583780446DA0705D42D
:10B6500043F004034FF0FF30A37010BD4FF0000221
:10B66000D4E85F3FC4E8512F0029F9D19BB213B150
:10B67000581EC0B2F1E7A36898470028F9DA0130F4
:10B68000A37814BF082204221343E3E702690346A8
:10B69000107810B101321A6170476FF001007047E5
:10B6A000D1E9043293421EBF5A1C0A6118707047D8
:10B6B0008B78DA0702D44FF0FF307047431CFAD082
:10B6C000C0B2431CD1E8DF2F002A04D1C1E8DC3F1F
:10B6D000BCF1000FF6D1EED18B7823F008038B700C
:10B6E000704700000148006870470000C85A0120F8
:10B6F00056F1FD7F01000000FDB2030000000000D4
:10B70000F10403000000000000000000F0B7040096
:10B7100085EB030000000000A9EB0300000000001F
:10B720000000000030B804000000000010B8040061
:10B730000000000050B80400A5C103000000000094
:10B74000AF830400000000000000000070B8040097
:10B7500000000000B0B804000000000090B8040031
:10B76000DD9B030000000000E381040000000000F6
:10B77000E1E60200000000000102030000000000FA
:10B7800000000000D0B804008DC2030000000000DB
:10B7900005F10300000000000000000010B90400E3
:10B7A00000000000F0B80400E51D030000000000E8
:10B7B0002B8304000000000035830400000000001B
:10B7C0000000000030B904000000000050B904007F
:10B7D0000918030000000000DD0503000000000060
:10B7E0006918030000000000E918030000000000D1
:10B7F000802205006CD204004CC20400E40D00203D
:10B80000647201207999030000000000000000002C
:10B81000FC24050040D3040020C20400EE0D0020EB
:10B82000347301208DA90300000000000000000017
:10B830000825050054D3040020C20400F00D0020A8
:10B84000407301208DA903000000000000000000EB
:10B850001325050068D3040020C20400F20D002067
:10B860004C7301208DA903000000000000000000BF
:10B870000E23050000000000E8C10400E60D0020D2
:10B88000000000003B760400000000000000000003
:10B890002725050088D3040068C20400F40D0020A9
:10B8A000100C00206F7E0400C57D04000000000025
:10B8B00033250500F0D3040068C20400F60D002013
:10B8C000300C0020917E0400C57D040000000000C3
:10B8D0007728050000000000E0D40400FA0D0020E5
:10B8E0005C730120C9B603000000000000000000E6
:10B8F0001623050000000000F0C10400E80D002040
:10B900000000000011A20300000000000000000081
:10B910000827050054D4040044C20400F80D002098
:10B92000500C002025AD0300A57F0400000000009E
:10B93000D024050094D2040008C20400EA0D0020BF
:10B94000F472012051A40300000000000000000078
:10B95000DF240500E0D2040008C20400EC0D002042
:10B960001473012051A40300000000000000000037
:10B97000000000004950040000000000495004008D
:10B98000000000004950040000000000495004007D
:10B99000000000004950040000000000495004006D
:10B9A000000000004950040000000000495004005D
:10B9B000000000004950040000000000495004004D
:10B9C000000000004950040000000000495004003D
:10B9D000000000004950040000000000495004002D
:10B9E000000000004950040000000000495004001D
:10B9F000000000004950040000000000495004000D
:10BA000000000000495004000000000049500400FC
:10BA100000000000495004000000000049500400EC
:10BA200000000000495004000000000049500400DC
:10BA300000000000495004000000000049500400CC
:10BA400000000000495004000000000049500400BC
:10BA50000000000011C20300000000004950040073
:10BA6000000000004950040000000000495004009C
:10BA7000000000004950040000000000495004008C
:10BA8000000000004950040000000000495004007C
:10BA9000000000004950040000000000495004006C
:10BAA000000000004950040000000000495004005C
:10BAB000000000004950040000000000495004004C
:10BAC000000000004950040000000000495004003C
:10BAD000000000004950040000000000495004002C
:10BAE000000000004950040000000000495004001C
:10BAF000000000004950040000000000495004000C
:10BB000000000000495004000000000049500400FB
:10BB100000000000495004000000000049500400EB
:10BB200000000000495004000000000049500400DB
:10BB300000000000495004000000000049500400CB
:10BB400000000000495004000000000049500400BB
:10BB500000000000495004000000000049500400AB
:10BB6000000000004950040000000000495004009B
:10BB7000000000004950040000000000495004008B
:10BB8000000000004950040000000000495004007B
:10BB9000000000004950040000000000495004006B
:10BBA000000000004950040000000000495004005B
:10BBB000000000002127040000000000495004009C
:10BBC000500C00207B8D0400000000004950040050
:10BBD000000000004950040000000000495004002B
:10BBE000000000004950040000000000495004001B
:10BBF000000000004950040000000000495004000B
:10BC000000000000495004000000000049500400FA
:10BC100000000000495004000000000049500400EA
:10BC200000000000495004000000000049500400DA
:10BC300000000000495004000000000049500400CA
:10BC400000000000495004000000000049500400BA
:10BC500000000000495004000000000049500400AA
:10BC6000000000004950040000000000495004009A
:10BC7000000000004950040000000000495004008A
:10BC8000000000004950040000000000495004007A
:10BC9000000000004950040000000000495004006A
:10BCA000000000004950040000000000495004005A
:10BCB000000000004950040000000000495004004A
:10BCC000000000004950040000000000495004003A
:10BCD000000000004950040000000000495004002A
:10BCE000000000004950040000000000495004001A
:10BCF000000000004950040000000000495004000A
:10BD000000000000495004000000000049500400F9
:10BD100000000000495004000000000049500400E9
:10BD200000000000495004000000000049500400D9
:10BD300000000000495004000000000049500400C9
:10BD400000000000495004000000000049500400B9
:10BD500000000000495004000000000049500400A9
:10BD60000000000049500400000000004950040099
:10BD70000000000049500400000000004950040089
:10BD80000000000049500400000000004950040079
:10BD90000000000049500400000000004950040069
:10BDA0000000000049500400000000004950040059
:10BDB0000000000049500400000000004950040049
:10BDC0000000000049500400000000004950040039
:10BDD0000000000049500400000000004950040029
:10BDE0000000000049500400000000004950040019
:10BDF0000000000049500400000000004950040009
:10BE000000000000495004000000000049500400F8
:10BE100000000000495004000000000049500400E8
:10BE200000000000495004000000000049500400D8
:10BE300000000000495004000000000049500400C8
:10BE400000000000495004000000000049500400B8
:10BE500000000000495004000000000049500400A8
:10BE60000000000049500400000000004950040098
:10BE70000000000049500400000000004950040088
:10BE80000000000049500400000000004950040078
:10BE90000000000049500400000000004950040068
:10BEA0000000000049500400000000004950040058
:10BEB0000000000049500400000000004950040048
:10BEC0000000000049500400000000004950040038
:10BED0000000000049500400000000004950040028
:10BEE0000000000049500400000000004950040018
:10BEF0000000000049500400000000004950040008
:10BF000000000000495004000000000049500400F7
:10BF100000000000495004000000000049500400E7
:10BF200000000000495004000000000049500400D7
:10BF300000000000495004000000000049500400C7
:10BF400000000000495004000000000049500400B7
:10BF500000000000495004000000000049500400A7
:10BF60000000000049500400000000004950040097
:10BF70000000000049500400000000004950040087
:10BF80000000000049500400000000004950040077
:10BF90000000000049500400000000004950040067
:10BFA0000000000049500400B0B80400F97B040010
:10BFB0000000000049500400000000004950040047
:10BFC0000000000049500400000000004950040037
:10BFD0000000000049500400000000004950040027
:10BFE0000000000049500400000000004950040017
:10BFF0000000000049500400000000004950040007
:10C0000000000000495004000000000049500400F6
:10C0100000000000495004000000000049500400E6
:10C0200000000000495004000000000049500400D6
:10C0300000000000495004000000000049500400C6
:10C040000000000049500400D8090020CF7B040004
:10C0500000000000495004000000000049500400A6
:10C060000000000049500400000000004950040096
:10C070000000000049500400000000004950040086
:10C080000000000049500400000000004950040076
:10C0900015D10300B78504000000000049500400DA
:10C0A0000000000049500400000000004950040056
:10C0B0000000000049500400000000004950040046
:10C0C0000000000049500400000000004950040036
:10C0D0000000000049500400000000004950040026
:10C0E0000000000049500400000000004950040016
:10C0F0000000000049500400000000004950040006
:10C1000000000000495004000000000049500400F5
:10C1100000000000495004000000000049500400E5
:10C1200000000000495004000000000049500400D5
:10C1300000000000495004000000000049500400C5
:10C1400000000000495004000000000049500400B5
:10C1500000000000495004000000000049500400A5
:10C160000000000049500400000000004950040095
:10C170000000000049500400000000004950040085
:10C180000000000049500400000000004950040075
:10C1900090B80400F97B0400C9830400B78504004B
:10C1A0000000000049500400000000004950040055
:10C1B0000000000049500400000000004950040045
:10C1C0000000000049500400000000004950040035
:10C1D000000000004950040060090020CF7B0400EB
:10C1E0000000000049500400277604000000000011
:10C1F00005A303006D77040065770400F9A103002F
:10C20000E9A1030001A203004D7A04007B79040038
:10C2100039A3030031A30300E7770400DB770400B0
:10C22000B9A70300357B0400417B0400557B040063
:10C230005F7B0400697B0400D5A903007D7B0400BB
:10C240000000000029AF030029800400D1990300F9
:10C2500051750400B175040000000000EF74040083
:10C260000000000000000000577C040071AC0300D7
:10C27000497C0400AF7E04007D7C0400A57C0400A2
:10C28000DB7C0400EF7C04001D7D0400337D040092
:10C29000EF7C04000D7D0400497D0400557D040001
:10C2A000617D0400977D04009B7D04000500000073
:10C2B0004965030006000000959803000400000093
:10C2C000B576030025B20200E1AF020000000000D5
:10C2D000000000000000000041AC0200000000006F
:10C2E0000000000034D1040008000000D4D1040094
:10C2F00005000000D5F7040003000000FE1505004E
:10C3000003000000F91E0500030000008409050079
:10C3100003000000C41A050003000000AE09050078
:10C32000030000002522050003000000EE130500B5
:10C33000030000003E15050003000000961C0500E8
:10C34000030000002DF904000300000094280500FC
:10C3500003000000822805000300000052220500AF
:10C360000300000075220500030000004DF30400E7
:10C37000030000009922050003000000472D05007E
:10C3800003000000312705000300000088F80400C6
:10C3900003000000E2F70400030000002F23050063
:10C3A000030000001C2905000300000088F50400BC
:10C3B0000300000097F50400030000009BF5040053
:10C3C00003000000BFF6040003000000692205001E
:10C3D00004000000E729050003000000F7FF040047
:10C3E00003000000AD00050003000000FC00050094
:10C3F00003000000C0280500030000004BFD0400FE
:10C4000003000000D8FD040003000000E0FD04006C
:10C410000300000029F9040003000000E6280500DD
:10C4200003000000292D050003000000DF000500C7
:10C430000300000091F2040003000000EFFD04007F
:10C4400003000000EC240500030000001227050093
:10C450000300000002230500030000003E25050044
:10C4600003000000E8CC040030090020AEF6040010
:10C4700001000000040000000F00000001000000A7
:10C48000080000002000000074000000840000008C
:10C490000D0000000C0000000E0000005000000025
:10C4A00088000000BC000000FFFFFFFFFFFFFFFF50
:10C4B000FFFFFFFFFFFFFFFFED0E03001917030053
:10C4C000000130003000000000000000000000000B
:10C4D00000040000A0000000F000000000000000C8
:10C4E000EB120500F0120500F4120500F812050029
:10C4F000FC120500001305000413050008130500D5
:10C500000C13050010130500141305001813050083
:10C510001C13050020130500241305002813050033
:10C520002C13050000A0105000820D50000405508F
:10C5300005000000040000000100000001020803E3
:10C54000040200252627010204010204030102035C
:10C5500003002804BE119042B400EE03500B010208
:10C56000040102044C018604E80B030402000102EA
:10C57000030300000028000000200102FFFFFFFF6E
:10C58000FF030F141E28323C50647801020303019C
:10C590000100020700010204010001000001010086
:10C5A0000001000100000100010000000102080F6D
:10C5B000141E28323C506478020B000001000B006E
:10C5C00002000A00050009000A0008001400070024
:10C5D0001E000600320005004B000400640003004A
:10C5E00096000200FA000100F401000001020303BA
:10C5F00002030100F401FA00960064004B003200CF
:10C600001E0014000A000500020001000C080217B9
:10C610000D010102090901010602091818030101AF
:10C62000090903030503020123020224091004047B
:10C6300005050B0B040B2B1B1B159A9A1C021D16D0
:10C64000130501490D150508061B1B0F0A060601F7
:10C65000010000FEFEFEFEFEFEFEFEFEFEFEFEFEF3
:10C66000FEFEFEFE16FEFEFEFEFEFEFEFEFEFEFED2
:10C670001F1FFEFE26FEFEFEFEFE30FEFEFE32FE0A
:10C68000FE32FEFE35FEFE3E3EFEFEFEFE3B3B0063
:10C690006000BE0290062C01CE05D0122804BE1107
:10C6A00090426400AE02500672050813DA4300019E
:10C6B000020201020400A201B003BE05EE02480618
:10C6C000A209C405F40B24120E021C045A03B4067A
:10C6D0003006600C26FEFEFEFE2E3630FEFEFE32DA
:10C6E000FEFEFEFEFE35FEFEFEFEFEFEFEFEFEFE33
:10C6F0002E010203030102030301020412FEFEFEE7
:10C70000FEFEFEFEFEFEFEFE030303030303030321
:10C71000030303030314FEFE16FEFEFEFEFEFEFEF2
:10C7200023FEFEFEFEFEFEFEFEFEFEFE2E3630392F
:10C73000FEFE32FEFEFEFEFE35FEFEFEFEFEFEFEAE
:10C74000FEFEFE2E010203032804BE119042720574
:10C750000813DA432C00CE01D00204104000280454
:10C76000BE1190422C00CE01D002B400EE03500B5B
:10C770006400AE025006B400EE03500B0102030346
:10C78000010204002804BE1190422804BE11904208
:10C79000010203030001020201020400010302007E
:10C7A000501D00200200000BE3A3C3008400002002
:10C7B0000200000B5C1D00200200000CC21D0020C6
:10C7C0000200000BC21D00200100000CC01D002053
:10C7D0000100000C01000000070000000000000044
:10C7E00000000000000000000406080A0C0E1012F1
:10C7F0001416181C1E20222426282A2C2E303234EF
:10C8000036383A3C3E40424446484A4C4E021A5062
:10C810000000000028000000180000005001000087
:10C820005001000000000000F0230000241300006D
:10C83000E8670000187900001C0C7805A43814374C
:10C840000000000040060000400600004006000016
:10C8500040060000000098086B0358029C18000076
:10C86000000000000000000000000000F0230000B5
:10C87000241300003CF000003CF000000000000029
:10C8800048A3000014A0000068A600003CA500001A
:10C890000000000000000000000000000000000098
:10C8A000000040060C03600934080000000000008E
:10C8B0000000010208FF7F00200018000A80072006
:10C8C000029801AA8000000001020304020304048C
:10C8D000010203040101010201010101020304023A
:10C8E000E4E1D8D2C6C9B4B19C93878D6C637872E9
:10C8F0004E4B272D1B1E36390020602040608001E2
:10C9000002040301020400010200050400080800FB
:10C910000000000000000000000001010101010111
:10C9200001010101010102020202020203030404E7
:10C930000505060607070808090A0B0C0D0E0F105F
:10C940001112131415161718191A1B0010010000E4
:10C95000D200000030010000D800000001000000FB
:10C96000E400000002000000EA00000002000000F5
:10C97000EC00000003000000EE00000004000000D6
:10C98000F000000005000000F200000006000000BA
:10C99000F400000007000000F6000000080000009E
:10C9A000F700000009000000F80000000A00000085
:10C9B000F90000000B000000FA0000000D0000006C
:10C9C000FB0000000F000000FC0000001100000050
:10C9D000FD00000013000000FE0000001500000034
:10C9E000FF00000018000000000000001B00000015
:10C9F000010000001F0000000200000023000000F2
:10CA00000300000028000000040000002D000000CA
:10CA1000050000003300000006000000390000009F
:10CA2000070000003F0000000800000000100200A6
:10CA3000FA000000000100081200000000000000E1
:10CA40000338FDD87047000000000000000000001F
:10CA50000338FDD87047000000000000000000000F
:10CA60000338FDD87047000084CA040080CA04005F
:10CA700000000000000000000300000003000000B0
:10CA80000000000005160100000008000812084020
:10CA90000C120C1000000000B4CA0400B0CA04005C
:10CAA0000000000000000000020000000200000082
:10CAB0000000000005160100000008000917010031
:10CAC0000800400000000000E4CA0400E0CA0400BE
:10CAD0000000000000000000010000000100000054
:10CAE0000000000005160100000008000000000022
:10CAF0000CCB040008CB0400000000000000000084
:10CB00000200000002000000000000000516010005
:10CB100000000800091601000800080000000000DD
:10CB20003CCB040038CB04000000000000000000F3
:10CB300002000000020000000000000005160100D5
:10CB400000000800091601000800080000000000AD
:10CB50006CCB040068CB0400000000000000000063
:10CB600001000000010000000000000005160100A7
:10CB7000000008000000000094CB040090CB0400EB
:10CB800000000000000000000100000001000000A3
:10CB90000000000005160100000008000000000071
:10CBA000BCCB0400B8CB0400000000000000000073
:10CBB0000100000001000000000000000516010057
:10CBC000000008000000000004CC0400E0CB0400DA
:10CBD0000000000000000000090000000900000043
:10CBE000A0CB040020CB0400F0CA0400C8CA040093
:10CBF00098CA040078CB040050CB040068CA040033
:10CC0000000000000412004009380140080008003C
:10CC10000D380140080010001138014008001000D4
:10CC20001538014008000800193801400800480084
:10CC30001D380140080008002138014008000800A4
:10CC400025380140080010000000000045350500AF
:10CC50007BF2040082F2040088F204008CF20400EB
:10CC600000000000000000000000000081AC020095
:10CC700033380400400140010000000001F01008BA
:10CC8000FA000000E876002000040000B34B040026
:10CC90005D4B0400020000005B4D0400000000003A
:10CCA00000000000000000000000000092F60400F8
:10CCB0009AF60400000000000000000000000000E0
:10CCC00077200500A2F60400A6F60400AAF60400E8
:10CCD000D8CC04008859012009F10200A85901208C
:10CCE000847D012001000000194E04000F4E040055
:10CCF000DD4D0400D14D040000000000C54D0400CE
:10CD0000000000000A000000000000000000000019
:10CD10000000800030B904000100000000000000A5
:10CD200000D80000F0B804000200000000D80000A5
:10CD300000080000F0B804000300000000E000005C
:10CD400000080000F0B804000400000000E000004B
:10CD500000800A00F0B804000500000000E80000B0
:10CD600000780A00F0B804000600000000E80000A7
:10CD700000780A00F0B804000700000000600B0013
:10CD800000800A00F0B804000800000000E0150070
:10CD900000100000F0B804000900000000F01500C9
:10CDA00000600000F0B80400400000200000000017
:10CDB0000600010002000000BCCD040000000000DD
:10CDC000BBFD040002000000E04F16000000002040
:10CDD000C3FD040021000000E0EF02203C09002018
:10CDE0000103030000000000075104004114030088
:10CDF0002D16030000000000ED10030000000000ED
:10CE00000000000000000000000000000000000022
:10CE1000000000000000000071100300A5170300CF
:10CE2000A517030000000000000000000000000043
:10CE300000000000000000000000000000000000F2
:10CE4000000000000000000025170300E0CD0400F2
:10CE50005CCE04008001000000000000C0650220DC
:10CE6000F10005000000000000000000E0CD04001B
:10CE70007CCE0400FB01000000000000306C0220AA
:10CE8000E0CD040090CE04003D0000000000000052
:10CE900084B90220E0CD0400A4CE04000201000009
:10CEA0000000000080BE0220301305004E13050074
:10CEB0006913050079130500861305008F1305001B
:10CEC000961305009D130500A4130500AC1305007F
:10CED00086130500B4130500C6130500DB13050017
:10CEE0000E030000513B03000F0400001D3B030034
:10CEF0001A010000C51F030005040000DD1F030028
:10CF000013010000712703003E0100009525030076
:10CF100001120000435804000A1E00008758040054
:10CF2000FF010000092703003E010000E92603007D
:10CF3000050400003520030010010000DD2003007F
:10CF4000020100003552030001120000C539030040
:10CF50000A1E0000FB590400030900003D210300E4
:10CF6000040B000095220300060A0000C52B0300F5
:10CF7000070A0000AD2003000C0500001129030082
:10CF8000120500006149030013080000354A030040
:10CF900011000000215003000D0100009D5003000E
:10CFA000270300007547030028040000DD47030045
:10CFB00029210000DB590400E0CD0400C8CF0400A3
:10CFC00003010000000000009CBF0220431A05007E
:10CFD000501A0500701A0500641A05007B1A050036
:10CFE000921A0500A21A0500F61B0500B61A0500E4
:10CFF000E0CD040000D004000000000000000000AC
:10D00000D4C10220E0CD040014D0040004010000CB
:10D0100000000000F4C40220F55E0400475F040035
:10D020000000000000000000000000000D69030087
:10D0300000000000000000000000000000000000F0
:10D0400002020100BF6604000404010049760300E7
:10D0500006060100897503000804010075740300C9
:10D060000A020100A76604000C0401008F66040098
:10D070000E0401004973030020040100AD72030097
:10D0800010040100BD710300120201005F6504007D
:10D090001E000400A168040052020000856504001F
:10D0A00001040200917A030003020200A568040053
:10D0B000050102006F68040007040200796804009B
:10D0C000090102007D6804000B0002008168040071
:10D0D0000D000200856804000F000200896804004A
:10D0E000210202008D680400110102009168040011
:10D0F00013000200956804001704020099680400F8
:10D10000190002009D6804001B0203005361040023
:10D110001D020500616D030023040300416104004A
:10D12000E0CD040030D10400060100000000000042
:10D130005CD50220C8D50400A76E040000000000E2
:10D14000C4D5040000000100C0D504000B71040028
:10D1500000000000200B002000000100B8D50400F2
:10D1600000000000000000000000000000000000BF
:10D17000B4D50400796E0400E97D0300280B00207B
:10D1800000000300B0D504000B7104000000000093
:10D19000180B002000000100A8D50400DF6E040079
:10D1A000898003000000000000000300A4D50400F3
:10D1B0000B71040000000000100B002000000100B3
:10D1C0009CD50400D1830300000000000000000093
:10D1D00000000100E8D50400A76E04000000000074
:10D1E000E4D5040000000100E0D504000B71040048
:10D1F00000000000080C002000000100D8D5040049
:10D200000F6F04000000000000000000000001009B
:10D21000D4D504000B71040000000000000C0020B5
:10D2200000000100CCD50400396F040000000000AC
:10D2300000000000000001000000000000000000ED
:10D240000000000000000000000000006D740400F9
:10D2500000000000000000000000000000000000CE
:10D260003599030005990300000000008D9A030022
:10D270000D9A03008D220500DB750400D7750400AC
:10D28000932205001000000001FF0000650100006E
:10D290000010000010B904000048E801000100007F
:10D2A00050B804000600010000000000000000006B
:10D2B000000000000000800080000000000001006D
:10D2C000C86517000000000050B80400030001000A
:10D2D00050B8040000000100000000000000C00081
:10D2E00010B9040000127A000001000050B80400D8
:10D2F000060001000000000050B80400000001001A
:10D30000000080008000000000000100C22817001B
:10D31000000000000000000000000000000000000D
:10D3200000000000010000000100120001000000E8
:10D3300000FF000000A0105000820D5000040550B6
:10D340001F00000000A01050600900200000000035
:10D3500000000000FFFF000000820D50D8090020EF
:10D360000000000001000000FF070000000405505D
:10D3700000000000000000000200000000A01050AB
:10D3800000820D50000405500040105000000000C5
:10D3900000000000B4D3040000C201000000D60168
:10D3A0000000000000000040000000002D7F012070
:10D3B0002C7F012000401050C0D304000200000068
:10D3C000E0D3040004000000D0D3040004010000F6
:10D3D0000080000202800000038000010180000341
:10D3E0000000000202000000030600010106000325
:10D3F00000700C5000000000000000001CD404006D
:10D4000000C201000000D601000000000000004042
:10D41000000000004F7F01204E7F012000700C5063
:10D4200028D404000200000040D4040002000000E0
:10D4300038D404000201000026000000270000018B
:10D44000260000002700000100A0105000820D50AF
:10D45000000405500048E801000000000000000042
:10D4600000000000FFFFFFFF0000FF0000000000C1
:10D4700000000000FFFFFFFF0100000101000000AD
:10D480002F7F0400FFFF000098D40400000000007C
:10D49000FFFFFFFF0000000000A00450A4D4040020
:10D4A00002000000C0D4040003000000B4D4040053
:10D4B0000301000041800004428000054480000612
:10D4C00041000004420000054400000650B804007A
:10D4D0000600010000A0105000820D50000405500D
:10D4E00085B50300F78104002582040004000000D4
:10D4F0000700000000A0105000820D5000040550ED
:10D50000080000000200000004000000010000000C
:10D5100000A0105000820D5000040550D52C0500CD
:10D52000E32C0500F72C0500062D0500122D050043
:10D53000F8B6040000B7040068B7040070B7040030
:10D54000D0B70400F0B704002C2D05000001000046
:10D5500000000000000100000002000000140000B4
:10D560000028000000400000010000000200000050
:10D570000F0000001000000010000000200000005C
:10D5800010000000100000008CD504001100000005
:10D5900011280000110800000100000000002A2BE3
:10D5A00000002A2B000003280000292B0000292B53
:10D5B00000000328000002290000052A0000052AB7
:10D5C0000000032800000118000000280000012AC4
:10D5D0000000012A000003280000002A0000002AA1
:10D5E00000000328000000180000002810002DE1B2
:10D5F0005D29410B8D77679C110F1F8A5B2B5D4462
:10D600004953434F4E4E45435445442C2573207394
:10D610006C6F74496E6465780A00434845434B5FFC
:10D620004445564943450054656D706F7261727987
:10D63000206A6F696E20636F6D6D616E6420647522
:10D64000726174696F6E20657870697265642E20EE
:10D65000526576657274696E6720746F20646566C2
:10D6600061756C742E0A0043757272656E74206366
:10D670006F6D6D616E64207265766572746564208D
:10D68000746F3A20272573270A00526573706F6EF6
:10D6900073652077696E646F77206578706972654D
:10D6A000640A005B726571756573745F63625D2007
:10D6B0004661696C656420746F2073657420504105
:10D6C000775220636F6D6D616E64206461746120B8
:10D6D00028657272202564290A005B726571756580
:10D6E00073745F63625D20726571756573742D3E3E
:10D6F00073746172743D256420726571756573740D
:10D700002D3E636F756E743D256420415252415920
:10D710005F53495A453D2564202D3E20746F5F7349
:10D72000656E643D25640A005B726571756573748E
:10D730005F63625D20693D25642073653D2564203B
:10D74000736C6F745F73746172743D256420736CC5
:10D750006F745F636F756E743D25642064617461DE
:10D760006C656E3D25640A007075626C69630072B9
:10D77000616E646F6D007075626C69632D69640021
:10D7800072616E646F6D2D696400253032583A25E0
:10D790003032583A253032583A253032583A25300E
:10D7A00032583A2530325820282573290028756EC2
:10D7B0006B6E6F776E2900646973636F6E6E65635D
:10D7C000746564205375706572766973696F6E2035
:10D7D00074696D656F757420E28094206C696E6B5E
:10D7E0002064726F707065642061626E6F726D612B
:10D7F0006C6C790A00646973636F6E6E656374653F
:10D8000064203A2025732C20726561736F6E20307E
:10D8100078253032582025730A0A00646973636FD3
:10D820006E6E65637465642025732C20736C6F7451
:10D8300020256420287375626576656E74202564E2
:10D840002C20736C6F74202564290A005448494EBB
:10D850004753585F45534C005B6465765F666F7550
:10D860006E645D2025642F25643A20257320727331
:10D8700073692025640A005B636F6E6E656374656F
:10D88000645F63625D20436F6E6E656374696F6E83
:10D89000206661696C656420286572722030782585
:10D8A000303258292C20656C617073656420256CBA
:10D8B0006C64206D730A00636F6E6E6563746564DB
:10D8C0002025730A005B636F6E6E65637465645F29
:10D8D00063625D2077646973632071756575652087
:10D8E00066756C6C2C2064726F7070696E67206353
:10D8F0006F6E6E656374696F6E2025730A00534303
:10D90000414E5F544852454144002573203A20203F
:10D910005363616E6E696E6720546872656164203E
:10D9200053746172746564200A002573203A2041A3
:10D930006C6C20256420736C6F74732066756C6C3E
:10D940002C2070617573696E67207363616E0A00C5
:10D950002573203A202062745F6C655F7363616E8B
:10D960005F7374617274206661696C6564202865F8
:10D97000727220256429200A005B666C7573685FEB
:10D98000726573756C745D206D7367712066756C5C
:10D990006C2C2064726F7070696E6720726573758D
:10D9A0006C742025642028657272202564290A0081
:10D9B000466C757368656420256420726573756CA8
:10D9C000747320746F2071756575650A005B2B5D3B
:10D9D0007265732C70696E672C25730A0047415479
:10D9E00054205448524541442053544152544544D4
:10D9F0002C2057696C6C20576169742074696C6CB9
:10DA0000205363616E6E696E67205468726561644D
:10DA10002066696C6C73207468652051756571654A
:10DA2000200A00436F6E73756D65643A202573207C
:10DA300020525353493A202564202028717565757A
:10DA4000652072656D61696E696E673A202564298B
:10DA50000A0043726561746520636F6E6E206661B3
:10DA6000696C656420666F722025732028256429FF
:10DA70003A2025730A00436F6E6E65637420636FEE
:10DA80006E6669726D6174696F6E2074696D656F21
:10DA9000757420666F722025730A00436F6E6E6581
:10DAA0006374696F6E20746F202573206661696CE2
:10DAB0006564202868616E646C656420696E20630B
:10DAC0006F6E6E65637465645F6362290A00436FFD
:10DAD0006E6E656374207375636365656465642049
:10DAE000666F722025732C2068616E646564206FF8
:10DAF000666620746F2077726974655F646973630A
:10DB00006F6E6E6563740A00446973636F6E6E6551
:10DB1000637420636F6E6669726D6174696F6E20E5
:10DB200074696D656F757420666F7220257320E2CD
:10DB300080942070726F63656564696E6720616EA2
:10DB4000797761790A00256868783A256868783AB3
:10DB5000256868783A256868783A256868783A25AB
:10DB600068687800756172745F6D7367712066759F
:10DB70006C6C2C2064726F7070696E6720706163CA
:10DB80006B657420287265743D2564290A0046611E
:10DB9000696C656420746F2067657420636F6E6EB6
:10DBA00020696E666F2028657272202564290A003C
:10DBB000434F4E4E45435445442028746F6F6B20AD
:10DBC0007E2564206D73290A00444953434F4E4E0D
:10DBD0004543544544207768696C652077616974D2
:10DBE000696E6720E280942061626F7274696E676B
:10DBF0000A0054696D6564206F75742077616974DB
:10DC0000696E6720666F7220636F6E6E65637469FC
:10DC10006F6E202873746174653D2564290A005273
:10DC20006563656976656420646174612069732049
:10DC30003A2000776469736320776F726B65722096
:10DC400025643A207374617274656420666F722073
:10DC500025730A0052656D6F746520696E666F20CA
:10DC60006E6F7420617661696C61626C6520696EAB
:10DC70002074696D6520666F722025732C20747284
:10DC800079696E67205041535420616E79776179CC
:10DC90000A004E6F2061637469766520636F6E6E53
:10DCA000656374696F6E20666F7220257320E28051
:10DCB000942061626F7274696E670A00436F6E6EC2
:10DCC000656374696F6E20646964206E6F7420727E
:10DCD0006561636820434F4E4E454354454420736D
:10DCE0007461746520696E2074696D650A00446909
:10DCF00073636F6E6E6563742063616C6C20666124
:10DD0000696C656420666F722025732028657272C5
:10DD10002025642920E28094206C696B656C792051
:10DD2000616C726561647920646F776E0A0050419E
:10DD30005354206661696C656420666F7220257398
:10DD40002028657272202564290A0050415354200E
:10DD500073656E7420666F722025730A00446973C0
:10DD6000636F76657279207374617274206661697D
:10DD70006C656420666F722025732028657272209E
:10DD80002564290A00446973636F7665727920619E
:10DD9000626F7274656420666F7220257320E28062
:10DDA0009420636F6E6E656374696F6E2064726F2A
:10DDB00070706564206265666F7265207761697452
:10DDC0000A00446973636F766572792074696D65C2
:10DDD00064206F757420666F722025730A00446991
:10DDE00073636F766572792061626F727465642007
:10DDF000666F7220257320E2809420636F6E6E65DB
:10DE00006374696F6E2064726F70706564206475EE
:10DE100072696E6720776169740A00436861726194
:10DE2000637465726973746963206E6F7420666FC2
:10DE3000756E6420666F722025730A0044697363EF
:10DE40006F766572792073756363656564656420B8
:10DE5000666F722025732C2068616E646C65203DAE
:10DE60002025640A005B2B5D6E65772C25730A0004
:10DE700052657573696E6720736C6F74202564201A
:10DE8000666F722064657669636520257320287348
:10DE900075626576656E742025642C2072657370DA
:10DEA0006F6E73655F736C6F74202564290A00437D
:10DEB0006C656172696E6720756E726573706F6EE6
:10DEC0007369766520736C6F7420256420666F72A9
:10DED000206465766963652025730A00436C65617B
:10DEE00072656420736C6F74202564202873696CDC
:10DEF000656E74290A0041737369676E6564206EEC
:10DF0000657720736C6F7420256420666F722064BF
:10DF1000657669636520257320287375626576656B
:10DF20006E742025642C20726573706F6E73655F4C
:10DF3000736C6F74202564290A004E6F206176612E
:10DF4000696C61626C6520736C6F7420666F7220FF
:10DF50006465766963652025730A004E6F20736CD3
:10DF60006F7420617661696C61626C6520666F72A6
:10DF70002025730A00577269746520737461727486
:10DF8000206661696C656420666F722025732028A5
:10DF9000657272202564290A0057726974652074BD
:10DFA000696D6564206F757420666F722025730A31
:10DFB000005041775220636F6E66696720777269FF
:10DFC0007474656E20666F722025732028737562E5
:10DFD0006576656E742025642C20736C6F74202523
:10DFE00064290A0057616974696E6720504177524D
:10DFF0002073796E632066726F6D2025732E2E2E2E
:10E000000A00504177522073796E6320636F6E6609
:10E0100069726D656420666F722025732028746FA5
:10E020006F6B20256C6C64206D73290A005041775A
:10E03000522073796E6320776169742061626F7218
:10E0400074656420666F7220257320E280942063DB
:10E050006F6E6E656374696F6E2064726F70706549
:10E06000640A005741524E494E473A204E6F2050A5
:10E0700041775220726573706F6E73652066726FA0
:10E080006D2025732077697468696E20256C6C6437
:10E09000206D7320E280942073796E63206D617926
:10E0A000206E6F742062652065737461626C6973A1
:10E0B0006865640A00446973636F6E6E65637420FB
:10E0C00063616C6C206661696C656420666F7220A8
:10E0D00025732028657272202564290A004469731B
:10E0E000636F6E6E656374207265717565737465B8
:10E0F0006420666F722025730A00436F6E6E20667F
:10E100006F7220257320616C726561647920646F81
:10E11000776E2C20736B697070696E672064697309
:10E12000636F6E6E6563742063616C6C0A00776464
:10E1300069736320776F726B65722025643A20667D
:10E14000696E697368656420666F722025730A00C2
:10E1500025733A20756E6B6E6F776E20636F6D6DF1
:10E16000616E64207461672025640A002573206550
:10E170006E636F6465206661696C65640A0025736F
:10E180002070726F746F206C656E3A2025640A00EF
:10E19000536C6F74202564207265616374697661C5
:10E1A00074656420666F722025732028737562651C
:10E1B00076656E742025642C20736C6F7420256442
:10E1C000290A00253032583A253032583A25303263
:10E1D000583A253032583A253032583A253032589C
:10E1E000005B2B5D7265732C5B2B5D25732C257397
:10E1F000206576656E743A256420736C6F743A25D9
:10E20000640A005B2B5D7265732C5B2B5D74656C1F
:10E210002C25732C25732C206576656E743A256445
:10E2200020736C6F743A25640A0053796E636564D9
:10E2300020646576696365733A2025640A003D3D74
:10E240003D20436F6D6D616E642050726F63657326
:10E2500073696E67205468726561642053746172DB
:10E26000746564203D3D3D0A005265616479207407
:10E270006F207265636569766520636F6D6D616E91
:10E2800064732076696120554152540A00446566E2
:10E2900061756C7420636F6D6D616E643A202573D7
:10E2A0000A00517569636B20636F6D6D616E6473F5
:10E2B0003A0A002020313233342020202020202030
:10E2C0002020202020202D2053656E64206A6F6955
:10E2D0006E20636F6D6D616E642077697468207065
:10E2E0006172616D65746572203132333420286249
:10E2F00075727374290A0020206A6F696E2C31329E
:10E30000333420202020202020202D2053656E64CF
:10E31000206A6F696E20636F6D6D616E642077692E
:10E32000746820706172616D65746572203132337A
:10E330003420286275727374290A00202073616D7D
:10E34000706C65203A205B2B5D74656C2C41413A02
:10E3500042423A43433A44443A45453A4646202DE0
:10E360002053656E642054454C20636F6D6D616E63
:10E370006420666F72206F6E6520646576696365E0
:10E380000A00202074657374202020202020202083
:10E3900020202020202D20526573657420746F206A
:10E3A00064656661756C74206A6F696E20636F6D59
:10E3B0006D616E64205B2B5D6A6F696E2C39393933
:10E3C000390A002020737461747573202020202086
:10E3D0002020202020202D2053686F772073796E15
:10E3E000636564206465766963657320616E64208B
:10E3F00063757272656E7420636F6D6D616E640A11
:10E40000002020726566726573682020202020201D
:10E41000202020202D20466F7263652073656E6476
:10E420002063757272656E7420636F6D6D616E64CA
:10E43000206E6F770A00202068656C7020202020F5
:10E440002020202020202020202D2053686F77209E
:10E45000616C6C20636F6D6D616E64730A0054793A
:10E46000706520636F6D6D616E6420616E642070F5
:10E470007265737320454E5445523A0A003E3E3E43
:10E48000200A000A554152543A20436F6D6D616E67
:10E49000642072656365697665643A202725732771
:10E4A0000A005B70726F63657373696E675D3A2013
:10E4B000272573270A005B2B5D6A6F696E2C005B52
:10E4C0002B5D6A6F696E2C2533315B5E2C5D2C25CC
:10E4D00033317300496E76616C6964206A6F696ECE
:10E4E00020666F726D61740A0045787065637465AB
:10E4F000643A205B2B5D6A6F696E2C3C65736C5FC0
:10E500006D61633E2C3C6F74735F6D61633E0A0006
:10E51000496E76616C69642045534C204D41430A35
:10E5200000496E76616C6964204F5453204D41431D
:10E530000A004A6F696E00535543434553533A20CE
:10E540004A6F696E20636F6D6D616E642073656ED6
:10E55000740A0045534C204D4143203A2025730A4C
:10E56000004F5453204D4143203A2025730A004563
:10E5700052524F523A204661696C656420746F2094
:10E5800073656E64206A6F696E20636F6D6D616E76
:10E59000640A005B2B5D6C65642C00496E76616CCF
:10E5A0006964204D414320666F726D61740A004CAE
:10E5B000454420636F6D6D616E6420666F72204DFF
:10E5C00041433A2025730A005B70726F6365737371
:10E5D000696E675D3A205B2B5D4C45445F50524F3E
:10E5E000544F5F52454144590A005B2B5D73706C78
:10E5F0006173682C0053504C41534820636F6D6D1C
:10E60000616E6420666F72204D41433A2025730A83
:10E610000053504C415348005B70726F63657373D5
:10E62000696E675D3A205B2B5D53504C4153485FE8
:10E6300050524F544F5F52454144590A005B2B5D85
:10E64000636C6561722C00434C45415220636F6DD1
:10E650006D616E6420666F72204D41433A202573D0
:10E660000A00434C454152005B70726F63657373DF
:10E67000696E675D3A205B2B5D434C4541525F50AC
:10E68000524F544F5F52454144590A005B2B5D6F16
:10E6900074612C005B2B5D6F74612C2533315B5EE4
:10E6A0002C5D2C2533317300496E76616C696420D2
:10E6B0004F544120666F726D61740A004578706531
:10E6C000637465643A205B2B5D6F74612C3C6573E9
:10E6D0006C5F6D61633E2C3C6F74735F6D61633E74
:10E6E0000A004F544120636F6D6D616E6420666F48
:10E6F000722045534C204D41433A2025730A004F68
:10E70000544120636F6D6D616E6420666F72204F9F
:10E710005453204D41433A2025730A004F54410081
:10E720005B70726F63657373696E675D3A205B2B14
:10E730005D4F54415F50524F544F5F5245414459D1
:10E740000A005B2B5D74656C2C0045787065637402
:10E7500065643A205B2B5D74656C2C3C6D61633E97
:10E760000A0054454C20636F6D6D616E6420666FC6
:10E7700072204D41433A2025730A0054454C005BFA
:10E7800070726F63657373696E675D3A205B2B5DB2
:10E7900054454C5F50524F544F5F52454144590AC3
:10E7A000005B2B5D70696E675F616C6C0054454C5B
:10E7B0005F414C4C3A20706F6C6C696E6720616CE5
:10E7C0006C2073796E636564206465766963657334
:10E7D0000A0050494E4720414C4C005B70726F63F9
:10E7E000657373696E675D3A205B2B5D54454C5FC2
:10E7F000414C4C5F50524F544F5F52454144592059
:10E800006C656E3D25640A005B70726F636573739F
:10E81000696E675D3A205B54454C5F414C4C5D200E
:10E820004552524F523A2070726F746F6275662073
:10E83000656E636F64696E67206661696C65640A02
:10E84000005B2B5D6C697374005B2B5D6C6973748A
:10E850002C25640A005B2B5D6C6973742C657272E5
:10E860002C696E76616C69642072616E6765202820
:10E87000256420646576696365732C2076616C6914
:10E880006420302D2564290A005B2B5D6C6973744C
:10E890002C25642C25642C25640A005B2B5D6465A3
:10E8A000762C25642C25732C25642C25640A005BAA
:10E8B00070726F63657373696E675D3A5B2B5D6C35
:10E8C000697374656E640A005B2B5D6163746976BD
:10E8D000652C004143544956452C2573005B7072EA
:10E8E0006F63657373696E675D3A205B2B5D4143AF
:10E8F000544956452052454144590A007665727381
:10E90000696F6E000A3D3D3D3D3D3D3D3D3D3D2035
:10E910004669726D776172652056657273696F6EB4
:10E92000203D3D3D3D3D3D3D3D3D3D0A00302E30CD
:10E930002E392D616C7068610056657273696F6E57
:10E94000203A2025730A003D3D3D3D3D3D3D3D3D86
:10E950003D3D3D3D3D3D3D3D3D3D3D3D3D3D3D3DE7
:10E960003D3D3D3D3D3D3D3D3D3D3D3D3D0A00681C
:10E97000656C70000A417661696C61626C65206348
:10E980006F6D6D616E64733A0A0020203C6E756D88
:10E990006265723E2020202020202020202D205340
:10E9A0006574206A6F696E20636F6D6D616E64209F
:10E9B00028652E672E2C20273132333427207365AB
:10E9C0006E6473205B2B5D6A6F696E2C3132333459
:10E9D00020696E206275727374290A0020205B2BF7
:10E9E0005D6A6F696E2C3C65736C5F6D61633E2C74
:10E9F0003C6F74735F6D61633E202D2053657420FE
:10EA00006A6F696E20636F6D6D616E642028627538
:10EA100072737420666F722061206665772073655B
:10EA2000636F6E6473290A0020205B2B5D6C656444
:10EA30002C3C65736C5F6D61633E202D20536574C3
:10EA4000204C454420636F6D6D616E6420286275B3
:10EA500072737420666F722061206665772073651B
:10EA6000636F6E6473290A0020205B2B5D6F7461F5
:10EA70002C3C65736C5F6D61633E2C3C6F74735FFF
:10EA80006D61633E202D20536574204F54412063F7
:10EA90006F6D6D616E642028627572737420666F8D
:10EAA00072206120666577207365636F6E647329D9
:10EAB0000A0020205B2B5D74656C2C3C6D61633E0D
:10EAC000202D205365742054454C20636F6D6D617B
:10EAD0006E642028627572737420666F72206120E4
:10EAE000666577207365636F6E6473290A00202062
:10EAF0006A6F696E2C3C706172616D3E202020202F
:10EB0000202D204175746F2D666F726D6174206ABF
:10EB10006F696E20636F6D6D616E6420286275721F
:10EB20007374290A00202068656C70202020202042
:10EB300020202020202020202D2053686F77207453
:10EB40006869732068656C70206D657373616765B3
:10EB50000A004578616D706C65733A0A00202031B7
:10EB6000323334202020202020202020202020206C
:10EB70002D2053656E64205B2B5D6A6F696E2C31AE
:10EB800032333420666F72206120666577207365AA
:10EB9000636F6E6473207468656E2072657665724B
:10EBA000740A0020205B2B5D6A6F696E2C31323352
:10EBB0003420202020202D2053616D65206173209A
:10EBC00061626F76650A0020206A6F696E2C3939A0
:10EBD000393920202020202020202D2053616D65F0
:10EBE0002061732061626F76650A0020207665726D
:10EBF00020202020202020202020202020202D2008
:10EC000073686F7773206669726D776172652076BD
:10EC1000657273696F6E0A0043757272656E742057
:10EC2000636F6D6D616E643A20272573270A0A00B1
:10EC30004E756D657269632073686F727463757465
:10EC4000206465746563746564202D206A6F696E45
:10EC500020706172616D657465723A2025640A00E6
:10EC6000466F726D617474656420636F6D6D616E63
:10EC7000643A2025730A005570646174696E6720D8
:10EC8000636F6D6D616E6420746F3A202725732762
:10EC90000A004E6F2073796E63656420646576693F
:10ECA00063657320617661696C61626C65202D20FB
:10ECB00062757420636F6D6D616E64207570646140
:10ECC00074656420666F7220667574757265207253
:10ECD000657175657374730A0043757272656E743D
:10ECE00020636F6D6D616E642077696C6C20626566
:10ECF0002073656E74207768656E2064657669633D
:10ED000065732073796E63206F72206F6E206E655D
:10ED10007874205041775220726571756573740A5A
:10ED200000436F6D6D616E64202725732720736526
:10ED30006E7420696D6D6564696174656C792074A9
:10ED40006F2025642073796E63656420646576693D
:10ED50006365730A0043757272656E742061637433
:10ED600069766520636F6D6D616E643A2027257347
:10ED7000270A00535543434553533A204A6F696E5F
:10ED800020636F6D6D616E642073656E7420746FA7
:10ED900020616C6C2073796E6365642064657669AC
:10EDA00063657320286275727374206D6F646529C2
:10EDB0000A0054656D706F7261727920636F6D6DBA
:10EDC000616E642061637469766520666F722025C8
:10EDD00064206D730A004C6F677320656E61626C0E
:10EDE00065640A006C6F6773206F66660057415256
:10EDF0004E494E473A20556E6B6E6F776E20636FAB
:10EE00006D6D616E643A20272573270A005573657E
:10EE1000202768656C702720666F722061766169B3
:10EE20006C61626C6520636F6D6D616E64730A0066
:10EE3000517569636B2075736167653A2054797009
:10EE4000652061206E756D6265722028652E672EC3
:10EE50002C202731323334272920746F2073656EBC
:10EE600064205B2B5D6A6F696E2C3132333420690C
:10EE70006E2062757273740A006C6F6773206F6E18
:10EE8000005B2B5D6A6F696E2C256400FFFFFFFF3E
:10EE9000FFFF0053656E742041435449564520637B
:10EEA0006865636B20746F2025730A0041435449E1
:10EEB00056452070656E64696E673A20656C6170B6
:10EEC0007365643D256C6C640A00524553504F4E87
:10EED00053455F57494E444F575F54494D454F5531
:10EEE000545F4D533D25640A004143544956452023
:10EEF00074696D656F7574202D3E20636C65617259
:10EF0000696E6720736C6F742025640A00736C6FE0
:10EF1000743D2564206163746976653D25642070C5
:10EF2000656E64696E673D25642072657472793D13
:10EF300025640A00436C65616E696E6720757020F8
:10EF4000696E61637469766520736C6F74202564E3
:10EF50000A004D61696E74656E616E636520746848
:10EF600072656164207374617274656420287769C6
:10EF70006C6C20636C65616E757020696E61637482
:10EF800069766520736C6F7473290A0077646973FE
:10EF9000632564004E565320696E697469616C691B
:10EFA0007A6174696F6E206661696C65642028659A
:10EFB0007272202564290A005541525420646576F6
:10EFC000696365206E6F74207265616479210A003F
:10EFD0004D43556D677220626F6F740A0055415240
:10EFE0005420636F6E6669677572656420666F7220
:10EFF00020636F6D6D616E6420696E7075740A00B8
:10F0000053797374656D20696E697469616C697A8E
:10F010006564202D20554152542072656164792029
:10F02000666F7220636F6D6D616E64730A00537456
:10F03000617274696E6720506572696F64696320DC
:10F040004164766572746973696E672044656D6F9B
:10F050000A00426C7565746F6F746820696E69741C
:10F06000206661696C6564202865727220256429B8
:10F070000A004661696C656420746F206372656183
:10F080007465206164766572746973696E67207354
:10F0900065742028657272202564290A004661691A
:10F0A0006C656420746F2073657420706572696F7D
:10F0B000646963206164766572746973696E672040
:10F0C000706172616D65746572732028657272205B
:10F0D0002564290A00537461727420506572696F47
:10F0E000646963204164766572746973696E670A46
:10F0F000004661696C656420746F20656E61626CA6
:10F100006520706572696F646963206164766572F9
:10F11000746973696E672028657272202564290AF4
:10F1200000537461727420457874656E6465642060
:10F130004164766572746973696E670A0046616935
:10F140006C656420746F20737461727420657874C8
:10F15000656E646564206164766572746973696E56
:10F16000672028657272202564290A00747275650B
:10F170000066616C7365004170706C6963617469ED
:10F180006F6E20496E697469616C697365642053A0
:10F1900075636365737366756C6C79200A200A0069
:10F1A0004170706C69636174696F6E20496E697437
:10F1B00069616C69736564204661696C6564200AE5
:10F1C000200A004150504C49434154494F4E20536E
:10F1D0005441525445442077697468204669726DE1
:10F1E000776172652056657273696F6E200A0053ED
:10F1F00063616E6E696E6720666F72207468652049
:10F20000646576696365206E616D65203A202573BB
:10F210000A0053797374656D207374617475733A61
:10F220002025642073796E63656420646576696364
:10F230006573206163746976652C207761697469F0
:10F240006E6720666F7220636F6D6D616E64732EE2
:10F250002E2E0A0043757272656E7420636F6D6D99
:10F26000616E643A202573207C2074656D705F6147
:10F2700063746976653A2025730A0073706C617354
:10F280006800636C656172006F7461006A6F696E1B
:10F290000070696E675F746872656164005B2B5D06
:10F2A0006A6F696E2C393939390028756E73696750
:10F2B0006E6564292063686172202A207573656415
:10F2C00020666F722025257020617267756D656EEE
:10F2D000742E2049742773207265636F6D6D656E9F
:10F2E00064656420746F2063617374206974207492
:10F2F0006F20766F6964202A20626563617573658B
:10F30000206974206D6179206361757365206D6972
:10F31000736265686176696F7220696E20636572D9
:10F320007461696E20636F6E666967757261746976
:10F330006F6E732E20537472696E673A22257322A2
:10F3400020617267756D656E743A25640063627042
:10F3500072696E74665F7061636B616765004661B8
:10F36000696C656420746F207265626F6F743A20F7
:10F370007370696E6E696E6720656E646C65737319
:10F380006C792E2E2E0A007F7F7F7F7F7F7F7F7F8D
:10F390007F7F7F7F7F7F7F7F7F7F7F7F7F7F7F7F7D
:10F3A0007F7F7F7F7F7F7F7F7F7F7F7F7F7F7F7F6D
:10F3B0007F7F3E7F7F7F3F3435363738393A3B3C5D
:10F3C0003D7F7F7F407F7F7F0001020304050607AA
:10F3D00008090A0B0C0D0E0F101112131415161735
:10F3E00018197F7F7F7F7F7F1A1B1C1D1E1F202106
:10F3F00022232425262728292A2B2C2D2E2F303175
:10F4000032337F7F7F7F7F414243444546474849AF
:10F410004A4B4C4D4E4F50515253545556575859D4
:10F420005A6162636465666768696A6B6C6D6E6F6A
:10F43000707172737475767778797A3031323334CB
:10F4400035363738392B2F4E5653206E6F7420695E
:10F450006E697469616C697A656400436F756C6488
:10F46000206E6F74206F627461696E20666C6173C8
:10F470006820706172616D657465727300556E739A
:10F480007570706F7274656420777269746520623C
:10F490006C6F636B2073697A6500536563746F7278
:10F4A0002073697A6520257520746F6F206C6172F6
:10F4B00067652C206D6178696D756D2069732025F5
:10F4C0007A7500556E61626C6520746F2067657493
:10F4D000207061676520696E666F00496E76616CA9
:10F4E000696420736563746F722073697A65004381
:10F4F0006F6E66696775726174696F6E206572728E
:10F500006F72202D20736563746F7220636F756E48
:10F510007400256420536563746F7273206F6620D6
:10F52000256420627974657300616C6C6F63207769
:10F5300072613A2025642C20257800646174612072
:10F540007772613A2025642C2025780047432044B7
:10F550006F6E65206D61726B657220666F756E648B
:10F56000004E6F20474320446F6E65206D61726BC3
:10F57000657220666F756E643A207265737461728D
:10F5800074696E672067630066735F6E7673006CE4
:10F590006F6767696E67006C6F67006C6F675F6DA0
:10F5A000676D74004D65737361676520282225734C
:10F5B00022292064726F70706564206265636175D2
:10F5C0007365206974206578636565647320736969
:10F5D0007A65206C696D69746174696F6E20282585
:10F5E0007529004D6573736167652064726F707073
:10F5F0006564206265636175736520697420657850
:10F6000063656564732073697A65206C696D6974DC
:10F610006174696F6E2028257529000D0A001B5B37
:10F62000306D00257320005B2530386C755D20003F
:10F630005B253032753A253032753A253032752ED9
:10F64000253033752C253033755D200025732F0050
:10F650003C25733E200025733A2000253032782067
:10F6600000202020007C00256300206D65737361FD
:10F670006765732064726F70706564202D2D2D0D89
:10F680000A1B5B306D001B5B313B33316D2D2D2D23
:10F6900020001B5B313B33316D001B5B313B33334F
:10F6A0006D0077726E00696E6600646267006C6F51
:10F6B000675F6261636B656E645F75617274006C35
:10F6C0006F675F7561727400666C6173685F7772F3
:10F6D000697465206572726F72202564206F66669A
:10F6E0007365743D30782530387A7800666C6173C4
:10F6F000682072656164206661696C65643A2025E2
:10F70000640063616C6C6261636B206661696C6547
:10F71000643A202564004275666665722073697AD2
:10F720006520697320626967676572207468616E1D
:10F730002070616765004275666665722073697A3C
:10F7400065206973206E6F7420616C69676E6564F3
:10F7500020746F206D696E696D616C2077726974B9
:10F76000652D626C6F636B2D73697A6500496E63FA
:10F770006F727265637420706172616D6574657219
:10F780000053697A6520697320696E636F727265D0
:10F79000637400446576696365207365656D7320E5
:10F7A000746F206861766520302073697A65005235
:10F7B00065717565737465642072616E6765206F2D
:10F7C000766572666C6F7773206465766963652011
:10F7D00073697A650053545245414D5F464C41531D
:10F7E0004800666C6173685F696D670053697A658C
:10F7F000206F6620434F4E4649475F464C41534871
:10F800005F46494C4C5F4255464645525F53495A04
:10F8100045004E65676174697665206F666673653D
:10F8200074206E6F7420616C6C6F7765640A004998
:10F830006E636F72726563742073697A65206F728C
:10F84000206F666673657420616C69676E6D656EA6
:10F85000742C20657870656374656420257A780A55
:10F860000046696C6C20746F2064657620257020DA
:10F870006661696C6564206174206F666673657487
:10F88000203078257A780A00666C617368002A2A2D
:10F890002A20426F6F74696E67204D792041707025
:10F8A0006C69636174696F6E2076302E302E392D4D
:10F8B000616C7068612D6332306532613139353584
:10F8C0006235202A2A2A0A002A2A2A205573696EBC
:10F8D00067206E524620436F6E6E656374205344FA
:10F8E0004B2076332E322E342D34633366633064EE
:10F8F0003434353334202A2A2A0A002A2A2A205569
:10F9000073696E67205A6570687972204F5320764C
:10F91000342E322E39392D39363733656563373514
:10F92000393038202A2A2A0A006E72665F62745FB4
:10F930007363616E0072302F61313A202030782578
:10F94000303878202072312F61323A2020307825EB
:10F95000303878202072322F61333A2020307825D9
:10F960003038780072332F61343A202030782530D7
:10F970003878207231322F69703A20203078253063
:10F980003878207231342F6C723A2020307825304C
:10F9900038780020787073723A202030782530381B
:10F9A00078004661756C74696E6720696E73747255
:10F9B000756374696F6E2061646472657373202867
:10F9C0007231352F7063293A20307825303878002D
:10F9D000556E68616E646C6564204952516E3A20C0
:10F9E0002564002A2A2A2A2A204D505520464155AE
:10F9F0004C54202A2A2A2A2A002020537461636B3F
:10FA0000696E67206572726F722028636F6E74650D
:10FA100078742061726561206D6967687420626521
:10FA2000206E6F742076616C696429002020556E09
:10FA3000737461636B696E67206572726F72002008
:10FA40002044617461204163636573732056696F5C
:10FA50006C6174696F6E0020204D4D46415220410B
:10FA60006464726573733A203078257800202049E9
:10FA70006E737472756374696F6E2041636365732E
:10FA8000732056696F6C6174696F6E002020466C3C
:10FA90006F6174696E672D706F696E74206C617A26
:10FAA0007920737461746520707265736572766114
:10FAB00074696F6E206572726F72002A2A2A2A2A70
:10FAC000205553414745204641554C54202A2A2A67
:10FAD0002A2A0020204469766973696F6E20627952
:10FAE000207A65726F002020556E616C69676E65C3
:10FAF00064206D656D6F7279206163636573730057
:10FB00002020537461636B206F766572666C6F772B
:10FB10002028636F6E746578742061726561206E51
:10FB20006F742076616C6964290020204E6F206319
:10FB30006F70726F636573736F7220696E73747226
:10FB4000756374696F6E73002020496C6C65676122
:10FB50006C206C6F6164206F66204558435F52458E
:10FB60005455524E20696E746F2050430020204936
:10FB70006C6C6567616C20757365206F66207468B6
:10FB8000652045505352002020417474656D707497
:10FB900020746F206578656375746520756E646583
:10FBA00066696E656420696E737472756374696FDB
:10FBB0006E002A2A2A2A2A20425553204641554CB3
:10FBC00054202A2A2A2A2A002020537461636B6950
:10FBD0006E67206572726F720020205072656369D3
:10FBE0007365206461746120627573206572726F41
:10FBF0007200202042464152204164647265737352
:10FC00003A2030782578002020496D70726563694C
:10FC10007365206461746120627573206572726F10
:10FC200072002020496E737472756374696F6E2060
:10FC3000627573206572726F7200526573657276B9
:10FC4000656420457863657074696F6E2028005381
:10FC5000707572696F757320696E746572727570F4
:10FC60007420284952512000535053454C20696E4E
:10FC700020746872656164206D6F646520646F65CF
:10FC800073206E6F7420696E6469636174652050BF
:10FC90005350002A2A2A2A2A204841524420464109
:10FCA000554C54202A2A2A2A2A00202042757320E3
:10FCB0006661756C74206F6E20766563746F722058
:10FCC0007461626C65207265616400202044656225
:10FCD0007567206576656E740020204661756C74CA
:10FCE00020657363616C6174696F6E20287365654C
:10FCF0002062656C6F772900415243485F45584345
:10FD0000455054207769746820726561736F6E2066
:10FD100025780A002A2A2A2A2A2044656275672043
:10FD20006D6F6E69746F7220657863657074696F4A
:10FD30006E202A2A2A2A2A002A2A2A2A2A202573D9
:10FD400020256429202A2A2A2A2A006D7075004657
:10FD500061696C656420746F20616C6C6F636174A1
:10FD600065206E6577204D505520726567696F6E0E
:10FD70002025750A00506172746974696F6E2025C0
:10FD8000753A2073616E69747920636865636B20CE
:10FD90006661696C65642E00496E76616C696420E9
:10FDA000756E6465726C79696E6720726567696FDC
:10FDB0006E20696E64657820257500464C41534875
:10FDC0005F30005352414D5F3000657869740061C7
:10FDD000626F727428290A006E65745F627566002E
:10FDE0006E65745F6275665F73696D706C650073D4
:10FDF0006F630072630067726F7570004661696CB3
:10FE0000656420746F207265616420646174612090
:10FE100066726F6D20666C61736820617265613A0D
:10FE2000202564004661696C656420746F206F70E2
:10FE3000656E20666C61736820617265612049445B
:10FE40002025753A202564004661696C656420743C
:10FE50006F20657261736520666C617368206172E2
:10FE600065613A202564004661696C656420746FA1
:10FE7000207265616420646174612066726F6D2018
:10FE8000666C6173683A2025640043616E277420B4
:10FE900062696E6420746F2074686520666C61739B
:10FEA00068206172656120286572722025642900CE
:10FEB000626164206F666673657420283078256CF3
:10FEC000782900696D61676520736C6F74206572B5
:10FED000617365206F66203078257A7820627974A6
:10FEE0006573206661696C656420286572722025DF
:10FEF000642900457261736564203078257A782022
:10FF00006279746573206F6620696D61676520731F
:10FF10006C6F7400696D61676520736C6F74207419
:10FF20007261696C6572206572617365206F66200D
:10FF30003078257A78206279746573206661696CFF
:10FF400065642028657272202564290045726173FA
:10FF50006564203078257A78206279746573206F23
:10FF60006620696D61676520736C6F7420747261BF
:10FF7000696C6572002568752E2568752E25687573
:10FF8000002E257500736861007570677261646585
:10FF900000496D6167652075706C6F616420696EE2
:10FFA0007370656374206661696C65643A202564CA
:10FFB0000049727265636F76657261626C65206577
:10FFC00072726F723A20666C61736820777269741E
:10FFD00065206661696C65643A2025640005050149
:10FFE00001010106010101010302010101030303F3
:10FFF000030103030106066D63756D67725F696D2A
:020000040005F5
:10000000675F677270003C3F3F3F3E006861736806
:1000100000626F6F7461626C650070656E64696E1A
:100020006700636F6E6669726D6564007065726DFE
:10003000616E656E7400696D616765730073706CE5
:100040006974537461747573004661696C656420EA
:10005000626F6F745F7365745F6E65787420776923
:10006000746820636F64652025642C20666F72209D
:10007000736C6F742025642C207769746820616329
:100080007469766520736C6F7420256420616E64DA
:1000900020636F6E6669726D20256400636F6E6603
:1000A00069726D000A0204666F726365006D6375A4
:1000B0006D67725F6F735F6772700042542064698E
:1000C0007361626C65206661696C65642062656657
:1000D0006F7265207265626F6F743A202564006FDD
:1000E000735F6D676D745F7265626F6F745F62746A
:1000F000006D63756D677220736D70006D63756D53
:1001000067725F736D700000000000000000FFFF69
:10011000FFFFFFFF00000000000042545F4843491A
:100120005F4552525F535543434553530042545F1A
:100130004843495F4552525F554E4B4E4F574E5FB5
:10014000434D440042545F4843495F4552525F5516
:100150004E4B4E4F574E5F434F4E4E5F4944004209
:10016000545F4843495F4552525F48575F46414993
:100170004C5552450042545F4843495F4552525FD7
:10018000504147455F54494D454F55540042545FD7
:100190004843495F4552525F415554485F46414983
:1001A0004C0042545F4843495F4552525F50494EAC
:1001B0005F4F525F4B45595F4D495353494E47007E
:1001C00042545F4843495F4552525F4D454D5F433E
:1001D000415041434954595F45584345454445447E
:1001E0000042545F4843495F4552525F434F4E4E71
:1001F0005F54494D454F55540042545F4843495F51
:100200004552525F434F4E4E5F4C494D49545F45F6
:10021000584345454445440042545F4843495F457F
:1002200052525F53594E435F434F4E4E5F4C494DC0
:1002300049545F45584345454445440042545F484E
:1002400043495F4552525F434F4E4E5F414C5245CA
:100250004144595F4558495354530042545F484301
:10026000495F4552525F434D445F444953414C4CB2
:100270004F5745440042545F4843495F4552525FDF
:10028000494E53554646494349454E545F5245539E
:100290004F55524345530042545F4843495F4552CE
:1002A000525F494E53554646494349454E545F5364
:1002B000454355524954590042545F4843495F45AC
:1002C00052525F42445F414444525F554E41434362
:1002D00045505441424C450042545F4843495F45B4
:1002E00052525F434F4E4E5F4143434550545F541B
:1002F000494D454F55540042545F4843495F45526C
:10030000525F554E535550505F46454154555245E6
:100310005F504152414D5F56414C0042545F48434B
:10032000495F4552525F494E56414C49445F5041E6
:1003300052414D0042545F4843495F4552525F521B
:10034000454D4F54455F555345525F5445524D5F9F
:10035000434F4E4E0042545F4843495F4552525FFF
:1003600052454D4F54455F4C4F575F5245534F5583
:10037000524345530042545F4843495F4552525FE0
:1003800052454D4F54455F504F5745525F4F46467B
:100390000042545F4843495F4552525F4C4F4341CE
:1003A0004C484F53545F5445524D5F434F4E4E009F
:1003B00042545F4843495F4552525F524550454160
:1003C0005445445F415454454D5054530042545F8A
:1003D0004843495F4552525F50414952494E475F39
:1003E0004E4F545F414C4C4F5745440042545F4878
:1003F00043495F4552525F554E4B4E4F574E5F4CEF
:100400004D505F5044550042545F4843495F455248
:10041000525F554E535550505F52454D4F54455FB6
:10042000464541545552450042545F4843495F4553
:1004300052525F53434F5F4F46465345545F5245B8
:100440004A45435445440042545F4843495F45523E
:10045000525F53434F5F494E54455256414C5F5291
:10046000454A45435445440042545F4843495F452B
:1004700052525F53434F5F4149525F4D4F44455F76
:1004800052454A45435445440042545F4843495FFE
:100490004552525F494E56414C49445F4C4C5F5067
:1004A0004152414D0042545F4843495F4552525FBB
:1004B000554E5350454349464945440042545F48D0
:1004C00043495F4552525F554E535550505F4C4C17
:1004D0005F504152414D5F56414C0042545F48438A
:1004E000495F4552525F524F4C455F4348414E472A
:1004F000455F4E4F545F414C4C4F5745440042546A
:100500005F4843495F4552525F4C4C5F52455350E0
:100510005F54494D454F55540042545F4843495F2D
:100520004552525F4C4C5F50524F435F434F4C4CCF
:100530004953494F4E0042545F4843495F45525228
:100540005F4C4D505F5044555F4E4F545F414C4C93
:100550004F5745440042545F4843495F4552525FFC
:10056000454E435F4D4F44455F4E4F545F414343BB
:1005700045505441424C450042545F4843495F4511
:1005800052525F4C494E4B5F4B45595F43414E4E73
:100590004F545F42455F4348414E474544004254F3
:1005A0005F4843495F4552525F5245515545535448
:1005B00045445F514F535F4E4F545F535550504F1A
:1005C000525445440042545F4843495F4552525F8C
:1005D000494E5354414E545F504153534544004299
:1005E000545F4843495F4552525F50414952494E1A
:1005F000475F4E4F545F535550504F52544544003F
:1006000042545F4843495F4552525F444946465F02
:100610005452414E535F434F4C4C4953494F4E0047
:1006200042545F4843495F4552525F514F535F55B3
:100630004E41434345505441424C455F5041524125
:100640004D0042545F4843495F4552525F514F53FA
:100650005F52454A45435445440042545F4843492C
:100660005F4552525F4348414E5F41535345535398
:100670005F4E4F545F535550504F525445440042C3
:10068000545F4843495F4552525F494E5355464671
:100690005F53454355524954590042545F484349BA
:1006A0005F4552525F504152414D5F4F55545F4F2D
:1006B000465F4D414E4441544F52595F52414E475F
:1006C000450042545F4843495F4552525F524F4C88
:1006D000455F5357495443485F50454E44494E4740
:1006E0000042545F4843495F4552525F524553456B
:1006F000525645445F534C4F545F56494F4C4154FA
:10070000494F4E0042545F4843495F4552525F5241
:100710004F4C455F5357495443485F4641494C4508
:10072000440042545F4843495F4552525F45585424
:100730005F494E515F524553505F544F4F5F4C419C
:100740005247450042545F4843495F4552525F5308
:10075000494D504C455F504149525F4E4F545F5395
:100760005550505F42595F484F53540042545F48C0
:1007700043495F4552525F484F53545F4255535966
:100780005F50414952494E470042545F4843495FD8
:100790004552525F434F4E4E5F52454A4543544582
:1007A000445F4455455F544F5F4E4F5F4348414E51
:1007B0000042545F4843495F4552525F434F4E5495
:1007C000524F4C4C45525F425553590042545F487A
:1007D00043495F4552525F554E4143434550545F34
:1007E000434F4E4E5F504152414D0042545F48438B
:1007F000495F4552525F4144565F54494D454F55FC
:10080000540042545F4843495F4552525F54455239
:100810004D5F4455455F544F5F4D49435F464149E5
:100820004C0042545F4843495F4552525F434F4E2C
:100830004E5F4641494C5F544F5F4553544142001F
:1008400042545F4843495F4552525F4D41435F43C5
:100850004F4E4E5F4641494C45440042545F484329
:10086000495F4552525F434C4F434B5F41444A55A9
:1008700053545F52454A45435445440042545F48EF
:1008800043495F4552525F5355424D41505F4E4F71
:10089000545F444546494E45440042545F484349ED
:1008A0005F4552525F554E4B4E4F574E5F41445637
:1008B0005F4944454E5449464945520042545F48B9
:1008C00043495F4552525F4C494D49545F5245413F
:1008D000434845440042545F4843495F4552525F94
:1008E0004F505F43414E43454C4C45445F42595F36
:1008F000484F53540042545F4843495F4552525F4A
:100900005041434B45545F544F4F5F4C4F4E47004F
:1009100042545F4843495F4552525F544F4F5F4CCA
:100920004154450042545F4843495F4552525F5429
:100930004F4F5F4541524C590030313233343536D8
:10094000373839616263646566004254204C572031
:1009500057510002FB349B5F8000008000100000B4
:10096000000000000104000200000002000000007E
:100970000000000500000000000000000000000072
:100980000000000562745F627566006D616C666FE1
:10099000726D6564206164766572746973696E67EF
:1009A0002064617461202575202F202575006274F4
:1009B0005F6461746100446174612062756666659C
:1009C00072206F766572666C6F7720286C696E6B2B
:1009D0002074797065203078253032782900556E82
:1009E00061626C6520746F206C6F6F6B2075702076
:1009F000636F6E6E20776974682068616E646C65E1
:100A0000202575004572726F72207768696C6520C9
:100A10007570646174696E672074686520736361C2
:100A20006E6E6572202825642900556E61626C65C2
:100A300020746F206C6F6F6B757020636F6E6E200B
:100A4000666F722068616E646C6520257500486170
:100A5000726477617265206572726F722C206861B2
:100A600072647761726520636F64653A2025640063
:100A7000436F756C64206E6F74207375626D69745A
:100A80002072785F776F726B3A20256400696E740C
:100A9000657276616C20657863656564732074683F
:100AA000652076616C69642072616E6765202575CA
:100AB000207573006C6174656E6379206578636579
:100AC000656473207468652076616C696420726166
:100AD0006E67652030782530347800737570765FE6
:100AE00074696D656F7574206578636565647320DE
:100AF0007468652076616C69642072616E67652038
:100B000030782530347800556E61626C6520746FE2
:100B100020616C6C6F6361746520627566666572D6
:100B200000496E76616C696420636F6E6E656374F4
:100B3000696F6E20636F6D706C6574652065766596
:100B40006E7400556E68616E646C656420657665D0
:100B50006E7420307825303278206C656E202575D3
:100B60003A202573004E6F20636F6D6D616E6420B7
:100B700073656E7420666F7220636D6420636F6DA1
:100B8000706C65746520307825303478004F704380
:100B90006F64652030782530347820636F6D706C19
:100BA0006574656420696E7374656164206F662086
:100BB000657870656374656420307825303478001A
:100BC000546F6F20736D616C6C20282575206279DD
:100BD00074657329206576656E742030782530320F
:100BE0007800496E76616C696420484349206576D7
:100BF000656E742073697A65202825752900496E11
:100C000076616C6964204C45206D65746120657661
:100C1000656E742073697A6520282575290057450B
:100C200053545F544F504449522F7A65706879721B
:100C30002F7375627379732F626C7565746F6F743F
:100C4000682F686F73742F6863695F636F72652EB6
:100C500063006576745F666C6167732026202831B7
:100C6000554C203C3C202830292900415353455203
:100C700054494F4E204641494C205B25735D20402E
:100C80002025733A25640A00496E76616C696420F8
:100C9000627566207479706520257500496E7661ED
:100CA0006C6964204843492041434C207061636B68
:100CB00065742073697A6520282575290041434CA5
:100CC0002064617461206C656E677468206D69735F
:100CD0006D617463682028257520213D20257529C4
:100CE00000556E61626C6520746F2066696E6420C9
:100CF000636F6E6E20666F722068616E646C652033
:100D000025750062745F6863695F6576745F676507
:100D1000745F666C616773286864722D3E657674D3
:100D2000292026202831554C203C3C2028312929D7
:100D300000556E6B6E6F776E2062756620747970E9
:100D40006520257500556E68616E646C656420765B
:100D5000656E646F722D7370656369666963206583
:100D600076656E7420307825303278206C656E2080
:100D700025753A20257300657674206E756D5F6861
:100D8000616E646C657320283D25752920746F6F32
:100D9000206C617267652028257A75203E202575B4
:100DA00029004E6F20636F6E6E656374696F6E20ED
:100DB000666F722068616E646C65202575007061D5
:100DC000636B65747320636F756E74206D69736DEA
:100DD0006174636800756E6B6E6F776E005B305D7B
:100DE00000484349207472616E73706F72743A20C8
:100DF000257300534443004964656E746974792512
:100E0000733A202573004964656E746974795B25B3
:100E1000645D3A202573004843493A207665727331
:100E2000696F6E202573202830782530327829208C
:100E30007265766973696F6E203078253034782C4E
:100E4000206D616E756661637475726572203078AD
:100E500025303478004C4D503A2076657273696FB6
:100E60006E2025732028307825303278292073753C
:100E700062766572203078253034780050417752A0
:100E8000206164762073616D706C6500556E6162DF
:100E90006C6520746F2073656E6420746F206472BB
:100EA0006976657220286572722025642900556E66
:100EB000636C65617265642070656E64696E67203D
:100EC00073656E745F636D640073756363657373DC
:100ED0000009636F6D6D616E64206F70636F646590
:100EE000203078253034782074696D656F75740A08
:100EF00000657272203D3D20300009436F6E7472B0
:100F00006F6C6C657220756E726573706F6E73694D
:100F100076652C20636F6D6D616E64206F70636FFA
:100F20006465203078253034782074696D656F757C
:100F3000742077697468206572722025640A006FD6
:100F400070636F6465203078253034782073746165
:100F5000747573203078253032782025730046610F
:100F6000696C656420746F207265616420444C452F
:100F7000206D61782064617461206C656E00747806
:100F80005F6F63746574732065786365656473204F
:100F90007468652076616C69642072616E67652093
:100FA00025750074785F74696D6520657863656583
:100FB0006473207468652076616C69642072616E68
:100FC0006765202575004E6F6E2D4C45206361705E
:100FD00061626C6520636F6E74726F6C6C657220F9
:100FE000646574656374656421004E756D206F6679
:100FF00020436F6E74726F6C6C657227732041436F
:101000004C207061636B65747320213D2041434C1B
:101010002062745F636F6E6E5F747820636F6E74AE
:10102000657874732028257520213D2025752900B9
:10103000436F6E74726F6C6C657220646F657320A1
:101040006E6F7420737570706F727420274C455FDB
:10105000524541445F4D41585F4144565F444154BD
:10106000415F4C454E272E20417373756D696E6745
:10107000206D6178696D756D206C656E6774682090
:1010800069732033312062797465732E0041434CBB
:101090002042522F45445220627566666572732065
:1010A0006E6F7420696E697469616C697A65640039
:1010B00056656E646F722048434920657874656E8A
:1010C00073696F6E73206E6F7420617661696C61F5
:1010D000626C6500485720506C6174666F726D3A9F
:1010E000202573202830782530347829004857206F
:1010F00056617269616E743A202573202830782514
:1011000030347829004669726D776172653A20251E
:10111000732028307825303278292056657273691B
:101120006F6E2025752E2575204275696C6420250B
:1011300075004661696C656420746F207265616436
:1011400020737570706F727465642076656E646F5D
:101150007220636F6D6D616E6473004661696C65CA
:101160006420746F207265616420737570706F7293
:101170007465642076656E646F722066656174754F
:10118000726573004843492064726976657220690C
:1011900073206E6F7420726561647900425420522E
:1011A000582057510048434920647269766572207F
:1011B0006F70656E206661696C65642028256429FE
:1011C000004E6F2070656E64696E672063656E7493
:1011D00072616C20636F6E6E656374696F6E00433D
:1011E0006F6E6E656374696F6E206372656174699A
:1011F0006F6E2074696D656F7574207472696767AE
:1012000065726564004661696C656420746F207264
:1012100065737461727420696E69746961746F7248
:1012200000556E65787065637465642073746174CD
:10123000757320307825303278202573004E6F206A
:1012400070656E64696E6720636F6E6E20666F7284
:101250002070656572202573004661696C656420A5
:10126000746F2072656164205048592028256429D4
:10127000004661696C656420746F207265736574E3
:1012800020424C4520636F6E74726F6C6C65720007
:101290004843492064726976657220636C6F736598
:1012A000206661696C6564202825642900556E6597
:1012B0007870656374656420484F53545F4E554D94
:1012C0005F434F4D504C455445445F5041434B455F
:1012D00054532C2073746174757320307825303228
:1012E0007820257300010204010204312E306200CF
:1012F000312E3100312E3200322E3000322E3100AC
:10130000332E3000342E3000342E3100342E320093
:10131000352E3000352E3100352E3200352E33007B
:10132000352E3400362E3000362E3100362E320067
:101330005374616E6461726420426C7565746F6F82
:10134000746820636F6E74726F6C6C6572005665A2
:101350006E646F7220737065636966696320636F82
:101360006E74726F6C6C6572004669726D77617233
:1013700065206C6F616465720052657363756520EA
:10138000696D616765007265736572766564006E8C
:101390005246353178006E5246353278006E5246EC
:1013A000353378006E524635344878006E524635F3
:1013B000344C7800496E74656C20436F72706F72A4
:1013C0006174696F6E004E6F726469632053656D5E
:1013D00069636F6E647563746F72004E585020536A
:1013E000656D69636F6E647563746F7273006274A8
:1013F0005F6863695F636F726500636D6420646931
:1014000073616C6C6F776564004F6E6C79207261EC
:101410006E646F6D20737461746963206964656EB6
:101420007469747920616464726573732073757074
:10143000706F7274656400496E76616C69642069CE
:101440006E70757420706172616D65746572730081
:101450004661696C656420746F20726561642070F8
:1014600075626C69632061646472657373005265B0
:1014700061642053746174696320416464726573AC
:1014800073657320636F6D6D616E64206E6F742081
:10149000617661696C61626C65004661696C656466
:1014A00020746F20726561642073746174696320B5
:1014B000616464726573736573004E6F2073746149
:1014C00074696320616464726573736573207374F7
:1014D0006F72656420696E20636F6E74726F6C6CDE
:1014E00065720043616E27742073657420626F74A7
:1014F00068204944454E544954592026204E5250A4
:101500004100556E61626C6520746F2073657420B4
:101510006964656E7469747920616464726573735B
:1015200000556E61626C6520746F20736574207263
:10153000616E646F6D2061646472657373006274C0
:101540005F6964004661696C656420746F20737420
:1015500061727420616476657274697365720049A2
:101560006E76616C69642064617461207265717566
:1015700065737400556E6B6E6F776E20616476656F
:1015800072746973696E672068616E646C6520258A
:101590006400496E76616C696420726573706F6E69
:1015A0007365207265706F727400496E636F6D7041
:1015B0006C65746520726573706F6E7365207265FB
:1015C000706F72742072656365697665642C20643F
:1015D000697363617264696E6700496E76616C69F4
:1015E0006420646174612073746174757320256470
:1015F000004E6F2076616C696420616476006274CD
:101600005F61647600436F756C64206E6F74207345
:10161000746F7020746865206578706C6963697494
:10162000207363616E6E6572202825642900556EF3
:10163000657870656374656420656E64206F6620EC
:1016400062756666657200416476207265706F72BD
:101650007420636F72727570746564202877616E90
:101660007473202575206F7574206F662025752989
:1016700000526563656976656420616E20696E63FA
:101680006F6D706C657465206164766572746973E2
:10169000696E67207265706F7274207768696C6517
:1016A000207265617373656D626C696E6720616439
:1016B000766572746973696E67207265706F727493
:1016C000732066726F6D206120646966666572655D
:1016D0006E7420616476657274697365722E20542D
:1016E0006865206164766572746973696E672072DB
:1016F00065706F72742069732064697363617264CA
:10170000656420616E64206675747572652073630C
:10171000616E20726573756C7473206D61792062DF
:101720006520696E636F6D706C6574652E20496EFF
:101730007465726C656176696E67206F662066728B
:1017400061676D656E746564206164766572746945
:1017500073696E67207265706F7274732066726F42
:101760006D20646966666572656E74206164766575
:1017700072746973657273206973206E6F74207957
:10178000657420737570706F727465642E00030544
:1017900002000501050505050404030502000A46CB
:1017A00061696C656420726561642072656D6F7437
:1017B000652066656174757265732028256429004B
:1017C0004661696C656420746F2073657420646180
:1017D0007461206C656E202825642900556E65783B
:1017E000706563746564206669727374204C32435B
:1017F0004150206672616D6500556E657870656355
:10180000746564204C3243415020636F6E74696E7E
:10181000756174696F6E004E6F7420656E6F7567C9
:101820006820627566666572207370616365206604
:101830006F72204C32434150206461746100556ED8
:1018400065787065637465642041434C20666C6103
:1018500067732028307825303278290041434C20A6
:101860006C656E206D69736D6174636820282575E1
:10187000203E20257529006E6F207472616E736999
:1018800074696F6E202573004572726F72207768DD
:10189000696C652072656D6F76696E6720636F6E27
:1018A0006E20757365722066726F6D207363616E52
:1018B0006E6572202825642900496E76616C696422
:1018C0002028257529206F6C64207374617465006D
:1018D000636F6E6E202570206661696C656420748C
:1018E0006F2065737461626C6973682E20524620A4
:1018F0006E6F6973653F006E6F2076616C6964205E
:1019000028257529207374617465207761732073AD
:10191000657400696E636F6D70617469626C6520D7
:1019200068616E646C652025750054696D656F751E
:1019300074206469736361726465642E204E6F2045
:10194000626C6F636B696E6720696E207379737761
:10195000712E00466174616C206572726F7220286E
:101960002564292E20446973636F6E6E6563746904
:101970006E6720257000466F756E642076616C6915
:101980006420636F6E6E656374696F6E20282570C6
:1019900029207769746820616464726573732025F7
:1019A0007320696E20257320737461746520002A8A
:1019B000636F6E6E2073686F756C6420626520754E
:1019C0006E7265666572656E63656420616E642023
:1019D000696E697469616C697A656420746F204E00
:1019E000554C4C004E6F20627566666572732074AC
:1019F0006F2063616E63656C20636F6E6E656374E8
:101A0000696F6E2C207265747279696E6720696ED9
:101A1000203130206D730053656E64204C4520707A
:101A20006172616D20757064617465206661696CB6
:101A30006564202865727220256429000101010176
:101A4000010203646973636F6E6E6563746564009D
:101A5000646973636F6E6E6563742D636F6D706C14
:101A6000657465007363616E2D6265666F72652DC6
:101A7000696E6974696174696E6700696E69746919
:101A80006174696E672D66696C7465722D6C69731B
:101A900074006164762D636F6E6E65637461626C51
:101AA00065006164762D6469722D636F6E6E656387
:101AB0007461626C6500646973636F6E6E656374F4
:101AC000696E670062745F636F6E6E00556E61626F
:101AD0006C6520746F20616C6C6F6361746520624B
:101AE000756666657220666F72206F70203078258B
:101AF000303278004E6F20617661696C61626C658E
:101B0000204C3243415020636F6E746578742066B8
:101B10006F7220636F6E6E2025700045787065636C
:101B200074696E6720757020746F2025642072655B
:101B300066732C20676F7420256400616C72656188
:101B4000647920686176652076696577206F6E20FC
:101B50002570004C32434150206C656E67746820DC
:101B60006D69736D617463682028257520213D209F
:101B700025752900496E76616C6964206964656E1B
:101B8000742076616C756520696E204C324341503B
:101B90002050445500496E76616C6964204C4520A4
:101BA000636F6E6E20706172616D2072737020734E
:101BB000697A652028257520213D20257A75290020
:101BC000496E76616C6964204C4520636F6E6E20AF
:101BD00075706461746520706172616D20726571E9
:101BE0002073697A652028257520213D20257A7586
:101BF00029004E6F7420636F6E6E656374656400B8
:101C000052656A656374696E6720756E6B6E6F7777
:101C10006E204C324341502050445520636F646520
:101C20002030782530327800546F6F20736D616CEE
:101C30006C204C32434150207369676E616C696E51
:101C4000672050445500546F6F20736D616C6C2099
:101C50004C3243415020504455207265636569768B
:101C600065640049676E6F72696E672064617461B4
:101C700020666F7220756E6B6E6F776E2063686181
:101C80006E6E656C204944203078253034780063CE
:101C90006F6E6669670062745F6C326361700041E9
:101CA0005454206368616E6E656C206E6F7420639F
:101CB0006F6E6E6563746564004572726F72207337
:101CC00069676E696E6720646174610052616E209D
:101CD0006F7574206F662054582062756666657251
:101CE00073206F7220636F6E74657874732E005565
:101CF0006E61626C6520746F20637265617465202B
:101D00006572722072737020504455004154542003
:101D10004D54552065786365656465642C206D615C
:101D2000782025752C2077616E74656420257A757E
:101D300000556E61626C6520746F2063726561741A
:101D40006520636F6E6669726D2050445500556E54
:101D500061626C6520746F206372656174652072C6
:101D600073702050445500546F6F20736D616C6C1C
:101D7000204154542050445520726563656976654E
:101D80006400556E68616E646C6564204154542033
:101D9000636F64652030782530327800496E766153
:101DA0006C6964206C656E20257520666F722063F7
:101DB0006F64652030782530327800556E61626C32
:101DC0006520746F206372656174652055554944C0
:101DD0003A2073697A6520257500556E61626C65DD
:101DE00020746F2063726561746520555549443ACB
:101DF0002073697A65202564004E6F2061766169E1
:101E00006C61626C652041545420636F6E74657818
:101E10007420666F7220636F6E6E202570004E6FA7
:101E200020617661696C61626C6520415454206365
:101E300068616E6E656C20666F7220636F6E6E20D7
:101E4000257000556E61626C6520746F2066696E46
:101E50006420415454206368616E6E656C00476F66
:101E600074206572722025642C206E6F742063616B
:101E70006C6C696E6720415454206362004E6F2081
:101E8000415454206368616E6E656C20666F7220E9
:101E90004D545520257A75004E6F2070656E64692B
:101EA0006E672041545420726571756573740044E7
:101EB0006973636F6E6E656374696E6720666169CE
:101EC0006C65642028657272202564290041545491
:101ED0002054696D656F757420666F722064657635
:101EE0006963652025732E20446973636F6E6E6588
:101EF0006374696E672E2E2E0062745F61747400C5
:101F0000434D414320757064617465206661696C5E
:101F10006564202564004E6F2073706163652074D2
:101F20006F2073746F7265204343432063666700BC
:101F3000756E61626C6520746F20736176652053E5
:101F4000433A206E6F20636667206C656674004EAE
:101F50006F20737061636520746F2073746F726596
:101F600020436C69656E7420537570706F72746570
:101F70006420466561747572657300556E61626CAC
:101F80006520746F20696D706F72742074686520AD
:101F90006B657920666F722041455320434D414364
:101FA00020256400434D4143206F70657261746960
:101FB0006F6E20696E6974206661696C65642025A6
:101FC0006400434D41432066696E69736820666111
:101FD000696C65642025640052656164206D6574D8
:101FE000686F64206E6F7420736574004661696C5D
:101FF000656420746F207265616420617474726915
:1020000062757465202570202865727220257A64B7
:102010002900496E76616C69642072656164206C88
:10202000656E6774683A20257A640043434320252F
:1020300070206E6F74207772697461626C650053F2
:102040004320726573746F726520696E64696361A1
:1020500074696F6E206661696C656400556E6B6EA5
:102060006F776E2055554944207479706520257529
:102070000050617273652065727200496E76616C02
:1020800069642064617461206C656E202575005060
:1020900061727365206572722064617400506172B0
:1020A000736520657272206365700050617273659C
:1020B00020657272206363630050617273652065EE
:1020C000727220736363005061727365206572726F
:1020D0002063706600496E76616C696420666F7279
:1020E0006D61742025750042616420706565723AE7
:1020F0002041545420726561642D62792D75756993
:1021000064207273703A20696E76616C6964204154
:1021100054545220504455206C656E20257500495A
:102120006E76616C69642068616E646C6500426102
:102130006420706565723A20415454207265616470
:102140002D62792D75756964207273703A2048612B
:102150006E646C6520307825303478206973206F88
:1021600075747369646520726571756573746564EF
:102170002072616E6765203078253034782D307894
:10218000253034782E2041626F7274696E67207238
:102190006561642E00496E636F7272656374206CB2
:1021A000656E6774682C2063616E63656C696E6729
:1021B00020777269746500496E636F72726563742B
:1021C000206F6666736574206F722064617461208D
:1021D000696E20726573706F6E73652C2063616E1B
:1021E00063656C696E672077726974650046616922
:1021F0006C656420746F20756E73756273637269A9
:10220000626520286572722025642900496E766116
:102210006C69642064617461206C656E2025752092
:102220003E2025750062745F67617474004E6F20F4
:10223000617661696C61626C6520534D5020636FFB
:102240006E7465787420666F7220636F6E6E2025E1
:10225000700062745F736D700000070E091C1B1222
:1022600015383F363124232A2D6D6375626F6F74E4
:102270005F6466750063616368655F6E72667800AF
:10228000636C6F636B40313065303030006866637B
:102290006C6B006C66636C6B00636C6F636B5F638D
:1022A0006F6E74726F6C001B5B73001B5B75001BA1
:1022B0005B257544001B5B25754300496E7375668D
:1022C00066696369656E7420627566666572732CF3
:1022D00020667261676D656E742064726F707065E0
:1022E00064004C696E6520746F6F206C6F6E672C94
:1022F00020667261676D656E742064726F707065C0
:102300006400756172745F6D63756D6772007073E0
:10231000612D726E67007272616D2D636F6E7472E3
:102320006F6C6C657240353030346230303000662E
:102330006C6173685F6E72665F7272616D00577276
:102340006974652D70726F746563742070696E2096
:102350006E6F742072656164790057726974652DBF
:1023600070726F746563742070696E206661696C49
:10237000656420746F207365742061637469766589
:1023800000486F6C642070696E206E6F74207265F7
:1023900061647900486F6C642070696E20666169C1
:1023A0006C656420746F2073657420696E6163745A
:1023B0006976650052657365742070696E206E6F72
:1023C0007420726561647900436F756C646E277464
:1023D00020636F6E666967757265207265736574D8
:1023E0002070696E004661696C656420746F2065B9
:1023F0007869742044504420282564290057616975
:1024000074696E6720756E74696C20666C617368A0
:10241000206973207265616479004661696C656446
:1024200020746F207761697420756E74696C206602
:102430006C61736820697320726561647920282556
:102440006429004A4544454320494420726561643B
:10245000206661696C65643A20256400446576698C
:102460006365206964202530327820253032782059
:102470002530327820646F6573206E6F74206D6133
:1024800074636820636F6E66696720253032782038
:1024900025303278202530327800425020636C6538
:1024A0006172206661696C65643A2025640A005592
:1024B0006E61626C6520746F20656E746572203485
:1024C0002D62797465206D6F64653A2025640A0079
:1024D0004C4954544C4546535F464C415348006D5B
:1024E0007832357236343335664030007370695F48
:1024F0006E6F7200D810200C000000006770696FCA
:1025000040313061303030006770696F406438327C
:102510003030006770696F40353034303000000172
:102520000405020608090F756172744031303430B9
:10253000303000756172744063373030300075613F
:1025400072745F6E7266785F756172746500466161
:10255000696C656420746F20616C6C6F6361746575
:10256000204750494F5445206368616E6E656C206A
:10257000666F722057414B45004661696C65642067
:10258000746F20636F6E6669677572652057414B83
:10259000452070696E004353204750494F20706FAB
:1025A00072742025732070696E2025642069732061
:1025B0006E6F742072656164790055706461746532
:1025C00020657863656564732063757272656E74E7
:1025D000206275666665720048616C662D64757070
:1025E0006C6578206E6F7420737570706F7274658F
:1025F0006400536C617665206D6F6465206973209B
:102600006E6F7420737570706F72746564206F6E76
:10261000202573004C6F6F706261636B206D6F6477
:1026200065206973206E6F7420737570706F72749B
:10263000656400576F72642073697A6573206F74E4
:10264000686572207468616E203820626974732036
:10265000617265206E6F7420737570706F7274652F
:1026600064004672657175656E63696573206C6F91
:10267000776572207468616E20313235206B487A3C
:1026800020617265206E6F7420737570706F727444
:102690006564004661696C656420746F20696E69C9
:1026A0007469616C697A65206E72667820647269FB
:1026B0007665723A2025640057616974696E6720F7
:1026C000666F722057414B452061636B6E6F776C6C
:1026D0006564676D656E742074696D6564206F75DF
:1026E000740054696D656F75742077616974696EE3
:1026F0006720666F72207472616E73666572206304
:102700006F6D706C65746500737069403461303052
:1027100030007370695F6E7266785F7370696D0008
:10272000526573657474696E672073797374656D2F
:1027300000666174616C5F6572726F7200536F66E0
:102740007444657669636520436F6E74726F6C6C58
:102750006572204153534552543A2025732C20254D
:102760006400536F667444657669636520436F6ED9
:1027700074726F6C6C6572206275696C642072652E
:10278000766973696F6E3A2000456E74726F707966
:1027900020736F7572636520646576696365206E6A
:1027A0006F74207265616479004661696C656420AC
:1027B000746F2072656769737465722072616E64EC
:1027C00020736F75726365202825642900416C6C45
:1027D0006F6361746564206D656D6F727920746FCD
:1027E0006F206C6F773A20257A75203C2025750084
:1027F0004576656E742062756666657220746F6FCB
:1028000020736D616C6C2E20257A75203E20257515
:1028100000556E6578706563746564206D73675FDD
:10282000747970653A2025752E2054686973206983
:10283000662D656C7365206E656564732061206E1E
:102840006577206272616E636800556E6B6E6F779C
:102850006E206572726F72207768656E2070726F7D
:1028600063657373696E6720686369206D65737350
:102870006167652025640062745F6863695F7364E3
:10288000630062745F7364635F6863695F64726945
:102890007665720062745F7364635F6372797074EB
:1028A0006F004D50534C204153534552543A20250C
:1028B000732C202564004D50534C20576F726B00D1
:1028C0006D70736C5F696E697400556E73757070AE
:1028D0006F72746564204846434C4B206576656E84
:1028E000743A202564006E7266785F636C6F636B68
:1028F0005F6D70736C006D70736C5F74696D657380
:102900006C6F745F73657373696F6E5F6F70656E04
:10291000206661696C65643A20256400666C6173A9
:10292000685F73796E635F6D70736C007065726D54
:102930000074657374004255473B2063616E2774D1
:102940002068617070656E00726576657274005300
:1029500065636F6E6461727920696D616765206F70
:102960006620696D61676520706169722028256441
:102970002E2920697320756E726561636861626CCF
:10298000652E20547265617420697420617320651E
:102990006D70747900496D61676520696E64657852
:1029A0003A2025642C205377617020747970653A41
:1029B00020257300496D61676520696E6465783A0A
:1029C0002025642C205377617020747970653A203B
:1029D0006E6F6E6500040104030402040104010427
:1029E000030104030401046D6375626F6F745F7506
:1029F00074696C0000071823232323232323232334
:102A00002323232300010273747265616D206675B0
:102A10006C6C00696F206572726F7200696E76610E
:102A20006C696420646174615F73697A6500696EC2
:102A300076616C6964206669656C64207479706580
:102A4000007375626D73672073697A6520636861CE
:102A50006E6765640062797465732073697A6520B6
:102A60006578636565646564007A65726F2D6C6571
:102A70006E67746820737472696E6700756E746532
:102A8000726D696E6174656420737472696E67003B
:102A9000696E76616C6964206669656C6420646542
:102AA0007363726970746F72006D697373696E67B6
:102AB000207265717569726564206669656C640071
:102AC00063616C6C6261636B206572726F7200612E
:102AD00072726179206D61782073697A65206578FA
:102AE00063656564656400286E6F6E652900696EB4
:102AF00076616C696420657874656E73696F6E00C9
:102B0000656E642D6F662D73747265616D00696EFC
:102B100076616C69642073697A650073697A6520EF
:102B2000746F6F206C61726765007265616C6C6FA9
:102B300063206661696C656400766172696E7420F9
:102B40006F766572666C6F7700696E76616C69642A
:102B500020776972655F7479706500706172656E67
:102B6000742073747265616D20746F6F2073686F69
:102B700072740077726F6E6720776972652074795E
:102B8000706500696E746567657220746F6F206C84
:102B900061726765006279746573206F766572662D
:102BA0006C6F7700737472696E67206F76657266FA
:102BB0006C6F7700696E636F72726563742066690B
:102BC000786564206C656E677468206279746573DB
:102BD0002073697A6500696E76616C696420756E30
:102BE000696F6E20746167006172726179206F761F
:102BF0006572666C6F77006661696C656420746FDE
:102C0000207365742064656661756C747300746FFD
:102C10006F206D616E7920617272617920656E74CA
:102C2000726965730063616C6C6261636B206661DD
:102C3000696C6564007A65726F20746167007772F1
:102C40006F6E672073697A6520666F722066697897
:102C5000656420636F756E74206669656C6400013D
:102C6000020203030303556E6B6E6F776E2065726D
:102C7000726F72003E3E3E205A45504859522046DF
:102C80004154414C204552524F522025643A202550
:102C900073206F6E20435055202564004661756C8B
:102CA0007420647572696E6720696E7465727275DE
:102CB00070742068616E646C696E670A0043757297
:102CC00072656E74207468726561643A20257020A4
:102CD0002825732900435055206578636570746911
:102CE0006F6E00556E68616E646C656420696E7409
:102CF00065727275707400537461636B206F7665D2
:102D000072666C6F77004B65726E656C206F6F70CA
:102D100073004B65726E656C2070616E696300694B
:102D2000646C65006D61696E006F73007379737711
:102D30006F726B7100141400001C2030401C2000C6
:102D4000001C203040004063726163656E00141403
:102D500000001C2030401C2000001C20304000409F
:102D600001030282BACAD07D8D3C96B07010273B19
:102D70006D906A0473904F00FFFFFFFF1F00FFC1BB
:102D8000FBE84C90728BE7B3518963AB232300645B
:102D90007261676F6F6E2F6C6962732F7363686502
:102DA000642F7372632F73636865645F68616C5F1F
:102DB00074696D65725F677274632E630053756327
:102DC00063657373004E6F74206F776E6572004E8B
:102DD0006F20737563682066696C65206F7220646C
:102DE00069726563746F7279004E6F2073756368E2
:102DF0002070726F6365737300496E7465727275CB
:102E0000707465642073797374656D2063616C6C94
:102E100000492F4F206572726F72004E6F207375DC
:102E2000636820646576696365206F7220616464FD
:102E30007265737300417267206C69737420746FDC
:102E40006F206C6F6E67004578656320666F726DEA
:102E50006174206572726F7200536F636B657420CA
:102E6000616C726561647920636F6E6E6563746511
:102E700064004261642066696C65206E756D6265F0
:102E800072004E6F206368696C6472656E00446501
:102E90007374696E6174696F6E20616464726573C6
:102EA00073207265717569726564004E6F206D6F75
:102EB00072652070726F636573736573004E6F7413
:102EC00020656E6F7567682073706163650050657B
:102ED000726D697373696F6E2064656E69656400F5
:102EE000426164206164647265737300426C6F6355
:102EF0006B206465766963652072657175697265BA
:102F00006400446576696365206F72207265736F33
:102F10007572636520627573790046696C6520651A
:102F200078697374730043726F73732D6465766987
:102F30006365206C696E6B004E6F2073756368204B
:102F4000646576696365004E6F7420612064697200
:102F50006563746F727900486F73742069732064BD
:102F60006F776E00436F6E6E656374696F6E20617C
:102F70006C726561647920696E2070726F6772652A
:102F800073730049732061206469726563746F72A2
:102F90007900496E76616C696420617267756D6550
:102FA0006E74004E6574776F726B20696E74657213
:102FB00066616365206973206E6F7420636F6E664F
:102FC00069677572656400436F6E6E656374696FDF
:102FD0006E2061626F72746564206279206E657420
:102FE000776F726B00546F6F206D616E79206F7018
:102FF000656E2066696C657320696E2073797374E1
:10300000656D0046696C65206465736372697074F0
:103010006F722076616C756520746F6F206C6172C1
:103020006765004E6F74206120636861726163742C
:1030300065722064657669636500546578742066FE
:10304000696C6520627573790046696C6520746FE0
:103050006F206C6172676500486F7374206973201C
:10306000756E726561636861626C65004E6F207396
:1030700070616365206C656674206F6E2064657690
:10308000696365004E6F7420737570706F7274653C
:103090006400496C6C6567616C207365656B0052F8
:1030A0006561642D6F6E6C792066696C652073793B
:1030B0007374656D00546F6F206D616E79206C695B
:1030C0006E6B730042726F6B656E20706970650085
:1030D0004D617468656D61746963732061726775B1
:1030E0006D656E74206F7574206F6620646F6D61FE
:1030F000696E206F662066756E6374696F6E00522C
:103100006573756C7420746F6F206C6172676500F5
:103110004E6F206D657373616765206F662064650F
:1031200073697265642074797065004964656E74B2
:1031300069666965722072656D6F76656400496CB9
:103140006C6567616C206279746520736571756563
:103150006E636500446561646C6F636B004E6574FB
:10316000776F726B20697320756E72656163686139
:10317000626C65004E6F206C6F636B004E6F742045
:10318000612073747265616D0053747265616D20A6
:10319000696F63746C2074696D656F7574004E6F30
:1031A0002073747265616D207265736F75726365EB
:1031B00073004D616368696E65206973206E6F747A
:1031C000206F6E20746865206E6574776F726B0077
:1031D0004E6F207061636B616765005265736F7538
:1031E0007263652069732072656D6F74650056693E
:1031F000727475616C206369726375697420697398
:1032000020676F6E6500416476657274697365202E
:103210006572726F720053726D6F756E7420657295
:10322000726F7200436F6D6D756E69636174696F63
:103230006E206572726F720050726F746F636F6C84
:10324000206572726F7200556E6B6E6F776E2070B4
:10325000726F746F636F6C004D756C7469686F701A
:1032600020617474656D7074656400426164206DE2
:103270006573736167650043616E6E6F742061638F
:10328000636573732061206E65656465642073688F
:1032900061726564206C6962726172790041636376
:1032A000657373696E67206120636F7272757074E5
:1032B000656420736861726564206C696272617212
:1032C00079002E6C69622073656374696F6E206982
:1032D0006E20612E6F757420636F727275707465E5
:1032E0006400417474656D7074696E6720746F203A
:1032F0006C696E6B20696E206D6F726520736861FA
:10330000726564206C6962726172696573207468A9
:10331000616E2073797374656D206C696D697400DA
:1033200043616E6E6F7420657865632061207368F9
:1033300061726564206C696272617279206469727D
:103340006563746C790046756E6374696F6E206E88
:103350006F7420696D706C656D656E746564004492
:1033600069726563746F7279206E6F7420656D7019
:1033700074790046696C65206F72207061746820F2
:103380006E616D6520746F6F206C6F6E6700546F97
:103390006F206D616E792073796D626F6C69632047
:1033A0006C696E6B73004E6F206275666665722085
:1033B000737061636520617661696C61626C650040
:1033C0004E6F2064617461004164647265737320A0
:1033D00066616D696C79206E6F7420737570706FA3
:1033E000727465642062792070726F746F636F6CA1
:1033F0002066616D696C790050726F746F636F6CD9
:103400002077726F6E67207479706520666F722006
:10341000736F636B657400536F636B6574206F70BB
:1034200065726174696F6E206F6E206E6F6E2D73A2
:103430006F636B65740050726F746F636F6C206E96
:103440006F7420617661696C61626C650043616EC6
:1034500027742073656E6420616674657220736FD3
:10346000636B65742073687574646F776E00436F67
:103470006E6E656374696F6E2072656675736564E0
:1034800000436F6E6E656374696F6E20726573655D
:10349000742062792070656572004164647265739E
:1034A0007320616C726561647920696E2075736543
:1034B0000041646472657373206E6F74206176617D
:1034C000696C61626C6500536F6674776172652028
:1034D00063617573656420636F6E6E656374696F95
:1034E0006E2061626F727400536F636B6574206944
:1034F00073206E6F7420636F6E6E65637465640015
:10350000536F636B65742074797065206E6F7420DF
:10351000737570706F7274656400536F636B65745C
:1035200020697320616C726561647920636F6E6ECF
:103530006563746564004F7065726174696F6E20B5
:1035400063616E63656C6564005374617465206EBD
:103550006F74207265636F76657261626C6500508E
:10356000726576696F7573206F776E657220646916
:1035700065640053747265616D73207069706520B5
:103580006572726F72004F7065726174696F6E2040
:103590006E6F7420737570706F72746564206F6ED7
:1035A00020736F636B65740056616C756520746F72
:1035B0006F206C6172676520666F72206465666952
:1035C0006E656420646174612074797065004D6576
:1035D000737361676520746F6F206C6F6E67004353
:1035E0006F6E6E656374696F6E2074696D656420BB
:1035F0006F757400286E756C6C29002A666C6F619B
:10360000742A006364696E6F70737578585B00008C
:10361000FFFFFFFFFF1F00001F0000000000000071
:103620007FFE0000E40700001D40000000000000D5
:103630000000000000000000FFFFFFFF1FFF1B0055
:10364000BAABBABA10101010A0354D00FF00000040
:10365000C4090000010000000000000000500850F4
:1036600000000000000000000C00000000FF7F00D0
:1036700000000000AAAAAAAA55555555000000004E
:10368000000000000000000000000000000000003A
:1036900000000000511401003917010099160100C3
:1036A00005510200B510010061250100011801005B
:1036B000491801007350020061500200535002008B
:1036C000F11401009D180100FD230100F10F01001C
:1036D000C5140100552D010099150100E34E0200AB
:1036E000552301003D230100E34E0200E34E02009A
:1036F0003D28010075280100E9160100DD280100C0
:10370000E120010019120100BD500200B750020073
:10371000E11301007D250100A55002009750020031
:103720008950020089500200E5230100495002003F
:103730006D230100D4000020E4000020FC000020E4
:1037400030010020480100200000000000000000BF
:103750000000000000000000000000000000000069
:103760000000000000000000000000000000000059
:103770000000000000000000000000000000000049
:103780000000000000000000000000000000000039
:103790009D68010000000000C172020000000000EE
:1037A00099730200000000009D73020000000000F9
:1037B0000973020000000000D5680100000000004D
:1037C0002173020000000000E96801000000000011
:1037D0005D73020000000000000000000000000017
:1037E00000000000000000000000000000000000D9
:1037F00000000000000000000000000000000000C9
:1038000000000000000000000000000000000000B8
:1038100000000000000000000000000000000000A8
:103820000000000000000000000000000000000098
:103830000000000000000000000000000000000088
:103840000000000000000000000000000000000078
:103850000000000000000000000000000000000068
:103860000000000000000000000000000000000058
:103870000000000000000000000000000000000048
:103880000000000000000000000000000000000038
:103890000000000000000000000000000000000028
:1038A0000000000000000000000000000000000018
:1038B0000000000000000000000000000000000008
:1038C00000000000000000000000000000000000F8
:1038D00000000000000000000000000000000000E8
:1038E00000000000000000000000000000000000D8
:1038F00000000000000000000000000000000000C8
:1039000000000000000000000000000000000000B7
:1039100000000000000000000000000000000000A7
:103920000000000000000000000000000000000097
:103930000000000000000000000000000000000087
:103940000000000000000000000000000000000077
:103950000000000000000000000000000000000067
:103960000000000000000000000000000000000057
:103970000000000000000000000000000000000047
:103980000000000000000000000000000000000037
:103990000000000000000000000000000000000027
:1039A0000000000000000000000000000000000017
:1039B0000000000000000000000000000000000007
:1039C00000000000000000000000000000000000F7
:1039D00000000000000000000000000000000000E7
:1039E00000000000000000000000000000000000D7
:1039F00000000000000000000000000000000000C7
:103A000000000000000000000000000000000000B6
:103A100000000000000000000000000000000000A6
:103A20000000000000000000000000000000000096
:103A30000000000000000000000000000000000086
:103A40000000000000000000000000000000000076
:103A50000000000000000000000000000000000066
:103A60000000000000000000000000000000000056
:103A70000000000000000000000000000000000046
:103A80000000000000000000000000000000000036
:103A90000000000000000000000000000000000026
:103AA0000000000000000000000000000000000016
:103AB0000000000000000000000000000000000006
:103AC00000000000000000000000000000000000F6
:103AD00000000000000000000000000000000000E6
:103AE00000000000000000000000000000000000D6
:103AF00000000000000000000000000000000000C6
:103B000000000000000000000000000000000000B5
:103B100000000000000000000000000000000000A5
:103B20000000000000000000000000000000000095
:103B30000000000000000000000000000000000085
:103B40000000000000000000000000000000000075
:103B50000000000000000000000000000000000065
:103B60000000000000000000000000000000000055
:103B70000000000000000000000000000000000045
:103B80000000000000000000000000000000000035
:103B90000000000000000000000000000000000025
:103BA0000000000000000000000000000000000015
:103BB0000000000000000000000000000000000005
:103BC00000000000000000000000000000000000F5
:103BD00000000000000000000000000000000000E5
:103BE00000000000000000000000000000000000D5
:103BF00000000000000000000000000000000000C5
:103C000000000000000000000000000000000000B4
:103C1000000000000000000000000000500600202E
:103C200025A302002BA302002DA3020053A3020030
:103C300031A302005DA3020037A3020067A30200C4
:103C40003DA3020073A3020049A302004DA302009A
:103C50003FA3020045A3020063A302006DA302007C
:103C60009806002001FF000027A8020033A80200E8
:103C700037A802003FA8020043A802000101010387
:103C800000001E001E0200000000000000000200F4
:103C90007C007E00E0010300000000000000000046
:103CA000000000000F5504000000000000010000AB
:103CB0000000000000000000000000000000000004
:103CC00000000000000000000000000000000000F4
:103CD0000000000045180300000000000001000083
:103CE00000000000000000000000000000000000D4
:103CF00000000000000000000000000000000000C4
:103D000000000000000000000000000000000000B3
:103D100000000000000000000000000000000000A3
:103D20000000000000000000000000000000000093
:103D30000000000000000000000000000000000083
:103D40000000000000000000000000000000000073
:103D50000000000000000000000000000000000063
:103D60000000000000000000000000000000000053
:103D70000000000000000000000000008D3403007F
:103D80000000000000000000000000000000000033
:103D90000000000000000000000000000000000023
:103DA0000000000000000000000000000000000013
:103DB0000000000000000000000000000000000003
:103DC00000000000000000000000000000000000F3
:103DD00000000000000000000000000000000000E3
:103DE00000000000000000000000000000000000D3
:103DF00000000000000000000000000000000000C3
:103E000000000000000000000000000000000000B2
:103E100000000000000000000000000000000000A2
:103E200000000000D0B804000000000001C303003F
:103E30000000000000010000000000000000000081
:103E40000000000000000000000000000000000072
:103E500000000000000000000000000067000000FB
:103E60000000000000000000000000000000000052
:103E70000000000000000000000000000000000042
:103E80000000000000000000000000000000000032
:103E90000000000000000000000000000000000022
:103EA0000000000000000000000000000000000012
:103EB0000000000000000000000000000000000002
:103EC00000000000000000000000000000000000F2
:103ED00000000000000000000000000000000000E2
:103EE0000000000000000000000000006000600012
:103EF0000000000000000000D33F04007D4B0400E0
:103F0000D0CC04000000000008CD04000000000038
:103F1000FD50040000000000000000004C090020DB
:103F20004C09002000000000000000000E0000000E
:103F300000C0105000000000000000000000000061
:103F40000000000000000000000000000000000071
:103F50000000000000000000000000000000000061
:103F60000000000000000000000000000000000051
:103F70000000000000000000000000000000000041
:103F80000000000000000000000000000000000031
:103F90000000000000000000000000000000000021
:103FA000000000000001000000A00D500000000013
:103FB0000000000000000000000000000000000001
:103FC00000000000000000000000000000000000F1
:103FD00000000000000000000000000000000000E1
:103FE00000000000000000000000000000000000D1
:103FF00000000000000000000000000000000000C1
:1040000000000000000000000000000000000000B0
:1040100000000000000000000000000000000000A0
:1040200000000000ECCD040006000100BD0E0300FE
:10403000000000001CCE040006000000EF54040045
:104040000000000019180300010002000000000039
:10405000351903000000000000000000000000000F
:104060000B5A0400000000000000000000000000E7
:10407000B52503000000000000000000427E012082
:104080000000E500427E0120000000001D5A0300F0
:1040900000000000000000000000000015550300B3
:1040A0000000000000000000D80A0020D80A00200C
:1040B00000000000000000007D6C0300B57A0300E2
:1040C000000000000000000000000000356F030049
:1040D0001F670400DD6704002D6B03000000000073
:1040E000A0D5040000000200ACD5040000000A00C6
:1040F000BCD504000000200000000000000000000B
:1041000000000000000000000000000000000000AF
:10411000000000000000000000000000000000009F
:10412000000000000000000000000000000000008F
:10413000000000000000000000000000000000007F
:10414000000000000000000000000000000000006F
:10415000000000000000000000000000000000005F
:10416000000000000000000000000000000000004F
:10417000000000000000000000000000000000003F
:10418000000000000000000000000000000000002F
:10419000000000000000000000000000000000001F
:1041A000000000000000000000000000000000000F
:1041B00000000000000000000000000000000000FF
:1041C000000000000000000051700400000000002A
:1041D000D0D5040000000200DCD50400000002007D
:1041E0001C0C002000000000000000000000000087
:1041F000000000002E7F01202000000000000000D1
:104200003C0C002000000000000000000000000046
:1042100000000000507F012020000000000000008E
:1042200000A004500000000000000000000000009A
:10423000000000000000000000000000000000007E
:10424000000000000000000000000000000000006E
:10425000CCD4040001000000880C0020880C002051
:104260000000000001000000980C0020980C0020C5
:10427000A00C0020A00C00200000000001000000A5
:10428000B00C0020B00C0020000000000000000076
:10429000000000000000000000000000000000001E
:1042A00000000000000000000000000010B9040041
:1042B0000000000000000000787F0120707F0120D6
:1042C000B9B2030000000000FF0000000090D0031E
:1042D000FF0000000F000000710200000C0D002024
:1042E0000C0D002093A504008FA5040083B40400E6
:1042F00067742000C40E0020000F0020D80E00209C
:10430000A81000209C100020EC0E002005B3040033
:1043100009B3040015B30400100010000500E80301
:104320005B2B5D6A6F696E2C3939393900000000EA
:10433000000000000000000000000000000000007D
:10434000000000000000000000000000000000006D
:10435000000000000000000000000000000000005D
:10436000000000000000000000000000000000004D
:10437000000000000000000000000000000000003D
:10438000000000000000000000000000000000002D
:10439000000000000000000000000000000000001D
:1043A00002F1DEBC9A7856341278563412785634BC
:1043B00012010000000000000000000000000000EA
:1043C00000000000000000000000000000000000ED
:1043D00000000000000000000000000000000000DD
:1043E00000000000000000000000000000000000CD
:1043F00000000000000000000000000000000000BD
:1044000000000000000000000000000000000000AC
:10441000400E0020400E0020E0E5022000000000D9
:10442000140000002C000000000000005C0E0020C2
:104430005C0E0020C00F02200000000014000000ED
:10444000B000000000000000780E0020780E002070
:1044500050E90220000000000E00000010000000E3
:1044600000000000940E0020940E002030EA02208C
:1044700000000000020000008800000000000000B2
:1044800000000000C05202200010000000000000E8
:1044900000000000C40E0020C40E00200000000038
:1044A000000000000E000000D80E0020D80E0020F2
:1044B00000000000000000000E000000EC0E0020D4
:1044C000EC0E002000000000000000000E000000C4
:1044D000000F0020000F002000000000000000007E
:1044E0000E000000140F0020140F00200000000038
:1044F000000000000E000000280F0020280F002000
:1045000000000000000000000E0000003C0F002032
:104510003C0F002000000000000000000E00000022
:10452000500F0020500F002000000000000000008D
:104530000E000000640F0020640F0020080000003F
:104540001400000060640220006502206064022004
:104550006064022000000000880F0020880F002007
:1045600000000000940F0020940F00200D000000B8
:1045700020000000C062022060640220C0620220AD
:10458000C062022000000000B80F0020B80F002019
:1045900000000000C40F0020C40F00200C00000029
:1045A0001000000000650220C065022000650220A6
:1045B0000065022000000000E80F0020E80F002046
:1045C00000000000F40F0020F40F002000000000A5
:1045D0000100000004100020041000200C10002036
:1045E0000C10002000000000FFFFFFFF1C10002047
:1045F0001C100020241000202410002000000000C7
:104600000100000034100020341000203C10002075
:104610003C10002000000000010000004C100020B1
:104620004C10002054100020541000200000000006
:104630000100000064100020641000206C100020B5
:104640006C10002000000000010000007C10002021
:104650007C10002084100020841000200000000046
:104660000100000094100020941000209C100020F5
:104670009C10002000000000A8100020A8100020BE
:10468000000000000000000000000000BC1000203E
:10469000BC100020C4100020C41000200000000046
:1046A00000000000D4100020D4100020DC100020F6
:1046B000DC1000200000000000000000EC100020D2
:1046C000EC100020F4100020F41000200000000086
:1046D0000000000004110020041100200C11002033
:1046E0000C11002000000000000000001C11002040
:1046F0001C11002024110020241100200E000E00A7
:10470000100000000000000004D004002CD30220A0
:1047100000000000000000004811002048110020A7
:1047200050110020501100200E000E00100000005B
:104730002178030020D10400B0E302200000000033
:104740000000000074110020741100207C11002072
:104750007C1100200F000F0000000000000000008E
:1047600080CE040018BD0220000000000000000000
:10477000A0110020A0110020A8110020A8110020E5
:10478000140014001000000031540300F0CF0400A6
:10479000D4C102200000000000000000CC11002065
:1047A000CC110020D4110020D411002002000200FE
:1047B0000000000000000000B8CF0400A4C10220E7
:1047C0000000000000000000F8110020F811002097
:1047D0000012002000120020250025000400000027
:1047E000A51E03006CCE040078B502200000000076
:1047F0000000000024120020241200202C120020AF
:104800002C1200200400040004000000000000003E
:104810004CCE0400C06B022000000000000000002D
:104820005012002050120020581200205812002070
:1048300001000100000000000000000094CE040010
:1048400084BF022015E015E00769D0001200400087
:104850009A4D86BE9A7CD8C11A99ABB14ED5C1BCCF
:10486000FAFA13862D8325C326C6B17EFA601FFA95
:10487000688714531186E29579C93D6E955366D2C7
:1048800080E6D413B40C771D31C19C0950CCCC8385
:1048900001004000E3E129B49F1218E18E4614ACF8
:1048A000B2523389C75852EBB98B4D2C6171A2FCBF
:1048B00065706BA3D1DDF85F52E71450C3E572E673
:1048C00024695FAFD41CE4D9354D6C2B19F7D600A1
:1048D0001A6AE8B0240040006B6CFD00FA932C1AB1
:1048E000682B368E395AFDA56833E0F6D263456DE4
:1048F00059FFF74762FB4C0F43B28CCC70D6A2D461
:104900001A40E66B98F4C2EEFFB8DF525348B46920
:08491000B2BF85BFAC6DEC05E0
:00000001FF
